[
  {
    "original_filename": "0003_getting_started",
    "header_text": "Getting Started with the Revit API",
    "local_header_href": "#getting-started-with-the-revit-api",
    "chunk_text": "<h3>Getting Started with the Revit API</h3><p>A good overview over the basic resources available for getting started with the Revit API, or Application Programming Interface, is given on the Revit Developer Center page at</p><p><a href=\"http://usa.autodesk.com/adsk/servlet/index?siteID=123112&amp;id=2484975\">http://usa.autodesk.com/adsk/servlet/index?siteID=123112&amp;id=2484975</a></p><p>You can also easily find this page by searching for the keywords \"revit devtv\". The DevTV Introduction to Revit Programming is a self-paced video tutorial demonstrating how to get started developing with Revit. This page points to the public Revit API discussion group and the possibility to join ADN, as well as providing links for downloading the SDK or Software Developers Kit, which is also included in every Revit product installation.</p><p>Happily, absolutely everything you need to get started with the Revit API is included with the basic Revit product. If you want to write a professional application, you will additionally need a .NET development environment. However, for exploring the API and creating macros, the built-in VSTA or Visual Studio Tools for Applications editor can be used.</p><p>The DevTV recording is based on Revit 2008. The principles remain the same in Revit 2009, except that element access has been tremendously speeded up by the implementation of filtered access.</p><p>There is a recording available of a Revit 2009 API webcast that we held in May 2008. It covers more or less the same material as the DevTV recording, and additionally discusses the filtering features added in the 2009 API. This recording is available to ADN members only, at </p><p><a href=\"http://adn.autodesk.com/adn/servlet/item?siteID=4814862&amp;id=11272567&amp;linkID=4901650\">http://adn.autodesk.com/adn/servlet/item?siteID=4814862&amp;id=11272567&amp;linkID=4901650</a></p><p>This link also includes the materials presented, i.e. the presentation itself and the source code of the individual sample commands or labs.</p>"
  },
  {
    "original_filename": "0003_getting_started",
    "header_text": "Getting Started with the Revit API",
    "local_header_href": "#getting-started-with-the-revit-api",
    "chunk_text": "<h3>Getting Started with the Revit API</h3><p>The \n\n<a href=\"http://www.autodesk.com/developer\">Autodesk Developer Center</a>\n\nincludes a good \n\n<a href=\"http://www.autodesk.com/developrevit\">overview over the basic resources</a>\n\navailable for getting started with the Revit API, or Application Programming Interface.\n\n<p>You will also find this page by searching for the keywords \"revit devtv\". \nThe DevTV Introduction to Revit Programming is a self-paced video tutorial demonstrating \nhow to get started developing with Revit. This page also points to the public \n\n<a href=\"http://discussion.autodesk.com/forum.jspa?forumID=160\">Revit API discussion group</a>\n\nand the possibility to \n\n<a href=\"http://www.autodesk.com/joinadn\">join ADN</a>,\n\nas well as providing links for downloading the SDK or Software Developers Kit, \nwhich is also included in every Revit product installation.</p>\n<p>Happily, from Revit 2009 onwards, absolutely everything you need to get started \nwith the Revit API is included with the basic Revit product. \nIf you want to write a professional application, you will additionally need a .NET \ndevelopment environment. \nHowever, for exploring the API and creating macros, the built-in VSTA or \nVisual Studio Tools for Applications editor can be used.</p>\n<p>The DevTV recording is based on Revit 2008. \nThe principles remain the same in Revit 2009, except that element access has been \ntremendously speeded up by the implementation of filtered access.</p>\n<p>We made a recording of the Revit 2009 API webcast that we held in May 2008. \nIt is available from the public\n\n<a href=\"http://www.adskconsulting.com/adn/cs/api_course_sched.php\">\nDeveloper Center course schedule</a>\n\n(look for Revit API and the Download link) as well as from the \n\n<a href=\"http://adn.autodesk.com/adn/servlet/item?siteID=4814862&amp;id=11272567&amp;linkID=4901650\">\nADN web page</a>.\n\nIt covers more or less the same material as the DevTV recording, \nand additionally discusses the filtering features added in the 2009 API.\nThe recording material also includes the the presentation itself and the source code of the individual sample commands or labs.</p>\n</p>"
  }
]