[
  {
    "original_filename": "0026_instance_materials",
    "header_text": "Introduction",
    "local_header_href": "#introduction",
    "chunk_text": "<style type=\"text/css\">\n.blue { color: blue; }\n.green { color: green; }\n.teal { color: teal; }\n.maroon { color: maroon; }\n</style>"
  },
  {
    "original_filename": "0026_instance_materials",
    "header_text": "Family Instance Materials",
    "local_header_href": "#family-instance-materials",
    "chunk_text": "<h3>Family Instance Materials</h3><p>In the\n\n<a href=\"http://thebuildingcoder.typepad.com/blog/2008/10/element-materials.html\">\nprevious post</a>,\n\nwe read out materials from walls and other building elements by querying them for their geometry,\npicking out all the solids, and iterating over their faces. However, for family instances such as doors and windows, we noticed that no solid is present in the top level objects contained by the geometry element.</p><p>Family instances make use of a geometry instance to define their geometry. The geometry instance provides the facility to reuse symbol geometry in multiple locations for different family instances of the same symbol. Its most important properties to support this are:</p><ul>\n<li><strong>Symbol:</strong> The symbol element that this object is referring to.</li>\n<li><strong>SymbolGeometry:</strong> The geometric representation of the symbol.</li>\n<li><strong>Transform:</strong> The affine transformation from the local coordinate space of the symbol into the coordinate space of the instance.</li>\n</ul><p>In our current task of listing the materials used by the building elements, we do not need to examine the transformations applied to the instance geometry. If we were interested in face coordinates, we would have to keep track of that information.</p><p>In our case, to determine materials used in the door and window family instances, all we have to do is add one level of recursion to the existing GetMaterials() implementation. We need to check for geometry instance objects as well as solids. In case of an instance, we can access the symbol geometry and make a recursive call to GetMaterials() to pick out the materials from that as follows:</p><pre class=\"code\">\n<span class=\"blue\">public</span> <span class=\"teal\">List</span>&lt;<span class=\"blue\">string</span>&gt; GetMaterials( <span class=\"teal\">GeoElement</span> geo )\n{\n  <span class=\"teal\">List</span>&lt;<span class=\"blue\">string</span>&gt; materials = <span class=\"blue\">new</span> <span class=\"teal\">List</span>&lt;<span class=\"blue\">string</span>&gt;();\n  <span class=\"blue\">foreach</span>( <span class=\"teal\">GeometryObject</span> o <span class=\"blue\">in</span> geo.Objects )\n  {\n    <span class=\"blue\">if</span>( o <span class=\"blue\">is</span> <span class=\"teal\">Solid</span> )\n    {\n      <span class=\"teal\">Solid</span> solid = o <span class=\"blue\">as</span> <span class=\"teal\">Solid</span>;\n      <span class=\"blue\">foreach</span>( <span class=\"teal\">Face</span> face <span class=\"blue\">in</span> solid.Faces )\n      {\n        <span class=\"blue\">string</span> s = face.MaterialElement.Name;\n        materials.Add( s );\n      }\n    }\n    <span class=\"blue\">else</span> <span class=\"blue\">if</span>( o <span class=\"blue\">is</span> <span class=\"teal\">GeoInstance</span> )\n    {\n      <span class=\"teal\">GeoInstance</span> i = o <span class=\"blue\">as</span> <span class=\"teal\">GeoInstance</span>;\n      materials.AddRange( GetMaterials(\n        i.SymbolGeometry ) );\n    }\n  }\n  <span class=\"blue\">return</span> materials;\n}\n</pre><p>Note that we added an additional alias to our namespace references to disambiguate the Revit element and geometry instance classes:</p><pre>\n<span class=\"blue\">using</span> <span class=\"teal\">GeoInstance</span> = Autodesk.Revit.Geometry.<span class=\"teal\">Instance</span>;\n</pre><p>With the additional code in place, we obtain the same materials as before for the walls, floor and roof, and additionally a long list of new materials for the numerous family instance faces:</p><pre>\nWalls &lt;127248 Generic - 200mm&gt; has 17 materials:\n  0 Default Wall\n  . . .\n  16 Default Wall\nWalls &lt;127249 Generic - 200mm&gt; has 6 materials:\n  0 Default Wall\n  . . .\n  5 Default Wall\nWalls &lt;127250 Generic - 200mm&gt; has 6 materials:\n  0 Default Wall\n  . . .\n  5 Default Wall\nWalls &lt;127251 Generic - 200mm&gt; has 6 materials:\n  0 Default Wall\n  . . .\n  5 Default Wall\nDoors M_Single-Flush &lt;127252 0915 x 2134mm&gt; has 26 materials:\n  0 Door - Frame\n  1 Door - Frame\n  2 Door - Frame\n  3 Door - Frame\n  . . .\n  19 Door - Frame\n  20 Door - Panel\n  21 Door - Panel\n  . . .\n  25 Door - Panel\nWindows M_Fixed &lt;127255 0406 x 0610mm&gt; has 36 materials:\n  0 Glass\n  1 Glass\n  . . .\n  5 Glass\n  6 Sash\n  7 Sash\n  . . .\n  35 Sash\nWindows M_Fixed &lt;127258 0406 x 0610mm&gt; has 36 materials:\n  0 Glass\n  1 Glass\n  . . .\n  5 Glass\n  6 Sash\n  7 Sash\n  . . .\n  35 Sash\nFloors &lt;127266 Generic Floor - 400mm&gt; has 6 materials:\n  0 Default Roof\n  . . .\n  5 Default Roof\nRoofs &lt;127269 Generic Roof - 300mm&gt; has 12 materials:\n  0 Default Roof\n  . . .\n  11 Default Roof\n</pre><p>As you can see, the material assignments on the family instance solid faces may allow us to differentiate between the different element components, such as the door frame and panel, and the window glass and sash. This is however dependant on the family definition, so there is no guarantee that this approach will work for all families.</p><p>An interesting next step would be to analyse how to make use of the transformations defined by the nested geometry instances to calculate the real world coordinates. How to do this is actually demonstrated by the various\n<a href=\"http://thebuildingcoder.typepad.com/blog/2008/09/geometry-viewer.html\">geometry viewers</a>\nthat we already discussed.</p><p>I am adding the complete Visual Studio solution <a href=\"http://thebuildingcoder.typepad.com/blog/files/bc1006.zip\">here</a>. This version 1.0.0.6 includes all commands we discussed so far: CmdListWalls, CmdRelationshipInverter, CmdWallDimensions, CmdFilterPerformance and the updated version of CmdGetMaterials.</p>"
  }
]