[
  {
    "original_filename": "0031_slab_boundary",
    "header_text": "Introduction",
    "local_header_href": "#introduction",
    "chunk_text": "<style>\n.blue { color: blue; }\n.teal { color: teal; }\n.maroon { color: maroon; }\n.green { color: green; }\n</style>"
  },
  {
    "original_filename": "0031_slab_boundary",
    "header_text": "Slab Boundary",
    "local_header_href": "#slab-boundary",
    "chunk_text": "<h3>Slab Boundary</h3><p>Developers have frequently asked how to determine the boundary polygons of a horizontal slab, e.g. the loops formed by the bottom edges of all the vertical or 'side' faces in this floor:</p><img alt=\"Floor Slab with Holes\" src=\"img/slab_boundary_4.png\"/><p>In this case, there is one outer and three inner loops, one of which is circular.</p><p>There are several different possible approaches to obtain this information, and you will need to decide which is simplest or most effective or optimally suited to provide the data you require in each individual case. Here is a suggestion for a very straightforward algorithm: determine the slab solid, iterate over its faces, ignore all non-horizontal faces, and determine which of the horizontal ones has the lowest Z coordinate. Query the lowest face for its edge loops, and collect all its vertices into a structure for handling the polygon data.</p><p>I have implemented an external command CmdSlabBoundary realising this algorithm. For the polygon data, I use a list of lists of points. Each list of points represents one closed polygonal loop. This means that non-linear polygon edges will have to be approximated by straight segments. If you need to handle other curve types such as circular arcs or ellipses exactly, you would have to enhance this definition.\nIt currently only handles planar faces on horizontal slabs. It uses the Edge Tesselate method, which returns a polyline approximation to the edge, to extract the points to be added to the boundary polygon.</p><p>Here is the code for the mainline of the command. It implements some useful code to determine which floor elements to process. It first checks whether anything at all has been selected. If so, it extracts the floor elements from the selection and returns with an error message if none are found. If nothing has been preselected by the user before starting the command, it selects all floor elements from the model, and again returns with an error message if none are found. Then, for each floor, the geometry is extracted and the solid is passed into the GetBoundary() method for analysis:</p><pre class=\"code\">\n<span class=\"blue\">public</span> <span class=\"teal\">CmdResult</span> Execute(\n  <span class=\"teal\">ExternalCommandData</span> commandData,\n  <span class=\"blue\">ref</span> <span class=\"blue\">string</span> message,\n  <span class=\"teal\">ElementSet</span> elements )\n{\n  <span class=\"teal\">Application</span> app = commandData.Application;\n  <span class=\"teal\">Document</span> doc = app.ActiveDocument;\n \n  <span class=\"teal\">List</span>&lt;<span class=\"teal\">RvtElement</span>&gt; floors = <span class=\"blue\">new</span> <span class=\"teal\">List</span>&lt;<span class=\"teal\">RvtElement</span>&gt;();\n  <span class=\"teal\">Selection</span> sel = doc.Selection;\n  <span class=\"blue\">if</span>( 0 &lt; sel.Elements.Size )\n  {\n    <span class=\"blue\">foreach</span>( <span class=\"teal\">RvtElement</span> e <span class=\"blue\">in</span> sel.Elements )\n    {\n      <span class=\"blue\">if</span>( e <span class=\"blue\">is</span> <span class=\"teal\">Floor</span> )\n      {\n        floors.Add( e );\n      }\n    }\n    <span class=\"blue\">if</span>( 0 == floors.Count )\n    {\n      message = <span class=\"maroon\">\"Please select some floor elements.\"</span>;\n      <span class=\"blue\">return</span> <span class=\"teal\">CmdResult</span>.Failed;\n    }\n  }\n  <span class=\"blue\">else</span>\n  {\n    doc.get_Elements( <span class=\"blue\">typeof</span>( <span class=\"teal\">Floor</span> ), floors );\n    <span class=\"blue\">if</span>( 0 == floors.Count )\n    {\n      message = <span class=\"maroon\">\"No floor elements found.\"</span>;\n      <span class=\"blue\">return</span> <span class=\"teal\">CmdResult</span>.Failed;\n    }\n  }\n \n  <span class=\"teal\">List</span>&lt;<span class=\"teal\">List</span>&lt;<span class=\"teal\">XYZ</span>&gt;&gt; polygons = <span class=\"blue\">new</span> <span class=\"teal\">List</span>&lt;<span class=\"teal\">List</span>&lt;<span class=\"teal\">XYZ</span>&gt;&gt;();\n  <span class=\"teal\">Options</span> opt = app.Create.NewGeometryOptions();\n \n  <span class=\"blue\">foreach</span>( <span class=\"teal\">Floor</span> floor <span class=\"blue\">in</span> floors )\n  {\n    <span class=\"teal\">GeoElement</span> geo = floor.get_Geometry( opt );\n    <span class=\"teal\">GeometryObjectArray</span> objects = geo.Objects;\n    <span class=\"blue\">foreach</span>( <span class=\"teal\">GeometryObject</span> obj <span class=\"blue\">in</span> objects )\n    {\n      <span class=\"teal\">Solid</span> solid = obj <span class=\"blue\">as</span> <span class=\"teal\">Solid</span>;\n      <span class=\"blue\">if</span>( solid != <span class=\"blue\">null</span> )\n      {\n        GetBoundary( polygons, solid );\n      }\n    }\n  }\n \n  <span class=\"blue\">int</span> n = polygons.Count;\n \n  <span class=\"teal\">Debug</span>.WriteLine( <span class=\"blue\">string</span>.Format(\n    <span class=\"maroon\">\"{0} boundary loop{1} found.\"</span>,\n    n, <span class=\"teal\">Util</span>.PluralSuffix( n ) ) );\n \n  <span class=\"teal\">Creator</span> creator = <span class=\"blue\">new</span> <span class=\"teal\">Creator</span>( app );\n  creator.DrawPolygons( polygons );\n \n  <span class=\"blue\">return</span> <span class=\"teal\">CmdResult</span>.Succeeded;\n}\n</pre><p>Here is the implementation of GetBoundary(); I added a constant value to offset the boundary polygons downward a bit, away from the slab edge, so that they are more clearly visible:</p><pre class=\"code\">\n<span class=\"blue\">const</span> <span class=\"blue\">double</span> _offset = 0.1;\n \n<span class=\"blue\">bool</span> GetBoundary(\n  <span class=\"teal\">List</span>&lt;<span class=\"teal\">List</span>&lt;<span class=\"teal\">XYZ</span>&gt;&gt; polygons,\n  <span class=\"teal\">Solid</span> solid )\n{\n  <span class=\"teal\">PlanarFace</span> lowest = <span class=\"blue\">null</span>;\n  <span class=\"teal\">FaceArray</span> faces = solid.Faces;\n  <span class=\"blue\">foreach</span>( <span class=\"teal\">Face</span> f <span class=\"blue\">in</span> faces )\n  {\n    <span class=\"teal\">PlanarFace</span> pf = f <span class=\"blue\">as</span> <span class=\"teal\">PlanarFace</span>;\n    <span class=\"blue\">if</span>( <span class=\"blue\">null</span> != pf &amp;&amp; IsHorizontal( pf ) )\n    {\n      <span class=\"blue\">if</span>( ( <span class=\"blue\">null</span> == lowest )\n        || ( pf.Origin.Z &lt; lowest.Origin.Z ) )\n      {\n        lowest = pf;\n      }\n    }\n  }\n  <span class=\"blue\">if</span>( <span class=\"blue\">null</span> != lowest )\n  {\n    <span class=\"teal\">XYZ</span> p, q = <span class=\"teal\">XYZ</span>.Zero;\n    <span class=\"blue\">bool</span> first;\n    <span class=\"blue\">int</span> i, n;\n    <span class=\"teal\">EdgeArrayArray</span> loops = lowest.EdgeLoops;\n    <span class=\"blue\">foreach</span>( <span class=\"teal\">EdgeArray</span> loop <span class=\"blue\">in</span> loops )\n    {\n      <span class=\"teal\">List</span>&lt;<span class=\"teal\">XYZ</span>&gt; vertices = <span class=\"blue\">new</span> <span class=\"teal\">List</span>&lt;<span class=\"teal\">XYZ</span>&gt;();\n      first = <span class=\"blue\">true</span>;\n      <span class=\"blue\">foreach</span>( <span class=\"teal\">Edge</span> e <span class=\"blue\">in</span> loop )\n      {\n        <span class=\"teal\">XYZArray</span> points = e.Tessellate();\n        p = points.get_Item( 0 );\n        <span class=\"blue\">if</span>( !first )\n        {\n          <span class=\"teal\">Debug</span>.Assert( p.AlmostEqual( q ),\n            <span class=\"maroon\">\"expected subsequent start point\"</span>\n            + <span class=\"maroon\">\" to equal previous end point\"</span> );\n        }\n        n = points.Size;\n        q = points.get_Item( n - 1 );\n        <span class=\"blue\">for</span>( i = 0; i &lt; n - 1; ++i )\n        {\n          <span class=\"teal\">XYZ</span> v = points.get_Item( i );\n          v.Z -= _offset;\n          vertices.Add( v );\n        }\n      }\n      q.Z -= _offset;\n      <span class=\"teal\">Debug</span>.Assert( q.AlmostEqual( vertices[0] ),\n        <span class=\"maroon\">\"expected last end point to equal\"</span>\n        + <span class=\"maroon\">\" first start point\"</span> );\n      polygons.Add( vertices );\n    }\n  }\n  <span class=\"blue\">return</span> <span class=\"blue\">null</span> != lowest;\n}\n</pre><p>Here is the result displaying the model lines added after processing, with all lines offset downwards from the slab edge by 0.1 feet, and one of the edges approximating the bottom of the circular opening highlighted:</p><img alt=\"Slab polygonal boundary loops\" src=\"img/slab_boundary_5.png\"/><p>Finally, here are the model lines isolated to distinguish them better from the slab:</p><img alt=\"Boundary loops isolated\" src=\"img/slab_boundary_6.png\"/><p>I hope this provides a good geometrical analysis example and a starting point for further exploration. Obviously, I am interested in any improvements you may have or bugs that you find.</p><p>I am adding a new version 1.0.0.9 of the complete Visual Studio solution\n<a href=\"http://thebuildingcoder.typepad.com/blog/files/bc1009.zip\">here</a>,\nincluding the new CmdSlabBoundary class as well as all other commands discussed so far.</p>"
  }
]