[
  {
    "original_filename": "0038_wall_layers",
    "header_text": "Introduction",
    "local_header_href": "#introduction",
    "chunk_text": "<style>\n.blue { color: blue; }\n.teal { color: teal; }\n.maroon { color: maroon; }\n.green { color: green; }\n</style>"
  },
  {
    "original_filename": "0038_wall_layers",
    "header_text": "Wall Compound Layers",
    "local_header_href": "#wall-compound-layers",
    "chunk_text": "<h3>Wall Compound Layers</h3><p>We have examined floor and slab geometry in some detail now, and would like to have a look at walls as well.\nOne important aspect of walls is their internal layering, defined by the compound layer structure.\nIn this post, we examine the layer geometry, i.e. how to determine the exact location of the different layers within the wall structure.\nMany thanks to Harry Mattison for providing lots of support developing this code and explaining both the API and the user interface issues involved.</p><p>We have the following sources of input:</p><ul>\n<li>Wall location curve and total wall thickness:\n<pre>\nLocationCurve curve = wall.Location as LocationCurve;\ndouble thickness = wall.WallType.Width;\n</pre>\n</li>\n<li>Compound structure layers and their individual thicknesses:\n<pre>\nCompoundStructure structure = wall.WallType.CompoundStructure;\nCompoundStructureLayerArray layers = structure.Layers;\n</pre>\n</li>\n</ul><p>How can these be used to determine the exact positions of the individual wall layers and the wall itself?</p><p>The most important bit of information in this context is that the wall centre line is always given by the wall location curve, and that is not affected by any other settings.</p><p>There are some additional wall parameters that we first thought might influence these positions:</p><ul>\n<li>Location Line WALL_KEY_REF_PARAM</li>\n<li>Location Line Offset WALL_LOCATION_LINE_OFFSET_PARAM</li>\n</ul><p>WALL_KEY_REF_PARAM describes the setting of the wall's Location Line property. However, wall.Location is always the centre of the wall, not the position of the 'Location Line' visible in the user interface:</p><img alt=\"Wall location line in user interface\" src=\"img/wall_location_line_ui.png\"/><p>So this property will not affect the computation of the wall layer locations.</p><p>WALL_LOCATION_LINE_OFFSET_PARAM only affects walls that are used as panels in a curtain wall. It offsets the wall panel from the face of the curtain wall. Again, this parameter will not affect the wall layer analysis, because wall.Location will be the centre of the wall panel, regardless of any offset.</p><p>So now we have clarified the different inputs available, how can these be combined to determine the exact location of each layer?</p><p>From the wall and its location line, we can obtain the wall thickness and the wall centre line start and end point.\nAssuming a horizontal wall base line and vertical sides, we can calculate the vectors v, pointing along the location line from its start to its end point, and w, pointing perpendicularly to the location line and the Z axis towards the exterior edge of the wall.\nBoth of these are normalised, i.e. one foot long, since the Revit database always uses feet as units for length measurements.\nIf we multiply them by the wall length and half the wall thickness and draw them starting from the location line start point, they look like this:</p><img alt=\"Wall length and width vectors\" src=\"img/wall_v_and_w.png\"/><p>We use the location line start and end points, the wall thickness, and these two vectors to construct various model lines:\nthe first simply displays the wall location line, extended by two feet in both directions beyond the end of the wall.\nWe draw a second model line representing w multiplied by half the wall thickness at the starting point of the first, perpendicular to it.\nThen, we draw model lines deliminating the different wall layers.\nWe lengthen the layer delimination lines by one foot in both directions beyond the end of the wall.</p><p>Here is an example of a set of compound walls at various angles:</p><img alt=\"Original compound walls\" src=\"img/walls_compound.png\"/><p>Here is the result of running the wall layers command on that set, adding the model lines representing the wall location line, extending two feet beyond the end of each wall, its half thickness and exterior side, and the wall layer delimination lines extending one foot beyond the wall end:</p><img alt=\"Compound walls with layer lines added\" src=\"img/walls_compound_after.png\"/><p>We do need to pay attention to the wall Flipped property. If Flipped is true, the interior and exterior sides of the wall are swapped, so the layering is reversed. We can account for this reversal by negating w if Flipped is true.</p><p>Here is a more detailed view of one of the compound walls in its original state:</p><img alt=\"Original compound wall\" src=\"img/wall_compound.png\"/><p>Running the wall layers command adds the model lines described above:</p><img alt=\"Compound wall with layer lines added\" src=\"img/wall_compound_after.png\"/><p>Flipping the wall swaps it interior and exterior faces and reverses the layering:</p><img alt=\"Flipped compound wall\" src=\"img/wall_compound_flipped.png\"/><p>Checking the Flipped property and negating the vector w pointing to the exterior face reverses the order of the layer delimitation lines as well:</p><img alt=\"Flipped compound wall with layer lines added\" src=\"img/wall_compound_flipped_after.png\"/><p>While iterating over the wall layers, the command prints some data to the Visual Studio debug output window, listing the wall description, thickness, number of layers, and the function and thickness of each layer:</p><pre>\nWalls &lt;128581 Jeremy Compound&gt; with thickness 300 mm has 4 layers:\n  Layer 1: function Finish1, thickness 25 mm\n  Layer 2: function ThermalOrAir, thickness 50 mm\n  Layer 3: function Structure, thickness 200 mm\n  Layer 4: function Finish2, thickness 25 mm\n</pre><p>While preparing the snapshots above, I also had to deal with a completely different question, a simple user interface issue not related to the API: how can I display the detailed wall compound structure on the graphics screen and ensure that hatch patterns for the different layers are displayed? There are a few steps required: first, change the view property from Coarse to Fine. At that point, I see the lines dividing the layers, but no hatches. For the hatching, make sure the wall layers are defined to use materials that have a cut pattern. Also ensure that you are zoomed in enough in the view so the pattern does not overscale, i.e. turn to gray fill, because the lines are too close to each other.</p><p>Here is the CmdWallLayers source code:</p><pre class=\"code\">\n<span class=\"blue\">public</span> <span class=\"teal\">CmdResult</span> Execute(\n  <span class=\"teal\">ExternalCommandData</span> commandData,\n  <span class=\"blue\">ref</span> <span class=\"blue\">string</span> message,\n  <span class=\"teal\">ElementSet</span> elements )\n{\n  <span class=\"teal\">Application</span> app = commandData.Application;\n  <span class=\"teal\">Document</span> doc = app.ActiveDocument;\n\n  <span class=\"teal\">List</span>&lt;<span class=\"teal\">RvtElement</span>&gt; walls = <span class=\"blue\">new</span> <span class=\"teal\">List</span>&lt;<span class=\"teal\">RvtElement</span>&gt;();\n  <span class=\"blue\">if</span>( !<span class=\"teal\">Util</span>.GetSelectedElementsOrAll(\n    walls, doc, <span class=\"blue\">typeof</span>( <span class=\"teal\">Wall</span> ) ) )\n  {\n    <span class=\"teal\">Selection</span> sel = doc.Selection;\n    message = ( 0 &lt; sel.Elements.Size )\n      ? <span class=\"maroon\">\"Please select some wall elements.\"</span>\n      : <span class=\"maroon\">\"No wall elements found.\"</span>;\n    <span class=\"blue\">return</span> <span class=\"teal\">CmdResult</span>.Failed;\n  }\n \n  <span class=\"blue\">int</span> i, n;\n  <span class=\"blue\">double</span> halfThickness, layerOffset;\n  <span class=\"teal\">Creator</span> creator = <span class=\"blue\">new</span> <span class=\"teal\">Creator</span>( app );\n  <span class=\"teal\">XYZ</span> lcstart, lcend, v, w, p, q;\n \n  <span class=\"blue\">foreach</span>( <span class=\"teal\">Wall</span> wall <span class=\"blue\">in</span> walls )\n  {\n    <span class=\"blue\">string</span> desc = <span class=\"teal\">Util</span>.ElementDescription( wall );\n \n    <span class=\"teal\">LocationCurve</span> curve\n      = wall.Location <span class=\"blue\">as</span> <span class=\"teal\">LocationCurve</span>;\n \n    <span class=\"blue\">if</span>( <span class=\"blue\">null</span> == curve )\n    {\n      message = desc + <span class=\"maroon\">\": No wall curve found.\"</span>;\n      <span class=\"blue\">return</span> <span class=\"teal\">CmdResult</span>.Failed;\n    }\n\n    <span class=\"green\">//</span>\n    <span class=\"green\">// wall centre line and thickness:</span>\n    <span class=\"green\">//</span>\n    lcstart = curve.Curve.get_EndPoint( 0 );\n    lcend = curve.Curve.get_EndPoint( 1 );\n    halfThickness = 0.5 * wall.WallType.Width;\n    v = lcend - lcstart;\n    v = v.Normalized; <span class=\"green\">// one foot long</span>\n    w = <span class=\"teal\">XYZ</span>.BasisZ.Cross( v ).Normalized;\n    <span class=\"blue\">if</span>( wall.Flipped ) { w = -w; }\n \n    p = lcstart - 2 * v;\n    q = lcend + 2 * v;\n    creator.CreateModelLine( p, q );\n \n    q = p + halfThickness * w;\n    creator.CreateModelLine( p, q );\n \n    <span class=\"green\">// exterior edge</span>\n    p = lcstart - v + halfThickness * w;\n    q = lcend + v + halfThickness * w;\n    creator.CreateModelLine( p, q );\n \n    <span class=\"teal\">CompoundStructure</span> structure\n      = wall.WallType.CompoundStructure;\n \n    <span class=\"teal\">CompoundStructureLayerArray</span> layers\n      = structure.Layers;\n \n    i = 0;\n    n = layers.Size;\n    <span class=\"teal\">Debug</span>.WriteLine( <span class=\"blue\">string</span>.Format(\n      <span class=\"maroon\">\"{0} with thickness {1} mm\"</span>\n      + <span class=\"maroon\">\" has {2} layer{3}{4}\"</span>,\n      desc,\n      <span class=\"teal\">Util</span>.FootToMm( 2 * halfThickness ),\n      n, <span class=\"teal\">Util</span>.PluralSuffix( n ),\n      <span class=\"teal\">Util</span>.DotOrColon( n ) ) );\n \n    <span class=\"blue\">if</span>( 0 == n )\n    {\n      <span class=\"green\">// interior edge</span>\n      p = lcstart - v - halfThickness * w;\n      q = lcend + v - halfThickness * w;\n      creator.CreateModelLine( p, q );\n    }\n    <span class=\"blue\">else</span>\n    {\n      layerOffset = halfThickness;\n      <span class=\"blue\">foreach</span>( <span class=\"teal\">CompoundStructureLayer</span> layer\n        <span class=\"blue\">in</span> layers )\n      {\n        <span class=\"teal\">Debug</span>.WriteLine( <span class=\"blue\">string</span>.Format(\n          <span class=\"maroon\">\"  Layer {0}: function {1}, \"</span>\n          + <span class=\"maroon\">\"thickness {2} mm\"</span>,\n          ++i, layer.Function,\n          <span class=\"teal\">Util</span>.FootToMm( layer.Thickness ) ) );\n \n        layerOffset -= layer.Thickness;\n        p = lcstart - v + layerOffset * w;\n        q = lcend + v + layerOffset * w;\n        creator.CreateModelLine( p, q );\n      }\n    }\n  }\n  <span class=\"blue\">return</span> <span class=\"teal\">CmdResult</span>.Succeeded;\n}\n</pre><p>I am adding version 1.0.0.13 of the complete Visual Studio solution\n\n<a href=\"http://thebuildingcoder.typepad.com/blog/files/bc10013.zip\">here</a>,\n\nincluding the new CmdWallLayers and all other commands discussed so far. In fact, it even includes another command that we have not discussed yet, and will address in the next post.</p>"
  }
]