[
  {
    "original_filename": "0050_modify_param",
    "header_text": "Introduction",
    "local_header_href": "#introduction",
    "chunk_text": "<style>\n.blue { color: blue; }\n.teal { color: teal; }\n.maroon { color: maroon; }\n.green { color: green; }\n</style>"
  },
  {
    "original_filename": "0050_modify_param",
    "header_text": "Parameter Modification Performance",
    "local_header_href": "#parameter-modification-performance",
    "chunk_text": "<h3>Parameter Modification Performance</h3><p>I just finished the third and final of my \n\n<a href=\"http://au.autodesk.com/sessions/?speaker=Jeremy+Tammik&amp;year=2008\">\npresentations at AU 2008</a>\n\nand had a great time doing so, with enthusiastic and friendly audiences. \nFor a live impression of the atmosphere here, don't miss having a look at Kean's posts on his \n\n<a href=\"http://through-the-interface.typepad.com/through_the_interface/2008/12/the-calm-after.html\">\narrival</a>,\n\n<a href=\"http://through-the-interface.typepad.com/through_the_interface/2008/12/first-day-of-au.html\">\nfirst day</a>, \n\nand \n\n<a href=\"http://through-the-interface.typepad.com/through_the_interface/2008/12/in-the-exhibit.html\">\nthe exhibit hall</a>\n\nat AU.</p><p>Meanwhile I noticed the following interesting issue on parameter modification performance raised by Michael Raps of the\n\n<a href=\"www.i4Ds.ch\">Institut 4D-Technologies and DataSpaces</a>\n\nat the\n\n<a href=\"www.fhnw.ch\">Fachhochschule Nordwestschweiz</a>\n\nand being explored by Saikat Bhattacharya of our Bangalore office.</p><p>Modifying multiple parameters sometimes takes an inordinate amount of time. I noticed something similar myself once running a command which modified parameters on HVAC air terminals. Executing this command in Revit Architecture worked fine and fast, but it took an order of magnitude longer to execute in Revit MEP, because Revit MEP was continuously recalculating and updating the entire duct system every time one of the parameters changed.</p><p>Michael's issue is simpler and does not involve any complex regeneration of the entire system by Revit. The problem was that executing the following simple code in a model using a specific custom family took extremely long:</p><pre class=\"code\">\n<span class=\"green\">// Start measurement</span>\n<span class=\"blue\">int</span> millis = <span class=\"teal\">Environment</span>.TickCount;\n \n<span class=\"green\">// Set some values</span>\n<span class=\"teal\">Parameter</span> p = instance.get_Parameter(<span class=\"maroon\">\"Breite\"</span>);\np.Set(500);\n \n<span class=\"green\">// Set some Booleans</span>\np = instance.get_Parameter(<span class=\"maroon\">\"Füsse\"</span>);\np.Set(1);\n \np = instance.get_Parameter(<span class=\"maroon\">\"Sockel\"</span>);\np.Set(1);\n \np = instance.get_Parameter(<span class=\"maroon\">\"Rille\"</span>);\np.Set(1);\n \n<span class=\"green\">// Set some strings</span>\np = instance.get_Parameter(<span class=\"maroon\">\"Bezeichnung Deutsch\"</span>);\np.Set(<span class=\"maroon\">\"Deutsche Bezeichnung\"</span>);\n \np = instance.get_Parameter(<span class=\"maroon\">\"Bezeichnung Englisch\"</span>);\np.Set(<span class=\"maroon\">\"English description\"</span>);\n \np = instance.get_Parameter(<span class=\"maroon\">\"Comments\"</span>);\np.Set(<span class=\"maroon\">\"A comment\"</span>);\n \nmillis = <span class=\"teal\">Environment</span>.TickCount - millis;\n<span class=\"teal\">MessageBox</span>.Show( \n  millis + <span class=\"maroon\">\"Millis to set 9 parameters. \"</span> +\n  <span class=\"maroon\">\" (about \"</span> + millis / 9.0 + <span class=\"maroon\">\" millis per param)\"</span> );\n</pre><p>Michael made use of the profiling functionality provided by the \n\n<a href=\"http://www.jetbrains.com/profiler\">\ndotTrace profiler for .NET</a>\n\nto create the following execution time analysis:</p><img alt=\"dotTrace execution time profiling\" src=\"img/revit-performance.png\"/><p>One issue involved here is a known behaviour with parameter bindings and was fixed in the web update version of Revit 2009, so the first step is to ensure that you have the\n\n<a href=\"http://usa.autodesk.com/adsk/servlet/item?siteID=123112&amp;id=11017599\">latest build</a>.\n\nEven after this update, the performance was still pretty slow, with a large proportion of the execution time spent in an internal function named regenerate():</p><img alt=\"dotTrace execution time profiling\" src=\"img/revit-performance-20081118_1045.png\"/><p>Saikat then discovered that\nreplacing the custom family by a simpler RFA file such as a rectangular column family caused it to work like a flash. Thus, the delay is partially due to the dataset being used, in this case the family file, and not entirely caused by the Parameter.Set() API call. This is one detail to keep in mind when you run into performance issues setting parameters.</p>"
  }
]