[
  {
    "original_filename": "0056_64_bit_revit_api",
    "header_text": "Introduction",
    "local_header_href": "#introduction",
    "chunk_text": "<style>\n.blue { color: blue; }\n.teal { color: teal; }\n.maroon { color: maroon; }\n.green { color: green; }\n</style>"
  },
  {
    "original_filename": "0056_64_bit_revit_api",
    "header_text": "64 bit Revit API Issues",
    "local_header_href": "#64-bit-revit-api-issues",
    "chunk_text": "<h3>64 bit Revit API Issues</h3><p>Successfully completed this year's conference tour, both Autodesk University and DevDays!\nThis is just a little note to point to some useful information that is available on issues that may occur with Revit add-ins running on the 64 bit platform. \nIn general, every Revit application is compiled to target any CPU and should thus be isolated from the underlying operating system by the .NET framework, enabling it to run unmodified on 32 and 64 bits.\nHowever, some issues may still occur, and they have been analysed and discussed by \n\n<a href=\"http://rodhowarth.com\">\nRod Howarth</a>\n\non his \n\n<a href=\"http://roddotnet.blogspot.com/2008/10/revit-64bit-revit-api.html\">\nblog</a>\n\nand in an AUGI\n\n<a href=\"http://forums.augi.com/showthread.php?p=898872\">\ndiscussion thread</a>.\n</p>"
  }
]