[
  {
    "original_filename": "0058_new_revit_applications",
    "header_text": "Introduction",
    "local_header_href": "#introduction",
    "chunk_text": "<style>\n.blue { color: blue; }\n.teal { color: teal; }\n.maroon { color: maroon; }\n.green { color: green; }\n</style>"
  },
  {
    "original_filename": "0058_new_revit_applications",
    "header_text": "New Revit Applications",
    "local_header_href": "#new-revit-applications",
    "chunk_text": "<h3>New Revit Applications</h3><p>What kind of applications can you create today with the Revit API?</p><p>A lot of exciting new products were displayed at Autodesk University. \nLachmi Khemlani, the editor of \n\n<a href=\"http://www.aecbytes.com/index.html\">\nAECbytes</a>, \n\nprovides an interesting overview of these in her article on the\n\n<a href=\"http://www.aecbytes.com/buildingthefuture/2008/AU2008_Exhibitors.html\">\nAEC exhibitor highlights</a>\n\nat Autodesk University 2008.</p>"
  }
]