[
  {
    "original_filename": "0086_category_comparison",
    "header_text": "Introduction",
    "local_header_href": "#introduction",
    "chunk_text": "<style>\n.blue { color: blue; }\n.teal { color: teal; }\n.maroon { color: maroon; }\n.green { color: green; }\n</style>"
  },
  {
    "original_filename": "0086_category_comparison",
    "header_text": "Category Comparison",
    "local_header_href": "#category-comparison",
    "chunk_text": "<h3>Category Comparison</h3><p>Still giving Revit Structure API training in Verona, Italy, we ran into a problem in one of the Revit SDK samples today.\nThe FrameBuilder sample works with structural beams and framing elements.\nIt implements a FrameData class which defines an Initialize() method to set up internal lists of column, beam and brace symbols.\nThese are sorted into different lists depending on their type, which is determined by comparing the category names.\nUnfortunately, the original SDK sample compares the category names with the language dependent strings \"Structural Framing\" and \"Structural Columns\".\nIn the Italian version of Revit, these strings change to \"Pilastri strutturali\" and \"Telaio strutturale\" and the comparison will never succeed.</p><p>Here is the original, language dependent comparison code that we would like to replace by language independent code:</p><pre class=\"code\">\n<span class=\"green\">// add symbols to lists according to category name</span>\n<span class=\"blue\">string</span> categoryName = symbol.Category.Name;\n<span class=\"blue\">if</span> (<span class=\"maroon\">\"Structural Framing\"</span> == categoryName)\n{\n  m_beambracesSymbolsMgr.AddSymbol(symbol);\n}\n<span class=\"blue\">else</span> <span class=\"blue\">if</span> (<span class=\"maroon\">\"Structural Columns\"</span> == categoryName)\n{\n  m_columnSymbolsMgr.AddSymbol(symbol);\n}\n</pre><p>To replace this by language independent code, we make use of the built-in category enumeration.\nWe use the enumeration values OST_StructuralColumns and OST_StructuralFraming to obtain the corresponding document categories from the document settings and its categories collections, and store their element ids:</p><pre class=\"code\">\n<span class=\"teal\">Document</span> doc =\n  m_commandData.Application.ActiveDocument;\n \n<span class=\"teal\">Categories</span> categories\n  = doc.Settings.Categories;\n \n<span class=\"teal\">BuiltInCategory</span> bipColumn\n  = <span class=\"teal\">BuiltInCategory</span>.OST_StructuralColumns;\n \n<span class=\"teal\">BuiltInCategory</span> bipFraming\n  = <span class=\"teal\">BuiltInCategory</span>.OST_StructuralFraming;\n \n<span class=\"teal\">ElementId</span> idColumn\n  = categories.get_Item( bipColumn ).Id;\n \n<span class=\"teal\">ElementId</span> idFraming\n  = categories.get_Item( bipFraming ).Id;\n</pre><p>This can be done right at the beginning of the Intialize() method.\nThen we can replace the language dependent code listed above by:</p><pre class=\"code\">\n<span class=\"green\">// add symbols to lists according to category</span>\n<span class=\"teal\">ElementId</span> categoryId = symbol.Category.Id;\n<span class=\"blue\">if</span>( idFraming.Equals( categoryId ) )\n{\n  m_beambracesSymbolsMgr.AddSymbol( symbol );\n}\n<span class=\"blue\">else</span> <span class=\"blue\">if</span>( idColumn.Equals( categoryId ) )\n{\n  m_columnSymbolsMgr.AddSymbol( symbol );\n}\n</pre><p>Note that in previous versions of Revit, 2008 and earlier, it was possible to compare the categories directly, i.e. use something like this:</p><pre class=\"code\">\n<span class=\"teal\">Category</span> cat = symbol.Category;\n<span class=\"blue\">if</span>( catFraming.Equals( cat ) )\n{\n  m_beambracesSymbolsMgr.AddSymbol( symbol );\n}\n<span class=\"blue\">else</span> <span class=\"blue\">if</span>( catColumn.Equals( cat ) )\n{\n  m_columnSymbolsMgr.AddSymbol( symbol );\n}\n</pre><p>This stopped working reliably in Revit 2009, so nowadays you need to compare the category element ids instead of directly comparing the categories.</p>"
  }
]