[
  {
    "original_filename": "0094_insert_column",
    "header_text": "Introduction",
    "local_header_href": "#introduction",
    "chunk_text": "<style>\n.blue { color: blue; }\n.teal { color: teal; }\n.maroon { color: maroon; }\n.green { color: green; }\n</style>"
  },
  {
    "original_filename": "0094_insert_column",
    "header_text": "Inserting a Column",
    "local_header_href": "#inserting-a-column",
    "chunk_text": "<h3>Inserting a Column</h3><p>Here I continue the discussion of another of the topics that were raised in the\n\n<a href=\"http://thebuildingcoder.typepad.com/blog/2009/01/verona-revit-api-training.html\">\nRevit API training in Verona</a>\n\nlast week, on creating new column types and inserting column instances through the API.</p><p>We explored the following topics:</p><ul>\n<li>Retrieving all family elements in current document in order to check whether the family we are interested in is loaded.</li>\n<li>Exploring the results of using a FamilyFilter.</li>\n<li>Loading a new family, if not already present.</li>\n<li>Creating a new family symbol, i.e. duplicating a type and setting its name and dimensions.</li>\n<li>Inserting a new column instance into the model.</li>\n</ul><p>We implemented a new external command CmdNewColumnTypeInstance to demonstrate these steps. First, we set up some constants to define the family we are interested in, our library path, the structural type and a unit conversion:</p><pre class=\"code\">\n<span class=\"blue\">const</span> <span class=\"blue\">string</span> family_name\n  = <span class=\"maroon\">\"M_Rectangular Column\"</span>;\n \n<span class=\"blue\">const</span> <span class=\"blue\">string</span> extension\n  = <span class=\"maroon\">\".rfa\"</span>;\n \n<span class=\"blue\">const</span> <span class=\"blue\">string</span> directory\n  = <span class=\"maroon\">\"C:/Documents and Settings/All Users\"</span>\n  + <span class=\"maroon\">\"/Application Data/Autodesk/RAC 2009\"</span>\n  + <span class=\"maroon\">\"/Metric Library/Columns/\"</span>;\n \n<span class=\"blue\">const</span> <span class=\"blue\">string</span> path\n  = directory + family_name + extension;\n \nStructuralType nonStructural\n  = StructuralType.NonStructural;\n \n<span class=\"blue\">const</span> <span class=\"blue\">double</span> _foot_to_mm\n  = 25.4 * 12;\n</pre><p>Here is the implementation of the Execute method which achieves the steps listed above:</p><p>In order to check whether the family we are interested in is already loaded, we make use of a family filter to get all family elements in the current document.\nIf so, we store it in the variable 'f'.</p><p>The family filter returns both the symbols contained within the family and the family itself.\nIn real life, we would probably eliminate the symbols by creating a Boolean 'and' filter and filtering for the Family class as well as the family name.</p><pre class=\"code\">\n<span class=\"teal\">CmdResult</span> rc\n  = <span class=\"teal\">CmdResult</span>.Failed;\n \n<span class=\"teal\">Application</span> app = commandData.Application;\n<span class=\"teal\">Document</span> doc = app.ActiveDocument;\n\n<span class=\"teal\">List</span>&lt;<span class=\"teal\">Element</span>&gt; symbols = <span class=\"blue\">new</span> <span class=\"teal\">List</span>&lt;<span class=\"teal\">Element</span>&gt;();\n \n<span class=\"teal\">Filter</span> filter = app.Create.Filter.NewFamilyFilter(\n  family_name );\n \ndoc.get_Elements( filter, symbols );\n\n<span class=\"teal\">Family</span> f = <span class=\"blue\">null</span>;\n<span class=\"blue\">foreach</span>( <span class=\"teal\">Element</span> e <span class=\"blue\">in</span> symbols )\n{\n  <span class=\"blue\">if</span>( e <span class=\"blue\">is</span> <span class=\"teal\">Family</span> )\n  {\n    f = e <span class=\"blue\">as</span> <span class=\"teal\">Family</span>;\n  }\n  <span class=\"blue\">else</span> <span class=\"blue\">if</span>( e <span class=\"blue\">is</span> <span class=\"teal\">FamilySymbol</span> )\n  {\n    <span class=\"teal\">FamilySymbol</span> s = e <span class=\"blue\">as</span> <span class=\"teal\">FamilySymbol</span>;\n    <span class=\"teal\">Debug</span>.Print(\n      <span class=\"maroon\">\"Family name={0}, symbol name={1}\"</span>,\n      s.Family.Name, s.Name );\n  }\n}\n</pre><p>If the family was not already loaded, then 'f' remains null, and we load it with the LoadFamily method.\nIt would also be sufficient to load one single symbol from the family:</p><pre class=\"code\">\n<span class=\"blue\">if</span>( <span class=\"blue\">null</span> == f )\n{\n  <span class=\"blue\">if</span>( !doc.LoadFamily( path, <span class=\"blue\">ref</span> f ) )\n  {\n    message = <span class=\"maroon\">\"Unable to load '\"</span> + path + <span class=\"maroon\">\"'.\"</span>;\n  }\n}\n</pre><p>If the loading does not succeed, 'f' is still null and we cannot proceed.\nOtherwise, we pick one of them for duplication and store it in the variable 's'.\nAny one will do, so we simply select the first one.</p><pre class=\"code\">\n<span class=\"blue\">if</span>( <span class=\"blue\">null</span> != f )\n{\n  <span class=\"teal\">Debug</span>.Print( <span class=\"maroon\">\"Family name={0}\"</span>, f.Name );\n\n  <span class=\"teal\">FamilySymbol</span> s = <span class=\"blue\">null</span>;\n  <span class=\"blue\">foreach</span>( <span class=\"teal\">FamilySymbol</span> s2 <span class=\"blue\">in</span> f.Symbols )\n  {\n    s = s2;\n    <span class=\"blue\">break</span>;\n  }\n  <span class=\"teal\">Debug</span>.Assert( <span class=\"blue\">null</span> != s,\n    <span class=\"maroon\">\"expected at least one symbol\"</span>\n    + <span class=\"maroon\">\" to be defined in family\"</span> );\n</pre><p>We duplicate it using the Duplicate method, simultaneously defining the new symbol name.\nTo find out what parameters are available for setting the new type's dimensions, we first list all of them.\nWe set the new type's dimensions and demonstrate that we can change its name at a later stage as well if desired.\nBy trial and error, we definitely proved that when using a localised name to set the parameter value, the specified name is case sensitive.</p><pre class=\"code\">\n  <span class=\"teal\">Symbol</span> s1 = s.Duplicate( <span class=\"maroon\">\"Nuovo simbolo\"</span> );\n  s = s1 <span class=\"blue\">as</span> <span class=\"teal\">FamilySymbol</span>;\n\n  <span class=\"blue\">foreach</span>( <span class=\"teal\">Parameter</span> param <span class=\"blue\">in</span> s.Parameters )\n  {\n    <span class=\"teal\">Debug</span>.Print(\n      <span class=\"maroon\">\"Parameter name={0}, value={1}\"</span>,\n      param.Definition.Name,\n      param.AsValueString() );\n  }\n\n  s.get_Parameter( <span class=\"maroon\">\"Width\"</span> ).Set(\n    500 / _foot_to_mm );\n \n  s.get_Parameter( <span class=\"maroon\">\"Depth\"</span> ).Set(\n    1000 / _foot_to_mm );\n\n  s.Name = <span class=\"maroon\">\"Nuovo simbolo due\"</span>;\n</pre><p>Finally, we insert an instance of our new symbol. We also tested inserting it using a non-vertical reference direction, but that is ignored for columns, because columns are inherently vertical:</p><pre class=\"code\">\n  XYZ p = XYZ.Zero;\n  doc.Create.NewFamilyInstance(\n    p, s, nonStructural );\n\n  rc = <span class=\"teal\">CmdResult</span>.Succeeded;\n}\n<span class=\"blue\">return</span> rc;\n</pre><p>The next step we took was to explore the similar concepts for beams and braces, but the discussion of those steps will have to wait until some later time.</p><p>Here is \n\n<a href=\"http://thebuildingcoder.typepad.com/blog/files/bc10023.zip\">\nversion 1.0.0.23</a>\n\nof the complete Visual Studio solution with this new command implementation.</p>"
  }
]