[
  {
    "original_filename": "0102_revit_path_guid",
    "header_text": "Introduction",
    "local_header_href": "#introduction",
    "chunk_text": "<style>\n.blue { color: blue; }\n.teal { color: teal; }\n.maroon { color: maroon; }\n.green { color: green; }\n.gray { color: gray; }\n</style>"
  },
  {
    "original_filename": "0102_revit_path_guid",
    "header_text": "Revit Install Path and Product GUIDs",
    "local_header_href": "#revit-install-path-and-product-guids",
    "chunk_text": "<h3>Revit Install Path and Product GUIDs</h3><p>Things were a bit hectic with many cases toward the end of last week, so less posts.\nBy chance and luck, I was able to spontaneously join a ski tour on Sunday.\nThe danger of avalanches is currently pretty high in most of Switzerland, and the weather was bad with lots of snow as well, so we evaded those problems by going way down south into Ticino and climbing Motto Crostel, 2302 m, from Faido and Tengia at 1099 m. \nWe even got some sun and spots of deep blue sky in the late afternoon.\nNow I am finishing off this post that I started working on a while ago so that I have something prepared for tomorrow morning before I get bogged down in real work again, on the Revit installation path and the Revit product GUIDs.</p><p>Installation of a Revit add-in requires knowledge of the Revit program folder path, either just to modify Revit.ini or to actually install the add-in into the same folder.</p>"
  },
  {
    "original_filename": "0102_revit_path_guid",
    "header_text": "Revit Add-in Folder",
    "local_header_href": "#revit-add-in-folder",
    "chunk_text": "<h4>Revit Add-in Folder</h4><p>The easiest way to make full use of some of the more complex .NET framework features which involve security settings and access rights, for example application settings and resource handling, is to install a class assembly in the same directory as the executable defining the AppDomain loading the it, i.e. Revit.exe in the Revit executable folder, which is the Program subdirectory under the Revit main installation folder.\nOne example of this is making use of the using System.Configuration namespace to store application settings.\nThe general recommendation for both AutoCAD.NET and Revit add-ins is for the installer to install the external command into the main application executable folder.</p><p>However, it is not absolutely necessary to install a Revit add-in in the same directory as Revit.exe.\nI leave all my sample applications in the binary directory where they are built, and some shipping add-ins from Autodesk create their own installation folders, by default under C:/Program Files/Autodesk, such as:</p><ul>\n<li>Batch Print for Revit 2009</li>\n<li>Worksharing Monitor for Autodesk Revit 2010</li>\n<li>STL Export for Autodesk Revit 2010</li>\n</ul>"
  },
  {
    "original_filename": "0102_revit_path_guid",
    "header_text": "Revit Install Path",
    "local_header_href": "#revit-install-path",
    "chunk_text": "<h4>Revit Install Path</h4><p>In any case, an installer will need to determine the Revit install path.</p><p>Revit is designed to write as little as possible into the Windows registry. \nThough it adds some entries to the Windows registry at session start-up, by default it will clean up those entries again when it exits. \nFortunately, Windows maintains some independent uninstall information in the registry, and this includes the installation folder path.\nThe uninstall information is located under the following registry key:</p><pre>\nHKEY_LOCAL_MACHINE\n  \\SOFTWARE\n  \\Microsoft\n  \\Windows\n  \\CurrentVersion\n  \\Uninstall\n</pre><p>If the 32-bit version of Revit is installed on a 64-bit OS machine, the registry path is placed under the Wow6432Node key, so it becomes:</p><pre>\nHKEY_LOCAL_MACHINE\n  \\SOFTWARE\n  \\Wow6432Node\n  \\Microsoft\n  \\Windows\n  \\CurrentVersion\n  \\Uninstall\n</pre><p>For each version of Revit, the installer will add uninstall information under a sub-key named according to a version specific GUID.\nThese GUIDs depend on the Revit version and flavour. \nThere are also separate GUIDs for the 32 and 64 bit versions.\nThe Revit product GUID is thus independent of the Revit language and only depends on the 32 or 64 bit version, major version number and flavour, which is one of RAC, RME or RST, for Revit Architecture, MEP and Structure.</p><p>To find the GUID for any specific Revit product version and language that you are interested in, simply search for the product name under the Uninstall key. \nFor instance, for Revit Architecture 2009, search for the string \"Revit Architecture 2009\". \nThe search result will be located in a sub-key named \"{A3A37DA6-70C0-497C-BCB1-148E9EC1D32E}\", so the uninstall information for an 32 bit English version of Revit Architecture 2009 on a 32-bit OS is located under the following registry key:</p><pre>\nHKEY_LOCAL_MACHINE\n  \\SOFTWARE\n  \\Microsoft\n  \\Windows\n  \\CurrentVersion\n  \\Uninstall\n  \\{A3A37DA6-70C0-497C-BCB1-148E9EC1D32E}\n</pre>"
  },
  {
    "original_filename": "0102_revit_path_guid",
    "header_text": "Revit Product GUIDs",
    "local_header_href": "#revit-product-guids",
    "chunk_text": "<h4>Revit Product GUIDs</h4><p>Here is a set of GUIDs for various versions of Revit, including the upcoming 2010 release:</p><table border=\"1\">\n<tr><td rowspan=\"6\">2010</td><td rowspan=\"3\">64 bit</td><td>RAC</td><td>{2A8EEE2F-4A9E-43d8-AA07-EC8A316B2DEB}</td></tr>\n<tr><td>RME</td><td>{A1BD042B-8A6F-4e37-92A3-78921BB45B05}</td></tr>\n<tr><td>RST</td><td>{BC9C0A08-DEA4-4138-A7FB-8F68866DB0C1}</td></tr>\n<tr><td rowspan=\"3\">32 bit</td><td>RAC</td><td>{572FBF5D-3BAA-42ff-A468-A54C2C0A17C3}</td></tr>\n<tr><td>RME</td><td>{5C8281B1-B927-495a-A0FF-AB4BDFAE505C}</td></tr>\n<tr><td>RST</td><td>{939D29FC-B82D-42a7-BB1E-8E3F121505CC}</td></tr>\n<tr><td rowspan=\"6\">2009</td><td rowspan=\"3\">64 bit</td><td>RAC</td><td>{D2466208-7348-4214-B01E-7BC8729E2BD3}</td></tr>\n<tr><td>RME</td><td>{4A98F976-01B5-40e8-A496-AEFD85C3A446}</td></tr>\n<tr><td>RST</td><td>{B354FCF5-CF64-4fa2-AA84-9D9B2A6FA649}</td></tr>\n<tr><td rowspan=\"10\">32 bit</td><td>RAC</td><td>{A3A37DA6-70C0-497C-BCB1-148E9EC1D32E}</td></tr>\n<tr><td>RME</td><td>{E3781DCB-A650-4E66-9B74-67A1B17F052C}</td></tr>\n<tr><td>RST</td><td>{C4B3B3C3-2EE9-48D3-9BF5-4443F7ECF759}</td></tr>\n<tr><td rowspan=\"3\">2008</td><td>RAC</td><td>{4A11206C-4377-49E8-911E-B11548658FF3}</td></tr>\n<tr><td>RME</td><td>{60A2743E-C881-4880-94ED-96445E38616F}</td></tr>\n<tr><td>RST</td><td>{8D0AE0BB-4FE5-491D-A284-3B363F02E639}</td></tr>\n<tr><td align=\"right\">9.0</td><td>Revit Building</td><td>{D11DB6CB-0332-4735-B312-B919741D975E}</td></tr>\n<tr><td align=\"right\">3</td><td>RST</td><td>{3F11CEE0-D30D-41ce-8522-922B5D8BB324}</td></tr>\n<tr><td align=\"right\">8.1</td><td>Revit Building</td><td>{7EBC0489-5E47-498D-BE31-B094484612E9}</td></tr>\n<tr><td align=\"right\">2</td><td>RST</td><td>{BE814F63-629D-4fd8-B628-1437AC10F9D4}</td></tr>\n</table>"
  }
]