[
  {
    "original_filename": "0104_uniqueid_dwf_ifc_guid",
    "header_text": "Introduction",
    "local_header_href": "#introduction",
    "chunk_text": "<style>\n.blue { color: blue; }\n.teal { color: teal; }\n.maroon { color: maroon; }\n.green { color: green; }\n</style>"
  },
  {
    "original_filename": "0104_uniqueid_dwf_ifc_guid",
    "header_text": "UniqueId versus DWF and IFC GUID",
    "local_header_href": "#uniqueid-versus-dwf-and-ifc-guid",
    "chunk_text": "<h3>UniqueId versus DWF and IFC GUID</h3><p>One frequent question from developers has been on how to correlate the GUIDs or globally unique identifiers used when exporting models to DWF and IFC from Revit with the element ids and unique ids used internally in the Revit model.<p>\n<h4>GUID and UniqueId</h4>\n<p>A\n\n<a href=\"http://en.wikipedia.org/wiki/Guid\">\nGUID</a>\n\nis a 16-byte, i.e. 128 bit number.\nIt is commonly split up into several fields of varying lengths and written in groups of 8-4-4-4-12 hexadecimal characters,\ni.e. 32 characters to represent the 16 bytes or 128 bits.</p>\n<p>On the other hand, we have the Revit UniqueId.\nEvery element has such a unique identifier, which is returned through the API as a string.\nThis string is formatted in groups of 8-4-4-4-12-8 hexadecimal characters.\nIt is thus similar to the standard GUID format, but has 8 additional characters at the end.\nThese 8 additional hexadecimal characters are large enough to store 4 bytes or a 32 bit number, which is exactly the size of a Revit element id.</p>\n<p>If I create a couple of walls in a row, I note that the GUID part of the UniqueId is the same for all of them, and the last 8 bytes differ and exactly represent their individual element ids.\nHere are the various ids of two walls, exported to both DWF and IFC:</p>\n<pre>\nId=130315; Class=Wall; Category=Walls; Name=Generic - 200mm;\n  UniqueId = 60f91daf-3dd7-4283-a86d-24137b73f3da-0001fd0b;\n  Dwf Guid = 60f91daf-3dd7-4283-a86d-24137b720ed1;\n  Ifc Guid = 1W_HslFTT2WwXj91DxSWxH\n\nId=130335; Class=Wall; Category=Walls; Name=Generic - 200mm;\n  UniqueId = 60f91daf-3dd7-4283-a86d-24137b73f3da-0001fd1f;\n  Dwf Guid = 60f91daf-3dd7-4283-a86d-24137b720ec5\n  Ifc Guid = 1W_HslFTT2WwXj91DxSWx5\n</pre>\n<p>You can see that the first 16 bytes or 32 hex characters of the unique identifiers are identical.\nThis portion is apparently internally called EpisodeId in Revit.\nThe unique ids only differ in the 4 byte or 8 hex character suffix at the end.\nIn the case above, the two differing suffixes for the walls are indeed their element ids in hexadecimal representation: 130315 decimal equals 0x1fd0b, and 130335 equals 0x1fd1f.</p>\n<p>There are several items of interest in the data displayed for these two walls:</p>\n<ul>\n<li>The UniqueId does not adhere to the standard GUID format.</li>\n<li>The DWF GUID does.</li>\n<li>The IFC GUID looks completely different from both.</li>\n</ul>\n<p>Obviously, it would be useful to convert between the three different formats.\nThe following two sections discuss exactly that:</p>\n<ul>\n<li>Converting back and forth between the DWF and IFC GUID formats.</li>\n<li>How to convert from the Revit UniqueId to the standard GUID form used in DWF.</li>\n</ul>\n<h4>IFC GUID Encoding</h4>\n<p>First of all, it is important to understand that the IFC GUID is completely identical to the DWF GUID.\nIt is simply encoded in a different format to create a shorter text representation to save a few bytes in the text-based IFC files.</p>\n<p>I was actually involved in the original definition of this approach, as well as once being the secretary of the\n\n<a href=\"http://www.iai-tech.org\">IAI</a>,\n\nand to my surprise I see my name is still listed in the source code history of CreateGuid_64.c, the module implementing this encoding algorithm.</p>\n<p>To demonstrate the encoding and decoding process, I made use of the original CreateGuid_64.c C module and compiled it into a stand-alone DLL named IfcGuid.dll. Further down, we discuss this as well as a stand-alone .NET console application written in C# to test it.</p>\n<h4>UniqueId to GUID Encoding</h4>\n<p>Now we know that the DWF and IFC GUIDs are in fact identical, we can use the term GUID to refer to both of them.</p>\n<p>The next question is how the GUID used for exporting a Revit element is defined from its internal Revit database properties such as element id and UniqueId.</p>\n<p>Four different rules are used for various groups of Revit elements to generate their GUID used for DWF and IFC export.\nThey may combine data from the Revit element id and the UniqueId both of the element itself and some other element:</p>\n<ol>\n<li>If the element is being exported after an IFC import, we preserve the GUID originally contained in the IFC Entity. This is a rare case.</li>\n<li>If there is a one-to-one correspondence between a Revit Element and an IFC entity, we create the GUID by taking the GUID in the EpisodeId of the element and XORing it with the element id.</li>\n<li>For special IFC Entities that have no corresponding element in Revit, such as IfcBuilding and IfcProject, and for some elements that are duplicated, such as an opening for a window or door instance, we create the GUID by taking the Detach GUID of the project and XORing it with the element id.</li>\n<li>For other IFC Entities, we create a GUID on the fly.</li>\n</ol>\n<p>Given the string representation of a Revit UniqueId in the variable 'a', the following code implements the GUID creation:</p>\n<pre class=\"code\">\nPrint( <span class=\"maroon\">\"Revit UniqueId: \"</span> + a );\n \n<span class=\"teal\">Guid</span> episodeId = <span class=\"blue\">new</span> <span class=\"teal\">Guid</span>( a.Substring( 0, 36 ) );\n \n<span class=\"blue\">int</span> elementId = <span class=\"blue\">int</span>.Parse( a.Substring( 37 ),\n  <span class=\"teal\">NumberStyles</span>.AllowHexSpecifier );\n \nPrint( <span class=\"maroon\">\"     EpisodeId: \"</span> + episodeId.ToString() );\nPrint( <span class=\"blue\">string</span>.Format( <span class=\"maroon\">\"     ElementId: {0} = {1}\"</span>,\n  elementId.ToString(), elementId.ToString( <span class=\"maroon\">\"x8\"</span> ) ) );\n \n<span class=\"blue\">int</span> last_32_bits = <span class=\"blue\">int</span>.Parse( a.Substring( 28, 8 ),\n  <span class=\"teal\">NumberStyles</span>.AllowHexSpecifier );\n \n<span class=\"blue\">int</span> xor = last_32_bits ^ elementId;\n \na = a.Substring( 0, 28 ) + xor.ToString( <span class=\"maroon\">\"x8\"</span> );\n \nPrint( <span class=\"maroon\">\"          Guid: \"</span> + a + <span class=\"maroon\">\"\\n\"</span> );\n</pre>\n<p>For the first wall listed above, the result of executing this is:</p>\n<pre>\nRevit UniqueId: 60f91daf-3dd7-4283-a86d-24137b73f3da-0001fd0b\n     EpisodeId: 60f91daf-3dd7-4283-a86d-24137b73f3da\n     ElementId: 130315 = 0001fd0b\n          Guid: 60f91daf-3dd7-4283-a86d-24137b720ed1\n</pre>\n<p>So we now know how to calculate the GUID of a Revit element, and the previous section explained that it is possible to convert back and forth between the GUID and the IFC format.</p>\n<p>The time has come to make use of all this and put together a utility to exercise and test all the possible conversions.</p>\n<h4>IFC GUID and UniqueId Encoder and Decoder</h4>\n<p>To demonstrate the Revit element GUID generation and IFC GUID encoding and decoding process, I wrote a little stand-alone program that implements both. It provides the following functionality:</p>\n<ul>\n<li>Convert Revit UniqueId to GUID.</li>\n<li>Encode GUID to IFC format.</li>\n<li>Decode IFC format GUID to standard representation.</li>\n</ul>\n<p>It makes use of the original IFC CreateGuid_64.c C module, compiled it into a stand-alone DLL named IfcGuid.dll.\nThe rest of the program is written in .NET.\nTherefore, we need a C# client interface for the unmanaged C code to test the encoding and decoding from the standard GUID into the IFC format and back again.\nThe two important functions defined in CreateGuid_64.c for achieving this are</p>\n<pre class=\"code\">\n<span class=\"blue\">char</span> * getString64FromGuid( <span class=\"blue\">const</span> GUID *pGuid, <span class=\"blue\">char</span> * buf, <span class=\"blue\">int</span> len );\nBOOL getGuidFromString64( <span class=\"blue\">const</span> <span class=\"blue\">char</span> *string, GUID *pGuid );\n</pre>\n<p>I will spare you the C code. \nIt is included in the complete solution available below.\nThe C# statements used to provide access to these two functions from .NET look like this:</p>\n<pre class=\"code\">\n[<span class=\"teal\">DllImport</span>( <span class=\"maroon\">\"IfcGuid.dll\"</span> )]\n<span class=\"blue\">static</span> <span class=\"blue\">extern</span> <span class=\"blue\">void</span> getString64FromGuid(\n  <span class=\"blue\">ref</span> <span class=\"teal\">Guid</span> guid,\n  <span class=\"teal\">StringBuilder</span> s64 );\n \n[<span class=\"teal\">DllImport</span>( <span class=\"maroon\">\"IfcGuid.dll\"</span> )]\n<span class=\"blue\">static</span> <span class=\"blue\">extern</span> <span class=\"blue\">bool</span> getGuidFromString64(\n  <span class=\"blue\">string</span> s64,\n  <span class=\"blue\">ref</span> <span class=\"teal\">Guid</span> guid );\n</pre>\n<p>I implemented two little wrapper methods in C# to provide more comfortable access to the two functions:</p>\n<pre class=\"code\">\n<span class=\"blue\">static</span> <span class=\"teal\">Guid</span> String64ToGuid( <span class=\"blue\">string</span> s64 )\n{\n  <span class=\"teal\">Guid</span> guid = <span class=\"blue\">new</span> <span class=\"teal\">Guid</span>();\n  getGuidFromString64( s64.ToString(), <span class=\"blue\">ref</span> guid );\n  <span class=\"blue\">return</span> guid;\n}\n \n<span class=\"blue\">static</span> <span class=\"blue\">string</span> GuidToString64( <span class=\"teal\">Guid</span> guid )\n{\n  <span class=\"teal\">StringBuilder</span> s = <span class=\"blue\">new</span> <span class=\"teal\">StringBuilder</span>(\n    <span class=\"maroon\">\"                        \"</span> );\n  getString64FromGuid( <span class=\"blue\">ref</span> guid, s );\n  <span class=\"blue\">return</span> s.ToString();\n}\n</pre>\n<p>Here is the mainline of the program:</p>\n<pre class=\"code\">\n<span class=\"blue\">static</span> <span class=\"blue\">void</span> Main( <span class=\"blue\">string</span>[] args )\n{\n  Print( <span class=\"maroon\">\"IfcGuid by Jeremy Tammik.\"</span> );\n  <span class=\"blue\">if</span>( 0 == args.Length )\n  {\n    Print( <span class=\"maroon\">\"Do you have a GUID for me?\"</span> );\n  }\n  <span class=\"blue\">else</span>\n  {\n    <span class=\"blue\">string</span> a = args[0];\n    <span class=\"blue\">int</span> n = a.Length;\n \n    <span class=\"blue\">if</span>( 45 == n )\n    {\n      Print( <span class=\"maroon\">\"Revit UniqueId: \"</span> + a );\n \n      <span class=\"teal\">Guid</span> episodeId = <span class=\"blue\">new</span> <span class=\"teal\">Guid</span>( a.Substring( 0, 36 ) );\n \n      <span class=\"blue\">int</span> elementId = <span class=\"blue\">int</span>.Parse( a.Substring( 37 ),\n        <span class=\"teal\">NumberStyles</span>.AllowHexSpecifier );\n \n      Print( <span class=\"maroon\">\"     EpisodeId: \"</span> + episodeId.ToString() );\n      Print( <span class=\"blue\">string</span>.Format( <span class=\"maroon\">\"     ElementId: {0} = {1}\"</span>,\n        elementId.ToString(), elementId.ToString( <span class=\"maroon\">\"x8\"</span> ) ) );\n \n      <span class=\"blue\">int</span> last_32_bits = <span class=\"blue\">int</span>.Parse( a.Substring( 28, 8 ),\n        <span class=\"teal\">NumberStyles</span>.AllowHexSpecifier );\n \n      <span class=\"blue\">int</span> xor = last_32_bits ^ elementId;\n \n      a = a.Substring( 0, 28 ) + xor.ToString( <span class=\"maroon\">\"x8\"</span> );\n \n      Print( <span class=\"maroon\">\"          Guid: \"</span> + a + <span class=\"maroon\">\"\\n\"</span> );\n    }\n \n    <span class=\"blue\">if</span>( 22 == a.Length )\n    {\n      <span class=\"teal\">Guid</span> guid = String64ToGuid( a );\n      <span class=\"blue\">string</span> s = GuidToString64( guid );\n      Print( <span class=\"maroon\">\"Ifc base64 encoding: \"</span> + a );\n      Print( <span class=\"maroon\">\"    decoded to GUID: \"</span> + guid.ToString() );\n      Print( <span class=\"maroon\">\"   reencoded to IFC: \"</span> + s );\n      <span class=\"teal\">Debug</span>.Assert( s.Equals( a ),\n        <span class=\"maroon\">\"expected decode + encode to return original guid\"</span> );\n    }\n    <span class=\"blue\">else</span>\n    {\n      <span class=\"teal\">Guid</span> guid = <span class=\"blue\">new</span> <span class=\"teal\">Guid</span>( a );\n      <span class=\"blue\">string</span> s1 = ToBase64.<span class=\"teal\">ToBase64</span>.GetId( guid );\n      <span class=\"blue\">string</span> s2 = <span class=\"teal\">Convert</span>.ToBase64String( guid.ToByteArray() );\n      <span class=\"blue\">string</span> s3 = <span class=\"blue\">new</span> ShortGuid.<span class=\"teal\">ShortGuid</span>( guid ).ToString();\n      <span class=\"blue\">string</span> s4 = GuidToString64( guid );\n      <span class=\"teal\">Guid</span> guid2 = String64ToGuid( s4 );\n \n      Print( <span class=\"maroon\">\"Original 128-bit GUID: \"</span> + guid.ToString() );\n      Print( <span class=\"maroon\">\"    ToBase64 encoding: \"</span> + s1 );\n      Print( <span class=\"maroon\">\" .NET base64 encoding: \"</span> + s2 );\n      Print( <span class=\"maroon\">\"   ShortGuid encoding: \"</span> + s3 );\n      Print( <span class=\"maroon\">\" IFC base 64 encoding: \"</span> + s4 );\n      Print( <span class=\"maroon\">\" decoded back to GUID: \"</span> + guid2.ToString() );\n      <span class=\"teal\">Debug</span>.Assert( guid2.Equals( guid ),\n        <span class=\"maroon\">\"expected encode + decode to return original guid\"</span> );\n    }\n  }\n}\n</pre>\n<p>It checks whether an argument is given.\nIf not, it asks you to provide a GUID of some kind.\nIf the string length of the argument provided is 45, we can assume that it is a Revit UniqueId and generate a standard GUID from it using the algorithm described above.\nIf its string length is 22, we can assume that it is an IFC encoded GUID and decode it.\nOtherwise, it is assumed to be a standard GUID and we encode it into IFC format.\nIn both cases, we apply the inverse operation to the result and ensure that the original data is restored.\n</p>\n<p>Here is the complete\n\n<a href=\"zip/ifcguid.zip\">\nVisual Studio 2005 solution</a>.</p>\n</p></p>"
  },
  {
    "original_filename": "0104_uniqueid_dwf_ifc_guid",
    "header_text": "GUID and UniqueId",
    "local_header_href": "#guid-and-uniqueid",
    "chunk_text": "<h4>GUID and UniqueId</h4><p>A\n\n<a href=\"http://en.wikipedia.org/wiki/Guid\">\nGUID</a>\n\nis a 16-byte, i.e. 128 bit number.\nIt is commonly split up into several fields of varying lengths and written in groups of 8-4-4-4-12 hexadecimal characters,\ni.e. 32 characters to represent the 16 bytes or 128 bits.</p><p>On the other hand, we have the Revit UniqueId.\nEvery element has such a unique identifier, which is returned through the API as a string.\nThis string is formatted in groups of 8-4-4-4-12-8 hexadecimal characters.\nIt is thus similar to the standard GUID format, but has 8 additional characters at the end.\nThese 8 additional hexadecimal characters are large enough to store 4 bytes or a 32 bit number, which is exactly the size of a Revit element id.</p><p>If I create a couple of walls in a row, I note that the GUID part of the UniqueId is the same for all of them, and the last 8 bytes differ and exactly represent their individual element ids.\nHere are the various ids of two walls, exported to both DWF and IFC:</p><pre>\nId=130315; Class=Wall; Category=Walls; Name=Generic - 200mm;\n  UniqueId = 60f91daf-3dd7-4283-a86d-24137b73f3da-0001fd0b;\n  Dwf Guid = 60f91daf-3dd7-4283-a86d-24137b720ed1;\n  Ifc Guid = 1W_HslFTT2WwXj91DxSWxH\n\nId=130335; Class=Wall; Category=Walls; Name=Generic - 200mm;\n  UniqueId = 60f91daf-3dd7-4283-a86d-24137b73f3da-0001fd1f;\n  Dwf Guid = 60f91daf-3dd7-4283-a86d-24137b720ec5\n  Ifc Guid = 1W_HslFTT2WwXj91DxSWx5\n</pre><p>You can see that the first 16 bytes or 32 hex characters of the unique identifiers are identical.\nThis portion is apparently internally called EpisodeId in Revit.\nThe unique ids only differ in the 4 byte or 8 hex character suffix at the end.\nIn the case above, the two differing suffixes for the walls are indeed their element ids in hexadecimal representation: 130315 decimal equals 0x1fd0b, and 130335 equals 0x1fd1f.</p><p>There are several items of interest in the data displayed for these two walls:</p><ul>\n<li>The UniqueId does not adhere to the standard GUID format.</li>\n<li>The DWF GUID does.</li>\n<li>The IFC GUID looks completely different from both.</li>\n</ul><p>Obviously, it would be useful to convert between the three different formats.\nThe following two sections discuss exactly that:</p><ul>\n<li>Converting back and forth between the DWF and IFC GUID formats.</li>\n<li>How to convert from the Revit UniqueId to the standard GUID form used in DWF.</li>\n</ul>"
  },
  {
    "original_filename": "0104_uniqueid_dwf_ifc_guid",
    "header_text": "IFC GUID Encoding",
    "local_header_href": "#ifc-guid-encoding",
    "chunk_text": "<h4>IFC GUID Encoding</h4><p>First of all, it is important to understand that the IFC GUID is completely identical to the DWF GUID.\nIt is simply encoded in a different format to create a shorter text representation to save a few bytes in the text-based IFC files.</p><p>I was actually involved in the original definition of this approach, as well as once being the secretary of the\n\n<a href=\"http://www.iai-tech.org\">IAI</a>,\n\nand to my surprise I see my name is still listed in the source code history of CreateGuid_64.c, the module implementing this encoding algorithm.</p><p>To demonstrate the encoding and decoding process, I made use of the original CreateGuid_64.c C module and compiled it into a stand-alone DLL named IfcGuid.dll. Further down, we discuss this as well as a stand-alone .NET console application written in C# to test it.</p>"
  },
  {
    "original_filename": "0104_uniqueid_dwf_ifc_guid",
    "header_text": "UniqueId to GUID Encoding",
    "local_header_href": "#uniqueid-to-guid-encoding",
    "chunk_text": "<h4>UniqueId to GUID Encoding</h4><p>Now we know that the DWF and IFC GUIDs are in fact identical, we can use the term GUID to refer to both of them.</p><p>The next question is how the GUID used for exporting a Revit element is defined from its internal Revit database properties such as element id and UniqueId.</p><p>Four different rules are used for various groups of Revit elements to generate their GUID used for DWF and IFC export.\nThey may combine data from the Revit element id and the UniqueId both of the element itself and some other element:</p><ol>\n<li>If the element is being exported after an IFC import, we preserve the GUID originally contained in the IFC Entity. This is a rare case.</li>\n<li>If there is a one-to-one correspondence between a Revit Element and an IFC entity, we create the GUID by taking the GUID in the EpisodeId of the element and XORing it with the element id.</li>\n<li>For special IFC Entities that have no corresponding element in Revit, such as IfcBuilding and IfcProject, and for some elements that are duplicated, such as an opening for a window or door instance, we create the GUID by taking the Detach GUID of the project and XORing it with the element id.</li>\n<li>For other IFC Entities, we create a GUID on the fly.</li>\n</ol><p>Given the string representation of a Revit UniqueId in the variable 'a', the following code implements the GUID creation:</p><pre class=\"code\">\nPrint( <span class=\"maroon\">\"Revit UniqueId: \"</span> + a );\n \n<span class=\"teal\">Guid</span> episodeId = <span class=\"blue\">new</span> <span class=\"teal\">Guid</span>( a.Substring( 0, 36 ) );\n \n<span class=\"blue\">int</span> elementId = <span class=\"blue\">int</span>.Parse( a.Substring( 37 ),\n  <span class=\"teal\">NumberStyles</span>.AllowHexSpecifier );\n \nPrint( <span class=\"maroon\">\"     EpisodeId: \"</span> + episodeId.ToString() );\nPrint( <span class=\"blue\">string</span>.Format( <span class=\"maroon\">\"     ElementId: {0} = {1}\"</span>,\n  elementId.ToString(), elementId.ToString( <span class=\"maroon\">\"x8\"</span> ) ) );\n \n<span class=\"blue\">int</span> last_32_bits = <span class=\"blue\">int</span>.Parse( a.Substring( 28, 8 ),\n  <span class=\"teal\">NumberStyles</span>.AllowHexSpecifier );\n \n<span class=\"blue\">int</span> xor = last_32_bits ^ elementId;\n \na = a.Substring( 0, 28 ) + xor.ToString( <span class=\"maroon\">\"x8\"</span> );\n \nPrint( <span class=\"maroon\">\"          Guid: \"</span> + a + <span class=\"maroon\">\"\\n\"</span> );\n</pre><p>For the first wall listed above, the result of executing this is:</p><pre>\nRevit UniqueId: 60f91daf-3dd7-4283-a86d-24137b73f3da-0001fd0b\n     EpisodeId: 60f91daf-3dd7-4283-a86d-24137b73f3da\n     ElementId: 130315 = 0001fd0b\n          Guid: 60f91daf-3dd7-4283-a86d-24137b720ed1\n</pre><p>So we now know how to calculate the GUID of a Revit element, and the previous section explained that it is possible to convert back and forth between the GUID and the IFC format.</p><p>The time has come to make use of all this and put together a utility to exercise and test all the possible conversions.</p>"
  },
  {
    "original_filename": "0104_uniqueid_dwf_ifc_guid",
    "header_text": "IFC GUID and UniqueId Encoder and Decoder",
    "local_header_href": "#ifc-guid-and-uniqueid-encoder-and-decoder",
    "chunk_text": "<h4>IFC GUID and UniqueId Encoder and Decoder</h4><p>To demonstrate the Revit element GUID generation and IFC GUID encoding and decoding process, I wrote a little stand-alone program that implements both. It provides the following functionality:</p><ul>\n<li>Convert Revit UniqueId to GUID.</li>\n<li>Encode GUID to IFC format.</li>\n<li>Decode IFC format GUID to standard representation.</li>\n</ul><p>It makes use of the original IFC CreateGuid_64.c C module, compiled it into a stand-alone DLL named IfcGuid.dll.\nThe rest of the program is written in .NET.\nTherefore, we need a C# client interface for the unmanaged C code to test the encoding and decoding from the standard GUID into the IFC format and back again.\nThe two important functions defined in CreateGuid_64.c for achieving this are</p><pre class=\"code\">\n<span class=\"blue\">char</span> * getString64FromGuid( <span class=\"blue\">const</span> GUID *pGuid, <span class=\"blue\">char</span> * buf, <span class=\"blue\">int</span> len );\nBOOL getGuidFromString64( <span class=\"blue\">const</span> <span class=\"blue\">char</span> *string, GUID *pGuid );\n</pre><p>I will spare you the C code. \nIt is included in the complete solution available below.\nThe C# statements used to provide access to these two functions from .NET look like this:</p><pre class=\"code\">\n[<span class=\"teal\">DllImport</span>( <span class=\"maroon\">\"IfcGuid.dll\"</span> )]\n<span class=\"blue\">static</span> <span class=\"blue\">extern</span> <span class=\"blue\">void</span> getString64FromGuid(\n  <span class=\"blue\">ref</span> <span class=\"teal\">Guid</span> guid,\n  <span class=\"teal\">StringBuilder</span> s64 );\n \n[<span class=\"teal\">DllImport</span>( <span class=\"maroon\">\"IfcGuid.dll\"</span> )]\n<span class=\"blue\">static</span> <span class=\"blue\">extern</span> <span class=\"blue\">bool</span> getGuidFromString64(\n  <span class=\"blue\">string</span> s64,\n  <span class=\"blue\">ref</span> <span class=\"teal\">Guid</span> guid );\n</pre><p>I implemented two little wrapper methods in C# to provide more comfortable access to the two functions:</p><pre class=\"code\">\n<span class=\"blue\">static</span> <span class=\"teal\">Guid</span> String64ToGuid( <span class=\"blue\">string</span> s64 )\n{\n  <span class=\"teal\">Guid</span> guid = <span class=\"blue\">new</span> <span class=\"teal\">Guid</span>();\n  getGuidFromString64( s64.ToString(), <span class=\"blue\">ref</span> guid );\n  <span class=\"blue\">return</span> guid;\n}\n \n<span class=\"blue\">static</span> <span class=\"blue\">string</span> GuidToString64( <span class=\"teal\">Guid</span> guid )\n{\n  <span class=\"teal\">StringBuilder</span> s = <span class=\"blue\">new</span> <span class=\"teal\">StringBuilder</span>(\n    <span class=\"maroon\">\"                        \"</span> );\n  getString64FromGuid( <span class=\"blue\">ref</span> guid, s );\n  <span class=\"blue\">return</span> s.ToString();\n}\n</pre><p>Here is the mainline of the program:</p><pre class=\"code\">\n<span class=\"blue\">static</span> <span class=\"blue\">void</span> Main( <span class=\"blue\">string</span>[] args )\n{\n  Print( <span class=\"maroon\">\"IfcGuid by Jeremy Tammik.\"</span> );\n  <span class=\"blue\">if</span>( 0 == args.Length )\n  {\n    Print( <span class=\"maroon\">\"Do you have a GUID for me?\"</span> );\n  }\n  <span class=\"blue\">else</span>\n  {\n    <span class=\"blue\">string</span> a = args[0];\n    <span class=\"blue\">int</span> n = a.Length;\n \n    <span class=\"blue\">if</span>( 45 == n )\n    {\n      Print( <span class=\"maroon\">\"Revit UniqueId: \"</span> + a );\n \n      <span class=\"teal\">Guid</span> episodeId = <span class=\"blue\">new</span> <span class=\"teal\">Guid</span>( a.Substring( 0, 36 ) );\n \n      <span class=\"blue\">int</span> elementId = <span class=\"blue\">int</span>.Parse( a.Substring( 37 ),\n        <span class=\"teal\">NumberStyles</span>.AllowHexSpecifier );\n \n      Print( <span class=\"maroon\">\"     EpisodeId: \"</span> + episodeId.ToString() );\n      Print( <span class=\"blue\">string</span>.Format( <span class=\"maroon\">\"     ElementId: {0} = {1}\"</span>,\n        elementId.ToString(), elementId.ToString( <span class=\"maroon\">\"x8\"</span> ) ) );\n \n      <span class=\"blue\">int</span> last_32_bits = <span class=\"blue\">int</span>.Parse( a.Substring( 28, 8 ),\n        <span class=\"teal\">NumberStyles</span>.AllowHexSpecifier );\n \n      <span class=\"blue\">int</span> xor = last_32_bits ^ elementId;\n \n      a = a.Substring( 0, 28 ) + xor.ToString( <span class=\"maroon\">\"x8\"</span> );\n \n      Print( <span class=\"maroon\">\"          Guid: \"</span> + a + <span class=\"maroon\">\"\\n\"</span> );\n    }\n \n    <span class=\"blue\">if</span>( 22 == a.Length )\n    {\n      <span class=\"teal\">Guid</span> guid = String64ToGuid( a );\n      <span class=\"blue\">string</span> s = GuidToString64( guid );\n      Print( <span class=\"maroon\">\"Ifc base64 encoding: \"</span> + a );\n      Print( <span class=\"maroon\">\"    decoded to GUID: \"</span> + guid.ToString() );\n      Print( <span class=\"maroon\">\"   reencoded to IFC: \"</span> + s );\n      <span class=\"teal\">Debug</span>.Assert( s.Equals( a ),\n        <span class=\"maroon\">\"expected decode + encode to return original guid\"</span> );\n    }\n    <span class=\"blue\">else</span>\n    {\n      <span class=\"teal\">Guid</span> guid = <span class=\"blue\">new</span> <span class=\"teal\">Guid</span>( a );\n      <span class=\"blue\">string</span> s1 = ToBase64.<span class=\"teal\">ToBase64</span>.GetId( guid );\n      <span class=\"blue\">string</span> s2 = <span class=\"teal\">Convert</span>.ToBase64String( guid.ToByteArray() );\n      <span class=\"blue\">string</span> s3 = <span class=\"blue\">new</span> ShortGuid.<span class=\"teal\">ShortGuid</span>( guid ).ToString();\n      <span class=\"blue\">string</span> s4 = GuidToString64( guid );\n      <span class=\"teal\">Guid</span> guid2 = String64ToGuid( s4 );\n \n      Print( <span class=\"maroon\">\"Original 128-bit GUID: \"</span> + guid.ToString() );\n      Print( <span class=\"maroon\">\"    ToBase64 encoding: \"</span> + s1 );\n      Print( <span class=\"maroon\">\" .NET base64 encoding: \"</span> + s2 );\n      Print( <span class=\"maroon\">\"   ShortGuid encoding: \"</span> + s3 );\n      Print( <span class=\"maroon\">\" IFC base 64 encoding: \"</span> + s4 );\n      Print( <span class=\"maroon\">\" decoded back to GUID: \"</span> + guid2.ToString() );\n      <span class=\"teal\">Debug</span>.Assert( guid2.Equals( guid ),\n        <span class=\"maroon\">\"expected encode + decode to return original guid\"</span> );\n    }\n  }\n}\n</pre><p>It checks whether an argument is given.\nIf not, it asks you to provide a GUID of some kind.\nIf the string length of the argument provided is 45, we can assume that it is a Revit UniqueId and generate a standard GUID from it using the algorithm described above.\nIf its string length is 22, we can assume that it is an IFC encoded GUID and decode it.\nOtherwise, it is assumed to be a standard GUID and we encode it into IFC format.\nIn both cases, we apply the inverse operation to the result and ensure that the original data is restored.\n</p><p>Here is the complete\n\n<a href=\"zip/ifcguid.zip\">\nVisual Studio 2005 solution</a>.</p>"
  }
]