[
  {
    "original_filename": "0109_param_binding_performance",
    "header_text": "Introduction",
    "local_header_href": "#introduction",
    "chunk_text": "<style>\n.blue { color: blue; }\n.teal { color: teal; }\n.maroon { color: maroon; }\n.green { color: green; }\n</style>"
  },
  {
    "original_filename": "0109_param_binding_performance",
    "header_text": "Parameter Binding Performance",
    "local_header_href": "#parameter-binding-performance",
    "chunk_text": "<h3>Parameter Binding Performance</h3><p>Here is a short but important question that has come up repeatedly concerning the performance of parameter bindings.<p>\n<p><strong>Question:</strong>\nThere is a big problem in the early versions of Revit 2009 with the performance of the Document ParameterBindings property, for example in the last line of the following code:</p>\n<pre class=\"code\">\n<span class=\"teal\">Application</span> app = commandData.Application;\n<span class=\"teal\">Document</span> doc = app.ActiveDocument;\n<span class=\"teal\">BindingMap</span> bindingMap = doc.ParameterBindings;\n</pre>\n<p>The last statement takes a huge amount of time to execute, in the order of minutes.\nAre there any known solutions for this?</p>\n<p><strong>Answer:</strong>\nGood news: this performance delay was analysed and reported by Saikat Bhattacharya and fixed in the \n\n<a href=\"http://usa.autodesk.com/adsk/servlet/item?siteID=123112&amp;id=11017599\">\nRevit 2009 Web Update 3</a>.\n\nThe issue is mentioned in the associated PDF file containing the \n\n<a href=\"http://revit.downloads.autodesk.com/download/2009/RAC2009_WU3_List.pdf\">\nlist of enhancements</a>:</p>\n<h4>API Enhancements</h4>\n<ul>\n<li>Parameter binding performance has been improved.</li>\n<li>The JoinType method has been implemented for the LocationCurve of structural members.</li>\n<li>Mullion LocationCurves are now accessible through the API.</li>\n<li>External programs may now suppress VSTA startup warning messages.</li>\n<li>The built-in parameter MATERIAL_PARAM_TRANSPARENCY now returns the correct set value.</li>\n</ul>\n<p>So all you need to do is install the updated version of Revit 2009 and the problem disappears.\nMany thanks to Saikat for pointing this out.</p>\n</p></p>"
  },
  {
    "original_filename": "0109_param_binding_performance",
    "header_text": "API Enhancements",
    "local_header_href": "#api-enhancements",
    "chunk_text": "<h4>API Enhancements</h4><ul>\n<li>Parameter binding performance has been improved.</li>\n<li>The JoinType method has been implemented for the LocationCurve of structural members.</li>\n<li>Mullion LocationCurves are now accessible through the API.</li>\n<li>External programs may now suppress VSTA startup warning messages.</li>\n<li>The built-in parameter MATERIAL_PARAM_TRANSPARENCY now returns the correct set value.</li>\n</ul><p>So all you need to do is install the updated version of Revit 2009 and the problem disappears.\nMany thanks to Saikat for pointing this out.</p>"
  }
]