[
  {
    "original_filename": "0124_cylindrical_column",
    "header_text": "Introduction",
    "local_header_href": "#introduction",
    "chunk_text": "<style>\n.blue { color: blue; }\n.teal { color: teal; }\n.maroon { color: maroon; }\n.green { color: green; }\n.gray { color: gray; }\n</style>"
  },
  {
    "original_filename": "0124_cylindrical_column",
    "header_text": "Cylindrical Column",
    "local_header_href": "#cylindrical-column",
    "chunk_text": "<h3>Cylindrical Column</h3><p><strong>Question:</strong>\nHow can I detect whether a column is round in Revit Structure 2010?</p><p>I implemented a solution that worked in Revit Structure 2009, but it cannot be used in the 2010 SDK, because the SolidForms and CurveLoop methods no longer exist:</p><pre class=\"code\">\n<span class=\"blue\">bool</span> IsColumnRound(\n  <span class=\"teal\">FamilySymbol</span> symbol )\n{\n  <span class=\"teal\">GenericFormSet</span> solid = symbol.Family.SolidForms;\n  <span class=\"teal\">GenericFormSetIterator</span> i = solid.ForwardIterator();\n  i.MoveNext();\n  <span class=\"teal\">Extrusion</span> extr = i.Current <span class=\"blue\">as</span> <span class=\"teal\">Extrusion</span>;\n  <span class=\"teal\">CurveArray</span> cr = extr.Sketch.CurveLoop;\n  <span class=\"teal\">CurveArrayIterator</span> i2 = cr.ForwardIterator();\n  i2.MoveNext();\n  <span class=\"teal\">String</span> s = i2.Current.GetType().ToString();\n  <span class=\"blue\">return</span> s.Contains( <span class=\"maroon\">\"Arc\"</span> );\n}\n</pre><p><strong>Answer:</strong>\nI can think of several different approaches to analyse the cross section of a column family symbol:</p><ol>\n<li>The Family.SolidForms property.</li>\n<li>The family instance solid geometry.</li>\n<li>The analytical model swept profile.</li>\n</ol><p>The last of these, number 3, can be used in Revit Structure, but not in the other flavours of Revit.</p><p>The one you describe is the first approach, which can be used in Revit 2009, but not 2010.\nIt makes use of the Revit 2009 API Family.SolidForms property:</p><p><i>SolidForms, a set of all solid forms that belong to a Family.\nReturns a read only set of all the solid forms that belong to a particular family.</i></p><p>In the Revit 2010 API help file, the section on the Family Creation API in the What's New chapter lists a host of new methods for working with families and states:</p><p><i>These methods can be used to examine the contents of the family in terms of its elements, parameters and types;\nas a result, the properties of Family which access the contents have been removed (Family.SolidForms, Family.VoidForms, Family.Components, Family.LoadedSymbols, Family.Others).</i></p><p>We could probably rewrite your original code using the new Revit 2010 family API to analyse the shapes defined in the family symbol.</p><p>I find the approach number 2 the simplest, because it operates directly on the visible family instance geometry, and this approach can be reused in a variety of situations.\nWe have already discussed several such applications, in the posts on\n\n<ul>\n<li><a href=\"http://thebuildingcoder.typepad.com/blog/2008/10/slab-boundary.html\">Slab boundary</a>.</li>\n<li><a href=\"http://thebuildingcoder.typepad.com/blog/2008/11/slab-side-faces.html\">Slab side faces</a>.</li>\n<li><a href=\"http://thebuildingcoder.typepad.com/blog/2008/11/wall-elevation-profile.html\">Wall elevation profile</a>.</li>\n<li><a href=\"http://thebuildingcoder.typepad.com/blog/2008/12/2d-polygon-areas-and-outer-loop.html\">2D polygon areas and outer loop</a>.</li>\n<li><a href=\"http://thebuildingcoder.typepad.com/blog/2008/12/3d-polygon-areas.html\">3D polygon areas</a>.</li>\n</ul>\n<p>Before doing anything further, it is always useful to analyse the structure and data of a Revit element using\n\n<a href=\"http://thebuildingcoder.typepad.com/blog/2009/02/rvtmgddbg.html\">\nRvtMgdDbg</a>.\n\nIt can be used to analyse the database contents and the element data, including its geometry.\nI do not see any immediate access to the family symbol geometry through the API, but looking at a column instance, the geometry is right there.\nFor example, I loaded and inserted an instance of the round steel column family, 76.1x3.2CHS.\nSelecting the instance in the user interface and using Add-Ins &gt; RvtMgdDbg &gt; Options &gt; Snoop Current Selection &gt; Geometry &gt; Objects &gt; Instance &gt; Symbol Geometry &gt; Objects &gt; Faces brings me to a list of two planar and four cylindrical faces.\nThere are four cylindrical ones for two reasons: first, there column is hollow, so there is an inner and an outer face.\nSecondly, the cross section is defined by two arcs instead of a circle, so each of the inner and outer faces is split into two.\nHere is a screen snapshot of exploring a round structural column in Revit Architecture 2010:</p>\n<img alt=\"Round column faces\" src=\"img/_round_column_faces.png\"/>\n<p>I implemented a sample command CmdColumnRound which prompts you to select a column instance in the model and reports back to you whether it is cylindrical or not.\nTo decide whether this is the case, it uses a very simple approach that occurred to me during the implementation: in all cases that I know of, if the solid of a column includes one single cylindrical face, the entire column is cylindrical.\nAs long as this assumption holds, we can simplify the criteria for deciding whether the column is cylindrical to simply iterating over all its faces and deciding 'Yes' as soon as a cylindrical face is encountered.\nObviously, if you have more complex columns in your model which include a cylindrical face in a non-cylindrical column, this assumption no longer holds.</p>\n<p>First, here is a helper predicate to determine whether a given Revit element 'e' looks like it might be a column family instance:</p>\n<pre class=\"code\">\n<span class=\"blue\">bool</span> IsColumn( <span class=\"teal\">RvtElement</span> e )\n{\n  <span class=\"blue\">return</span> e <span class=\"blue\">is</span> <span class=\"teal\">FamilyInstance</span>\n    &amp;&amp; <span class=\"blue\">null</span> != e.Category\n    &amp;&amp; e.Category.Name.ToLower().Contains( <span class=\"maroon\">\"column\"</span> );\n}\n</pre>\n<p>Here is the code for the Execute method:</p>\n<pre class=\"code\">\n<span class=\"teal\">Application</span> app = commandData.Application;\n<span class=\"teal\">Document</span> doc = app.ActiveDocument;\n \n<span class=\"teal\">Selection</span> sel = doc.Selection;\n<span class=\"teal\">RvtElement</span> column = <span class=\"blue\">null</span>;\n \n<span class=\"blue\">if</span>( 1 == sel.Elements.Size )\n{\n  <span class=\"blue\">foreach</span>( <span class=\"teal\">RvtElement</span> e <span class=\"blue\">in</span> sel.Elements )\n  {\n    column = e;\n  }\n  <span class=\"blue\">if</span>( !IsColumn( column ) )\n  {\n    column = <span class=\"blue\">null</span>;\n  }\n}\n \n<span class=\"blue\">if</span>( <span class=\"blue\">null</span> == column )\n{\n  sel.Elements.Clear();\n  sel.StatusbarTip = <span class=\"maroon\">\"Please select a column\"</span>;\n  <span class=\"blue\">if</span>( sel.PickOne() )\n  {\n    <span class=\"teal\">ElementSetIterator</span> i\n      = sel.Elements.ForwardIterator();\n    i.MoveNext();\n    column = i.Current <span class=\"blue\">as</span> <span class=\"teal\">RvtElement</span>;\n  }\n  <span class=\"blue\">if</span>( !IsColumn( column ) )\n  {\n    message = <span class=\"maroon\">\"Please select a single column instance\"</span>;\n  }\n}\n \n<span class=\"blue\">if</span>( <span class=\"blue\">null</span> != column )\n{\n  <span class=\"teal\">Options</span> opt = app.Create.NewGeometryOptions();\n  <span class=\"teal\">GeoElement</span> geo = column.get_Geometry( opt );\n  <span class=\"teal\">GeometryObjectArray</span> objects = geo.Objects;\n  <span class=\"teal\">GeoInstance</span> i = <span class=\"blue\">null</span>;\n  <span class=\"blue\">foreach</span>( <span class=\"teal\">GeometryObject</span> obj <span class=\"blue\">in</span> objects )\n  {\n    i = obj <span class=\"blue\">as</span> <span class=\"teal\">GeoInstance</span>;\n    <span class=\"blue\">if</span>( <span class=\"blue\">null</span> != i )\n    {\n      <span class=\"blue\">break</span>;\n    }\n  }\n  <span class=\"blue\">if</span>( <span class=\"blue\">null</span> == i )\n  {\n    message = <span class=\"maroon\">\"Unable to obtain geometry instance\"</span>;\n  }\n  <span class=\"blue\">else</span>\n  {\n    <span class=\"blue\">bool</span> isCylindrical = <span class=\"blue\">false</span>;\n    geo = i.SymbolGeometry;\n    objects = geo.Objects;\n    <span class=\"blue\">foreach</span>( <span class=\"teal\">GeometryObject</span> obj <span class=\"blue\">in</span> objects )\n    {\n      <span class=\"teal\">Solid</span> solid = obj <span class=\"blue\">as</span> <span class=\"teal\">Solid</span>;\n      <span class=\"blue\">if</span>( <span class=\"blue\">null</span> != solid )\n      {\n        <span class=\"blue\">foreach</span>( <span class=\"teal\">Face</span> face <span class=\"blue\">in</span> solid.Faces )\n        {\n          <span class=\"blue\">if</span>( face <span class=\"blue\">is</span> <span class=\"teal\">CylindricalFace</span> )\n          {\n            isCylindrical = <span class=\"blue\">true</span>;\n            <span class=\"blue\">break</span>;\n          }\n        }\n      }\n    }\n    message = <span class=\"blue\">string</span>.Format(\n      <span class=\"maroon\">\"Selected column instance is{0} cylindrical\"</span>,\n      ( isCylindrical ? <span class=\"maroon\">\"\"</span> : <span class=\"maroon\">\" NOT\"</span> ) );\n  }\n}\n<span class=\"blue\">return</span> <span class=\"teal\">CmdResult</span>.Failed;\n</pre>\n<p>The first part of the code demonstrates how to check whether a column has been preselected prior to running the command, and prompting the user to select one interactively otherwise.</p>\n<p>Once the column instance has been determined, we obtain its geometry and extract the geometry instance from it. From that, we query the symbol geometry, search for its solid, query its faces, and decide that the column is round if a cylindrical face is encountered.</p>\n<p>We make use of the message argument passed in to the Execute method to display the result of the analysis in the Revit user interface, and we return the command result Failed to ensure that the message is displayed and the Revit database is not marked as modified.</p>\n<p>Here is\n\n<a href=\"http://thebuildingcoder.typepad.com/blog/files/bc10029.zip\">\nversion 1.0.0.29</a>\n\nof the complete Visual Studio solution with the new CmdColumnRound command.</p>\n</p>"
  }
]