[
  {
    "original_filename": "0126_access_linked_file_geometry",
    "header_text": "Introduction",
    "local_header_href": "#introduction",
    "chunk_text": "<style>\n.blue { color: blue; }\n.teal { color: teal; }\n.maroon { color: maroon; }\n.green { color: green; }\n</style>"
  },
  {
    "original_filename": "0126_access_linked_file_geometry",
    "header_text": "Access to Linked File Geometry",
    "local_header_href": "#access-to-linked-file-geometry",
    "chunk_text": "<h3>Access to Linked File Geometry</h3><p>Here are some notes on accessing the geometry of imported or linked files from a case handled by my colleague Joe Ye:</p><p><strong>Question:</strong>\nHow can I access the geometry of imported or linked Revit RVT, AutoCAD DWG, and SketchUp SKP files?</p><p>For instance, I have created a file Wall.rvt containing a wall and use Import/Link to insert it into LinkWall.rvt. \nNow, when traversing the entities of LinkWall.rvt, I see an Autodesk.Revit.Element.Instance using a Symbol which seems to be the imported or linked Wall.rvt file. \nHow can I access the elements from the Symbol so that I can recursively traverse the imported/linked file?\nFurthermore, how can I do the same for an imported or linked SketchUp or DWG file?</p><p><strong>Answer:</strong>\nEach imported or linked Revit project generates a document instance in the Revit Application object's document collection Application.Documents. \nEach imported RVT file maps to one document. \nYou can determine the document name from the symbol, and then traverse all documents in the collection to find the appropriate one. \nFrom the corresponding document instance, you can access its elements in the usual way, for instance using Document.get_Element or Document.get_Elements.\nUnfortunately, we currently have no solution for resolving the issue of two identically named linked files.</p><p>With regard to imported DWG or SKP files, there is no way to access elements in the imported or linked file.</p><p>For more details on these steps, please refer to the preceding discussions on \n\n<a href=\"http://thebuildingcoder.typepad.com/blog/2008/12/linked-files.html\">\nlinked files</a>,\n\n<a href=\"http://thebuildingcoder.typepad.com/blog/2009/01/hiding-linked-files.html\">\nhow to hide them</a>,\n\nand\n\n<a href=\"http://thebuildingcoder.typepad.com/blog/2009/02/list-linked-elements.html\">\nlisting their elements</a>.\n</p>"
  }
]