[
  {
    "original_filename": "0131_tag_association",
    "header_text": "Introduction",
    "local_header_href": "#introduction",
    "chunk_text": "<style>\n.blue { color: blue; }\n.teal { color: teal; }\n.maroon { color: maroon; }\n.green { color: green; }\n</style>"
  },
  {
    "original_filename": "0131_tag_association",
    "header_text": "Tag Association",
    "local_header_href": "#tag-association",
    "chunk_text": "<h3>Tag Association</h3><p>Unfortunately, the Revit API does not currently provide any direct method to access the tag of a tagged element, and vice versa.\nNormally, I do not write about things that do not work.\nIn this case, however, we have a couple of suggestions for workarounds.\nI would love to hear back from you whether you are already using any of the methods described below, or other techniques not described, in spite of the lack of direct API support.\nSo this is the question:</p><p><strong>Question:</strong>\nHow can I find the tag associated with a given family instance, or the tagged element from a given tag?</p><p>I want to find a tag that was associated to a family instance through the API.\nI can go through the document and find both the family instance and the associated IndependentTag object, but I see no clear link between the two.\nThe IndependentTag has a TagHeadPosition which I can match up with the family instance location, but I would hope there is a more accurate way to determine the relationship.\nWhen you delete the family instance, the IndependentTag also gets deleted, so Revit is maintaining some kind of link internally.</p><p>Can you tell me how to find the FamilyInstance through the IndependentTag or vice versa?</p><p><strong>Answer:</strong>\nUnfortunately, the Revit API does not currently provide any direct method to access the relationship between a tag and the tagged element.\nHere are some workarounds that we currently suggest:</p><ol>\n<li>Use <a href=\"#1\">Document.Delete()</a> and the ElementIdSet returned.</li>\n<li>Maintain an <a href=\"#2\">association list</a> for programmatically created elements and associated tags.</li>\n<li>Use the <a href=\"#3\">element sequence</a> in the database.</li>\n<li>Use <a href=\"#4\">geometric proximity</a> between the tag and the tagged element.</li>\n</ol><p>Here are the detailed descriptions of each of these approaches:</p><a name=\"1\"></a>"
  },
  {
    "original_filename": "0131_tag_association",
    "header_text": "Document.Delete()",
    "local_header_href": "#documentdelete",
    "chunk_text": "<h4>Document.Delete()</h4><p>Use the Document.Delete() method to temporarily delete the tagged element, and retrieve the affected tag through the ElementIdSet returned.</p><p>The tagged element is regarded as a sort of parent object or host of the tag.\nTherefore, to find the tag of a given tagged element, we can delete the host, which in turn deletes all its tags and other child objects.\nOne of the method overloads of Document.Delete() returns an ElementIdSet with the element ids of all the elements that will be deleted for the specific host element.\nSince we do not really want to delete any elements at all, we can wrap the deletion call in a transaction, retrieve the ElementIdSet, and abort the transaction and thus the deletion by calling AbortTransaction.\nThis provides a way to access the associated tags of an element.\nFor example, deleting the wall displayed below will return three tags: the wall tag, door tag and window tag.\nYou can check the tag category to determine which one is the wall tag.</p><img alt=\"Tag Association\" src=\"img/tag_association.jpg\"/><p>Unfortunately, this does not provide any way to access the host element from a given tag.</p><a name=\"2\"></a>"
  },
  {
    "original_filename": "0131_tag_association",
    "header_text": "Association List",
    "local_header_href": "#association-list",
    "chunk_text": "<h4>Association List</h4><p>If the elements and their associated tags are generated by an application, the application can maintain an internal list of pairs of element ids for both.\n\n\n<a name=\"3\"></a>\n<h4>Database Element Sequence</h4>\n<p>When iterating over all database elements, they are returned in the sequential order in which they were added to the database.\nNormally the door and window tags will follow immediately after the door and window they are attached to.\nThis holds both for elements generated through the user interface, as well as for many API-generated instances.</p>\n<a name=\"4\"></a>\n<h4>Geometric Proximity</h4>\n<p>Collect all family instance elements and tags of the category you are interested in, for instance all doors and door tags, and pair them up by identical level and geometric proximity.\nThat should generate a pretty reliable pairing in all normal cases.</p>\n<h3>Introducing DevLabs</h3>\n<a href=\"http://through-the-interface.typepad.com/through_the_interface\">\nKean Walmsley</a>\n\njust posted an exciting announcement on the \n\n<a href=\"http://through-the-interface.typepad.com/through_the_interface/2009/04/introducing-devlabs.html\">\nDevLabs</a>\n\nwe are holding in various Autodesk offices around the world to provide even more direct development support to our partners.\nThe Revit API sessions are in Beijing, China, in August, and in Bangalore, India, in September.</p><a name=\"5\"></a><p><strong>Addendum:</strong>\n\nAs I just pointed out to Martin, who kindly added a comment on it below, the Revit 2012 introduced some new methods and properties on the IndependentTag class to determine the elements referenced by the tag, including:\n\n<ul>\n<li>TaggedElementId – provides the id of the element referenced by the tag. \n<li>TaggedLocalElementId – provides the id of a linked element reference by the tag. \n<li>GetTaggedLocalElement – returns the handle of the element reference by the tag. \n<li>IsOrphaned – Orphans are those tags that are associated with an instance of a linked Revit file but have no host element. Tags become orphaned when the element they were tagging was deleted from the link. \n</li></li></li></li></ul>\n</p>"
  },
  {
    "original_filename": "0131_tag_association",
    "header_text": "Database Element Sequence",
    "local_header_href": "#database-element-sequence",
    "chunk_text": "<h4>Database Element Sequence</h4><p>When iterating over all database elements, they are returned in the sequential order in which they were added to the database.\nNormally the door and window tags will follow immediately after the door and window they are attached to.\nThis holds both for elements generated through the user interface, as well as for many API-generated instances.</p><a name=\"4\"></a>"
  },
  {
    "original_filename": "0131_tag_association",
    "header_text": "Geometric Proximity",
    "local_header_href": "#geometric-proximity",
    "chunk_text": "<h4>Geometric Proximity</h4><p>Collect all family instance elements and tags of the category you are interested in, for instance all doors and door tags, and pair them up by identical level and geometric proximity.\nThat should generate a pretty reliable pairing in all normal cases.</p>"
  },
  {
    "original_filename": "0131_tag_association",
    "header_text": "Introducing DevLabs",
    "local_header_href": "#introducing-devlabs",
    "chunk_text": "<h3>Introducing DevLabs</h3><a href=\"http://through-the-interface.typepad.com/through_the_interface\">\nKean Walmsley</a><a href=\"http://through-the-interface.typepad.com/through_the_interface/2009/04/introducing-devlabs.html\">\nDevLabs</a>"
  }
]