[
  {
    "original_filename": "0136_revit_api_intro_webcast",
    "header_text": "Introduction",
    "local_header_href": "#introduction",
    "chunk_text": "<style>\n.blue { color: blue; }\n.teal { color: teal; }\n.maroon { color: maroon; }\n.green { color: green; }\n</style>"
  },
  {
    "original_filename": "0136_revit_api_intro_webcast",
    "header_text": "Revit API Introduction Webcast",
    "local_header_href": "#revit-api-introduction-webcast",
    "chunk_text": "<h3>Revit API Introduction Webcast</h3><p>I mentioned yesterday that the recording and materials of the Revit API Introduction webcast held last week on Wednesday April 29<sup>th</sup> is now available from the Autodesk Developer Network (ADN) DevTech API \n\n<a href=\"http://www.adskconsulting.com/adn/cs/api_course_sched.php\">\ntraining schedule site</a>.\n\n\nFilter for Revit API, English, Webcast and click on the download link to obtain the 45 MB zip file \n\n<a href=\"http://download.autodesk.com/media/adn/RevitAPI_2010_Webcast.zip\">\nRevitAPI_2010_Webcast.zip</a>.\n\nBesides the recording, it also includes the Powerpoint presentation, online questions and answers, the Revit API Introduction labs for both Visual Studio 2005 and 2008, and the current version of RvtMgdDbg:</p><ul>\n<li>Revit API Webcast Recording\n<li>Revit_API_2010_Overview_Webcast_April_29_2009.pptx\n<li>Revit API 2010 Webcast - Questions and Answers.docx\n<li>Revit API 2010 RAC Labs_MSVS2005\n<li>Revit API 2010 RAC Labs_MSVS2008\n<li>RvtMgdDbg_0504 2009\n</li></li></li></li></li></li></ul><p>Since the recording is rather lengthy and covers a number of topics, here is an overview and some additional information.\nThe main topics addressed include:</p><ul>\n<li>Overview of Revit add-in and VSTA macro programming.\n<li>Basics and first steps of a Revit 'Hello world' add-in.\n<li>Overview of new features in the Revit 2010 API.\n</li></li></li></ul><p>Here is the detailed agenda as originally planned:</p><ul>\n<li>Introduction\n<ul>\n<li>Product, SDK, documentation and samples\n</li></ul>\n<li>Getting Started and Hello World\n<ul>\n<li>Development environment, external command and application interfaces, modifying Revit.ini, RvtSamples and RvtMgdDbg\n</li></ul>\n<li>Basics\n<ul>\n<li>Database and elements\n<li>Families and types\n<li>Parameters\n<li>Geometry\n</li></li></li></li></ul>\n<li>Break\n<li>API Updates\n<ul>\n<li>Updated and replacement APIs: Ribbon, Events, VSTA\n</li></ul>\n<li>API News\n<ul>\n<li>New samples\n<li>Model inspection and utilities\n<li>Family API\n<li>Form creation and conceptual design\n<li>MEP API\n</li></li></li></li></li></ul>\n</li></li></li></li></li></li></ul><p>Due a technical issue, we rearranged the order on the fly.\nMy phone failed, so we moved the form creation, conceptual design, and MEP API ahead a bit in between the events and VSTA topics.\nI ended up borrowing a second phone from my neighbour and hooking it up in parallel to my own with a screwdriver, holding various wires together with my fingers to find out which ones to use, while Saikat was presenting his part of the webcast.\nI did end up reconnecting successfully.\nQuite an adventure for all of us.</p>"
  }
]