[
  {
    "original_filename": "0139_ribbon_api",
    "header_text": "Introduction",
    "local_header_href": "#introduction",
    "chunk_text": "<style>\n.blue { color: blue; }\n.teal { color: teal; }\n.maroon { color: maroon; }\n.green { color: green; }\n</style>"
  },
  {
    "original_filename": "0139_ribbon_api",
    "header_text": "Revit 2010 Ribbon API",
    "local_header_href": "#revit-2010-ribbon-api",
    "chunk_text": "<h3>Revit 2010 Ribbon API</h3><p>I am currently sitting in Stockholm, preparing a visit to a Revit developer here and enjoying the wonderful Swedish nature in May.\nOn Saturday I cut a couple of cubic meters of beautiful birch wood for heating with my friend Alexander in Huddinge, and on Sunday we went together with another class mate Lasse for a walk in the woods and around the lakes and marshes in Roslagen north of Stockholm, specifically to the three lakes Stora Harsjön, Lilla Harsjön and \n\n<a href=\"http://sv.wikipedia.org/wiki/T%C3%A4rnan\">\nTärnan</a>, \n\nwhere we used to go camping on the weekends as school boys thirty-five years ago.\nWe saw lots of rare birds and plants and enjoyed the wonderful clear blue Scandinavian air and sky and stillness, so unlike anything you can see and feel in central Europe.\nNow I am back to setting up my development system again on my temporary replacement computer, and getting ready for the training I am giving in the next few days.\n\n<p>The topic of accessing and modifying the Revit ribbon user interface was addressed by a \n\n<a href=\"http://thebuildingcoder.typepad.com/blog/2008/12/driving-revit-from-outside.html?cid=6a00e553e1689788330115705e1423970b#comment-6a00e553e1689788330115705e1423970b\">\ncomment from Jake</a>\n\nand the \n\n<a href=\"http://thebuildingcoder.typepad.com/blog/2008/12/driving-revit-from-outside.html?cid=6a00e553e168978833011570604384970b#comment-6a00e553e168978833011570604384970b\">\nensuing discussion</a>.\n\nHere, we will just discuss the basic Revit ribbon API functionality.</p>\n<p>Revit 2010 has a completely new look and feel due to the ribbon based user interface, familiar to many from the Microsoft Office and AutoCAD 2009 and 2010 products. \nThe ribbon interface simplifies the usage for new users and reacts to the design context to provide immediate access to suitable functionality based on the current modelling requirements.\nUnlike AutoCAD based products, this change is not optional. \nThere is no way to turn this off and switch back to the old UI.</p>\n<p>The Revit API has been extended in order to enable Revit external applications to make use of the ribbon.\n\nHere is an overview of the Revit 2010 ribbon API, which was also discussed in the recent \n\n<a href=\"http://thebuildingcoder.typepad.com/blog/2009/05/revit-api-introduction-webcast.html\">\nRevit programming webcast</a>, \n\nand a few related questions that cropped up.</p>\n<p>The ribbon contains a number of tabs, which are automatically activated depending on the current design context.\nThis is helpful both for new users to discover relevant commands and for experienced users to have convenient access to them.\nEach tab can contain any number of panels, which in turn can host various user interface widgets.</p>\n<p>All external application and external command related user interface items are located in the Add-Ins tab. \nThis tab is displayed as soon as an external application or command is added to the Revit.ini file. \nExternal commands are listed under the 'External Tools' button.\nExternal applications can create their own ribbon panels and populate them with push buttons and pull-down buttons in either a normal, single or stacked fashion with the option of two or three layers.</p>\n<p>Existing external application will need to migrate their old toolbar or menu based user interface to the ribbon.\nThe ribbon API is the only GUI customization API in Revit 2010.\nIt is quite straight-forward to use.\nAlthough the ribbon is based on the Windows Presentation Foundation WPF, no WPF knowledge is needed to make use of the Revit ribbon API.</p>\n<p>The API enables you to add your custom ribbon panels and populate them with various types of buttons. \nThe buttons can be push or pull-down ones, in a single row or in a stacked layout with two or three rows.\nUnfortunately, you cannot currently create your own separate ribbon tabs.\n\n<p>In addition to the programming aspect, the Revit SDK also includes documentation with guidelines for designing your custom ribbon and icons. \nThis is to ensure that your application integrates well with the standard Revit UI. \nThe documents are located in the SDK folder and also explain the terminology used in the ribbon API:</p>\n<ul>\n<li>Ribbon design guidelines.pdf\n<li>Autodesk Icon Guidelines.pdf\n</li></li></ul>\n<p>The new ribbon related classes in Revit are:</p>\n<ul>\n<li>RibbonPanel, a ribbon panel in the Add-Ins tab containing ribbon items.\n<li>RibbonItem, a button, push or pull-down.\n<li>PushButton and PushButtonData to manage push button information.\n<li>PulldownButton and PulldownButtonData to manage pull-down button information\n</li></li></li></li></ul>\n<p>The usage of the ribbon API is demonstrated by the Ribbon SDK sample application, which is an external application creating its own ribbon panel and showing how to create the various types of ribbon items programmatically.\nIt adds the following elements to the Add-Ins tab:</p>\n<ul>\n<li>Two add-in application ribbon panels.\n<li>A push button 'Create Wall'.\n<li>A three-layered stacked button.\n<li>A pull-down button 'Move Walls'.\n<li>Push buttons used to display add-in panel info.</li>\n<li>Separators.\n<li>Tooltips.\n</li></li></li></li></li></li></ul>\n<p>This is what the result looks like in the user interface:</p>\n<img alt=\"Ribbon SDK sample\" src=\"img/ribbon_sdk_sample.jpg\"/>\n<p>The figure shows the two ribbon panels called 'Ribbon Sample' and 'Add-in Panel Info'. \nThe first panel, on the left, has one push button called 'Create Wall', and a three-layered stacked button next to it showing 'Delete Last Wall' at the top. \nNotice that the third stacked button, 'Move Walls', is a pull-down button.  \nYou can also add tooltips to and separators between buttons.\n\n<p>Here is the relevant part of the code, the method CreateRibbons, which is called from the external application OnStartup method:</p>\n<pre class=\"code\">\n<span class=\"blue\">private</span> <span class=\"blue\">void</span> CreateRibbons(\n  ControlledApplication application )\n{\n  <span class=\"green\">// application path</span>\n  <span class=\"blue\">string</span> pathRibbon\n    = GetType().Assembly.Location;\n \n  <span class=\"blue\">string</span> pathAddIn\n    = pathRibbon.Replace(<span class=\"maroon\">\"Ribbon.dll\"</span>,\n      <span class=\"maroon\">\"AddInCommands.dll\"</span>);\n \n  <span class=\"blue\">string</span> bitmapFolder\n    = <span class=\"teal\">Path</span>.GetDirectoryName(pathRibbon);\n \n<span class=\"blue\">  # region</span> create RibbonPanel with PushButtons, 'create wall' and 'delete walls'\n \n  <span class=\"blue\">string</span> firstPanelName = <span class=\"maroon\">\"PushButtons\"</span>;\n \n  RibbonPanel ribbonPanelPushButtons\n    = application.CreateRibbonPanel(\n      firstPanelName );\n \n  PushButton pushButtonCreateWall\n    = ribbonPanelPushButtons.AddPushButton(\n    <span class=\"maroon\">\"createWall\"</span>, <span class=\"maroon\">\"Create Wall\"</span>, pathAddIn,\n    <span class=\"maroon\">\"Revit.SDK.Samples.Ribbon.CS.CreateWall\"</span> );\n \n  pushButtonCreateWall.ToolTip\n    = <span class=\"maroon\">\"Create a wall on level 1.\"</span>;\n \n  pushButtonCreateWall.LargeImage\n    = <span class=\"blue\">new</span> BitmapImage(\n      <span class=\"blue\">new</span> Uri( <span class=\"teal\">Path</span>.Combine( bitmapFolder,\n        <span class=\"maroon\">\"CreateWall.bmp\"</span>), UriKind.Absolute ) );\n \n  ribbonPanelPushButtons.AddSeparator();\n \n  PushButton pushButtonDeleteWalls\n    = ribbonPanelPushButtons.AddPushButton(\n    <span class=\"maroon\">\"deleteWalls\"</span>, <span class=\"maroon\">\"Delete Walls\"</span>, pathAddIn,\n    <span class=\"maroon\">\"Revit.SDK.Samples.Ribbon.CS.DeleteWalls\"</span> );\n \n  pushButtonDeleteWalls.ToolTip\n    = <span class=\"maroon\">\"Delete all the walls in active document.\"</span>;\n \n  pushButtonDeleteWalls.LargeImage\n    = <span class=\"blue\">new</span> BitmapImage(\n      <span class=\"blue\">new</span> Uri( <span class=\"teal\">Path</span>.Combine( bitmapFolder,\n        <span class=\"maroon\">\"DeleteWalls.bmp\"</span>), UriKind.Absolute ) );\n \n<span class=\"blue\">  # endregion</span>\n \n<span class=\"blue\">  # region</span> create RibbonPanel with a pulldownButton which contains two MenuItems, 'move walls'\n \n  <span class=\"blue\">string</span> secondPanelName = <span class=\"maroon\">\"PulldownButtons\"</span>;\n \n  RibbonPanel ribbonPanelPulldowns\n    = application.CreateRibbonPanel(\n      secondPanelName );\n \n  PulldownButton pulldownMoveWall\n    = ribbonPanelPulldowns.AddPulldownButton(\n      <span class=\"maroon\">\"moveWall\"</span>, <span class=\"maroon\">\"Move Walls\"</span>);\n \n  pulldownMoveWall.ToolTip\n    = <span class=\"maroon\">\"Move all the walls in X or Y direction\"</span>;\n \n  pulldownMoveWall.LargeImage\n    = <span class=\"blue\">new</span> BitmapImage(\n      <span class=\"blue\">new</span> Uri( <span class=\"teal\">Path</span>.Combine(\n        bitmapFolder, <span class=\"maroon\">\"MoveWall.bmp\"</span> ),\n        UriKind.Absolute ) );\n \n  RibbonMenuItem moveX\n    = pulldownMoveWall.AddItem(\n    <span class=\"maroon\">\"X Direction\"</span>, pathAddIn,\n    <span class=\"maroon\">\"Revit.SDK.Samples.Ribbon.CS.XMoveWalls\"</span> );\n \n  moveX.ToolTip\n    = <span class=\"maroon\">\"move all walls 10 feet in X direction.\"</span>;\n \n  RibbonMenuItem moveY\n    = pulldownMoveWall.AddItem(\n    <span class=\"maroon\">\"Y Direction\"</span>, pathAddIn,\n    <span class=\"maroon\">\"Revit.SDK.Samples.Ribbon.CS.YMoveWalls\"</span> );\n \n  moveY.ToolTip\n    = <span class=\"maroon\">\"move all walls 10 feet in Y direction.\"</span>;\n \n<span class=\"blue\">  # endregion</span>\n \n<span class=\"blue\">  # region</span> create RibbonPanel with \"Add-in Panel Info\" button\n \n  <span class=\"blue\">string</span> thirdPanelName\n    = <span class=\"maroon\">\"Add-in Panel Info\"</span>;\n \n  RibbonPanel ribbonPanelOutputlInfo\n    = application.CreateRibbonPanel(\n      thirdPanelName );\n \n  PushButton pushButtonOutputlInfo\n    = ribbonPanelOutputlInfo.AddPushButton(\n    <span class=\"maroon\">\"outputlInfo\"</span>,\n    <span class=\"maroon\">\"Output Add-in Panel Info\"</span>,\n    pathAddIn,\n    <span class=\"maroon\">\"Revit.SDK.Samples.Ribbon.CS.OutputPanelInfo\"</span> );\n \n  pushButtonOutputlInfo.ToolTip\n    = <span class=\"maroon\">\"Output info of all the Add-In RibbonPanels.\"</span>;\n \n  pushButtonOutputlInfo.LargeImage\n    = <span class=\"blue\">new</span> BitmapImage(\n      <span class=\"blue\">new</span> Uri(<span class=\"teal\">Path</span>.Combine(\n        bitmapFolder,\n        <span class=\"maroon\">\"OutputAddInPanelInfo.bmp\"</span> ),\n        UriKind.Absolute ) );\n \n<span class=\"blue\">  # endregion</span>\n}\n</pre>\n<p>Here is another question regarding the ribbon user interface and its customisation facilities:</p>\n<!-- 1248147 [Customizing the Ribbon in Revit 2010] -->\n<h4>User Interface Customisation</h4>\n<p><strong>Question:</strong>\nIs there a way to customize the ribbon toolbars in Revit 2010?\nThere is no right-click menu item for 'Customize' like in AutoCAD Architecture.</p>\n<p><strong>Answer:</strong>\n\nThe only customization possibility I see in the user interface is provided by the 'User Interface' button in the View tab.\nThis provides control of the visibility of the navigation bar, project browser, status bar, recent files list and project browser settings:</p>\n<img alt=\"Ribbon user interface button\" src=\"img/ribbon_user_interface.jpg\"/>\n<p>As stated above, the Revit API allows applications to add UI elements to the ribbon, but only in the Add-Ins tab, and only certain types of ribbon items, as illustrated by the Ribbon SDK sample.</p>\n<p>Many thanks to my colleagues Adam Nagy and Saikat Bhattacharya for providing the basis for this summary.</p>\n</p></p></p>"
  },
  {
    "original_filename": "0139_ribbon_api",
    "header_text": "User Interface Customisation",
    "local_header_href": "#user-interface-customisation",
    "chunk_text": "<h4>User Interface Customisation</h4><p><strong>Question:</strong>\nIs there a way to customize the ribbon toolbars in Revit 2010?\nThere is no right-click menu item for 'Customize' like in AutoCAD Architecture.</p><p><strong>Answer:</strong>\n\nThe only customization possibility I see in the user interface is provided by the 'User Interface' button in the View tab.\nThis provides control of the visibility of the navigation bar, project browser, status bar, recent files list and project browser settings:</p><img alt=\"Ribbon user interface button\" src=\"img/ribbon_user_interface.jpg\"/><p>As stated above, the Revit API allows applications to add UI elements to the ribbon, but only in the Add-Ins tab, and only certain types of ribbon items, as illustrated by the Ribbon SDK sample.</p><p>Many thanks to my colleagues Adam Nagy and Saikat Bhattacharya for providing the basis for this summary.</p>"
  }
]