[
  {
    "original_filename": "0153_catalogue_param",
    "header_text": "Introduction",
    "local_header_href": "#introduction",
    "chunk_text": "<style>\n.blue { color: blue; }\n.teal { color: teal; }\n.maroon { color: maroon; }\n.green { color: green; }\n</style>"
  },
  {
    "original_filename": "0153_catalogue_param",
    "header_text": "Revit Library Shape Type Catalogue Parameters",
    "local_header_href": "#revit-library-shape-type-catalogue-parameters",
    "chunk_text": "<h3>Revit Library Shape Type Catalogue Parameters</h3><p>A query on the property sets used by Revit on IFC export of steel beams led to the unearthing of some useful documentation of the parameters and dimensions used to define some commonly used shapes in the Revit type library.</p><p><strong>Question:</strong>\nI am analysing an IFC export file created by Revit and trying to retrieve the exact dimensions of steel beams in the model.\nIFC has a standard specification for these which is publicly available.\nRevit apparently uses some own property sets and assigns them to standard IFC beam objects.\nThese custom property sets are obviously not part of the IFC specification.\nWhat are the exact specification of these parameters and their meanings?</p><p><strong>Answer:</strong>\nThe Revit beam parameters are indeed exported in a Revit specific property set.\nNo standard parameters have been defined for the different structural profiles.\nHere is some documentation including pictures and parameter values for some structural profiles and other shapes.\nThese documents were created back in early 2006 illustrating the parameters of the most commonly used shapes in the Revit library.\nPlease note that a lot of new content files have been created since then:</p><ul>\n<li><a href=\"zip/Concrete_and_Precast_Concrete_Shapes.zip\">Concrete and Precast Concrete Shapes.zip</a>\n<li><a href=\"zip/Steel_and_Wood_Shapes.zip\">Steel and Wood Shapes.doc</a>\n</li></li></ul><p>The former is a set of images, the latter a document describing the parameter format used in the part catalogue text files.</p><p>The images for the concrete and precast concrete shapes describes the dimensions and parameters used in each of the following families:</p><ul>\n<li>Concrete-Rectangular Beam.rfa\n<li>Precast-Double Tee.rfa\n<li>Precast-Inverted Tee.rfa\n<li>Precast-L Shaped Beam.rfa\n<li>Precast-Rectangular Beam.rfa\n<li>Precast-Single Tee.rfa\n</li></li></li></li></li></li></ul><p>The images included are simply screen snapshots of two different views of the geometry and dimensioning and one of the Family Types dialogue listing the corresponding dimensions and parameters of a specific type.</p><p>The steel and wood shapes document is more comprehensive and explains the format of the text files used to specify type parameters:</p><img alt=\"Type catalogue text file\" src=\"img/type_catalogue_text_file.png\"/><p>Here is a list of the families and corresponding text files described in this document:</p><ul>\n<li>I-Shape(W Shape): M_W-Wide Flange.txt\n<li>M-Shape (Miscellaneous Wide Flange): M_M-Miscellaneous Wide Flange.txt\n<li>HP-Shape (HP-Bearing Pile): M_HP-Bearing Pile.txt\n<li>C-Shape (Channel): M_HP-Bearing Pile.txt\n<li>MC-Shape (Miscellaneous Channel): M_MC-Miscellaneous Channel.txt\n<li>ST- Structural Tee: M_ST-Structural Tee.txt\n<li>MT- Structural Tee: M_MT-Structural Tee.txt\n<li>WT- Structural Tee: M_WT-Structural Tee.txt\n<li>L-Angle: M_L-Angle.txt\n<li>LL-Double Angle: M_L-Angle.txt\n<li>Hollow Tube: M_HSS-Hollow Structural Section.txt\n<li>Circular Hollow Tube: M_HSS-Round Structural Tubing.txt\n</li></li></li></li></li></li></li></li></li></li></li></li></ul><ul>\n<li>Pipe Column: M_Pipe-Column.rfa\n<li>Open Web Steel Joist: M_K-Series Bar Joist-Angle Web.rfa, M_K-Series Bar Joist-Rod Web.rfa, M_DLH-Series Bar Joist.rfa, M_LH-Series Bar Joist.rfa\n<li>Columns- Lumber: M_Dimension Lumber-Column.rfa\n<li>Columns- Timber: M_Timber-Column.rfa\n<li>Beam- Lumber: M_Dimension Lumber.rfa\n<li>Plywood Web Joist: M_Plywood Web Joist.rfa\n<li>Beam- Timber: M_Timber.rfa\n<li>Open Web Wood Joist: M_Wood Open Web Joist.rfa\n</li></li></li></li></li></li></li></li></ul><p>Most of the information included describes the parameters by showing their association with dimensioning on the model geometry, for instance like this for the miscellaneous wide flange:</p><img alt=\"Miscellaneous wide flange dimensions\" src=\"img/miscellaneous_wide_flange.gif\"/>"
  }
]