[
  {
    "original_filename": "0173_energy_model_survey",
    "header_text": "Introduction",
    "local_header_href": "#introduction",
    "chunk_text": "<style>\n.blue { color: blue; }\n.teal { color: teal; }\n.maroon { color: maroon; }\n.green { color: green; }\n.gray { color: gray; }\n</style>"
  },
  {
    "original_filename": "0173_energy_model_survey",
    "header_text": "Harvard Energy Model Survey",
    "local_header_href": "#harvard-energy-model-survey",
    "chunk_text": "<h3>Harvard Energy Model Survey</h3><p>Here is an invitation to a \n\n<a href=\"http://www.surveymonkey.com/s.aspx?sm=JagO4lMUgSWMjQM7J2EaHQ_3d_3d\">\nsurvey on the use of building energy models during design, construction and operation</a>.\n\nIt is being carried out by the Graduate School of Design at Harvard University (GSD) in collaboration with the Harvard Office for Sustainability (OFS) and addressed to building owners, architects and energy consultants to better understand:</p><ul>\n<li>who on the design team owns and gets access to the energy model of a building,</li>\n<li>what role the model currently plays during building design and construction, and</li>\n<li>how the use of the model could be extended to the overall lifetime of a building.</li>\n</ul><p>Harvard will be sharing the results of the survey, which will be published by January 2010.</p>"
  }
]