[
  {
    "original_filename": "0175_external_command_replay",
    "header_text": "Introduction",
    "local_header_href": "#introduction",
    "chunk_text": "<style>\n.blue { color: blue; }\n.teal { color: teal; }\n.maroon { color: maroon; }\n.green { color: green; }\n.gray { color: gray; }\n</style>"
  },
  {
    "original_filename": "0175_external_command_replay",
    "header_text": "External Command Replay",
    "local_header_href": "#external-command-replay",
    "chunk_text": "<h3>External Command Replay</h3><p>\n<a href=\"http://cadappdev.blogspot.com\">\nMatt Mason</a>\n\nof \n\n<a href=\"http://www.avatechsolutions.com\">\nAvatech Solutions</a>\n\npointed out a few important items related to the preceding post on \n\n<a href=\"http://thebuildingcoder.typepad.com/blog/2009/07/journal-file-replay.html\">\nreplaying a journal file</a>:</p><span style=\"color:darkblue\">\n<p>One topic that you did not cover – using the journal file with Revit external commands.</p>\n<p>Here are some things that I've noticed in the past:</p>\n<ul>\n<li>If your external command has dialog boxes, your application will freeze if Revit is being driven by a journal.\n<li>The alternative to this is to use the JournalData StringStringMap in the ExternalCommandData which is passed to you.\n<ul>\n<li>You can read values from the StringStringMap and use them instead of your dialog boxes.\n<li>You can write the values at the end of your command – based on what the user selected – so that your existing commands can be played back.\n</li></li></ul>\n<li>When last I looked at it (2009?) there were problems playing back your command if it included calls to select elements using PickOne or WindowSelect.\n</li></li></li></ul>\n</span><p>Thank you Matt for these valuable hints!</p>"
  },
  {
    "original_filename": "0175_external_command_replay",
    "header_text": "Solar Radiation Technology Preview",
    "local_header_href": "#solar-radiation-technology-preview",
    "chunk_text": "<h3>Solar Radiation Technology Preview</h3><p>A \n\n<a href=\"http://labs.autodesk.com/utilities/ecotect\">\nSolar Radiation Technology Preview</a>\n\nfor Revit is now available on the Autodesk Labs site.\nScott Sheppard provides some additional\n\n<a href=\"http://labs.blogs.com/its_alive_in_the_lab/2009/07/autodesk-revit-solar-radiation-technology-preview-now-available-1.html\">\nbackground information</a> on this as well.</p>"
  }
]