[
  {
    "original_filename": "0176_think_big",
    "header_text": "Introduction",
    "local_header_href": "#introduction",
    "chunk_text": "<style>\n.blue { color: blue; }\n.teal { color: teal; }\n.maroon { color: maroon; }\n.green { color: green; }\n.gray { color: gray; }\n</style>"
  },
  {
    "original_filename": "0176_think_big",
    "header_text": "Think Big in Revit",
    "local_header_href": "#think-big-in-revit",
    "chunk_text": "<h3>Think Big in Revit</h3><p>A couple of cases dealing with issues concerning small dimensions in Revit were recently raised by\nToste Wallmark of \n\n<a href=\"http://www.i-tecton.com\">\nTecton Limited</a> \n\nand\n\nHenrik Bengtsson of\n\n<a href=\"http://www.lindab.se\">\nLindab</a>:</p><ul>\n<li><a href=\"#1\">Minimal length required when calling NewLineBound</a>.</li>\n<li><a href=\"#2\">Minimal possible family component dimension</a>.</li>\n<li><a href=\"#3\">Minimum scaling factor for annotation family symbol</a>.</li>\n</ul><a name=\"1\"></a>"
  },
  {
    "original_filename": "0176_think_big",
    "header_text": "Minimal Length in NewLineBound",
    "local_header_href": "#minimal-length-in-newlinebound",
    "chunk_text": "<h4>Minimal Length in NewLineBound</h4><p><strong>Question:</strong>\nI have discovered that NewLineBound throws System.ArgumentException \"Value does not fall within the expected range\" when the values are close or very close. \nIs that an expected behaviour in this case? \nHow close can the line endpoints be for NewLineBound?\n\n<p><strong>Answer:</strong> I wrote an external command with the following implementation of its Execute method and was able to verify your assertion with it:</p>\n<pre class=\"code\">\n<span class=\"blue\">double</span> length = 1; <span class=\"green\">// foot</span>\n<span class=\"blue\">try</span>\n{\n  <span class=\"teal\">Application</span> app = commandData.Application;\n  <span class=\"teal\">XYZ</span> p = <span class=\"blue\">new</span> <span class=\"teal\">XYZ</span>();\n  <span class=\"teal\">XYZ</span> q = <span class=\"blue\">new</span> <span class=\"teal\">XYZ</span>();\n  <span class=\"teal\">Line</span> line;\n  <span class=\"blue\">while</span>( 0 &lt; length )\n  {\n    length = 0.5 * length;\n    p.X = q.X = q.Y = length;\n \n    <span class=\"teal\">Debug</span>.Print( \n      <span class=\"maroon\">\"Creating model line of length {0}...\"</span>, \n      length );\n \n    line = app.Create.NewLineBound( p, q );\n  }\n  <span class=\"blue\">return</span> <span class=\"teal\">CmdResult</span>.Succeeded;\n}\n<span class=\"blue\">catch</span>( <span class=\"teal\">Exception</span> e )\n{\n  <span class=\"teal\">Debug</span>.Print( \n    <span class=\"maroon\">\"Creating model line of length {0} \"</span>\n    + <span class=\"maroon\">\"threw exception '{1}'\"</span>, \n    length, e.Message );\n \n  message = e.Message;\n  <span class=\"blue\">return</span> <span class=\"teal\">CmdResult</span>.Failed;\n}\n</pre>\n<p>This is the result of running this command in a new Revit model:\n\n<pre>\nCreating model line of length 0.5...\nCreating model line of length 0.25...\nCreating model line of length 0.125...\nCreating model line of length 0.0625...\nCreating model line of length 0.03125...\nCreating model line of length 0.015625...\nCreating model line of length 0.0078125...\nCreating model line of length 0.00390625...\nCreating model line of length 0.001953125...\n\nA first chance exception of type \n'System.ArgumentException' occurred in RevitAPI.dll\n\nCreating model line of length 0.001953125 threw \nexception 'Value does not fall within the expected range.'\n</pre>\n<p>So apparently, you should not try to create any model lines with a length below about 0.004 feet, i.e. ca. 0.05 inches or 1.2 millimetres.</p>\n<p>This makes pretty good sense to me in the context of an architectural model.</p>\n<a name=\"2\"></a>\n<h4>Minimal Family Component Dimension</h4>\n<p><strong>Question:</strong>\nWhen building families, the smallest parametric dimension that can be created is about 0.7 mm.\nWhy?\nThis is causing a great deal of problems for us.\nWe are designing profiles whose thicknesses range from 0.4 mm to 3.0 mm.\nIs there any workaround to lower the minimal allowable dimension limit?</p>\n<p>To be exact, our thin metal profiles are produced in different thicknesses. The range is between 0.4 mm and 3.0 mm. \nWhen I am designing my product, I want the geometries to be exactly as the physical product.</p>\n<p>In the same way, if someone is designing a hot rolled beam like an IPE270, it would really have been a problem if it was created 200 mm high or 300 mm instead of 270 mm. \nThis is the same type of issue. \nThe difference is big for us if you talk about 0.4 mm to 0.5 mm compared to 270 and 300.</p>\n<p>With the current limitations in Revit, when I am designing our profile which is 0.7 mm, I have to artificially make it 0.8 mm instead. \nI will need to create a dummy parameter for the real thickness which is simple text, and then an extra parameter that controls the thickness of the profile. \nThese cannot be the same and that slows me down, as well as having the problem that the profiles are designed with an inaccurate thickness. \nPeople will get confused.</p>\n<p>Some things in the building process are quite thin and small and that has nothing to do with tolerances really. \nThe tolerances are much smaller than this, but there is no need to express that. \nThere is a very big difference between a profile that is 0.5 mm and 0.7 mm. \nThe load bearing capacity will be twice as big and that is important if someone analyses the drawing in detail. \nUsers will wonder why it is 0.8 instead of 0.7, especially since 0.8 mm might be available from some producers.</p>\n<p><strong>Answer:</strong>\nRevit in general is not intended to work with very thin elements of ca. 1 mm. \nWe may have something like that to support surfaces for massing functionality, but it is not possible throughout the product.</p>\n<p>The reason is that Revit is tuned up to address building scale modelling. \nSmall details are incompatible with such scale, primary because they interfere with tolerances and it requires much more memory to combine in the same model very small and very large geometrical entities, with side effect of increased processing times.</p>\n<p>One approach to such cases is to model the external shape of the object, such as a column, and use interior layers for thin materials.</p>\n<p>Currently no such concept is applied to column, but only to wall, ceiling, floor, and roof, unless a column is joined geometry with a wall, in which case the column takes on the layer structure of the wall.</p>\n<p>Meanwhile, detail components could be added to such columns in views in which they are cut. \nCertainly this can be done through the user interface, not sure if it is possible via the API as well.</p>\n<a name=\"3\"></a>\n<h4>Minimum Annotation Family Symbol Scaling Factor</h4>\n<p><strong>Question:</strong>\nAnnotation families cannot scale down in size when placed in views with 1:100 or smaller-sized items, e.g. 1:200, 1:500, etc. \nAfter setting a parameter of the annotation family which makes it too small, Revit says 'Can't make type xxx\", with error in Generic Annotation.</p>\n<p>The error seems to happen when the line is shorter than 1 mm.</p>\n<p>Is there any way to use the API to circumvent this, e.g. to scale down the annotation to an even smaller size in the view?</p>\n<p><strong>Answer:</strong>\nUnfortunately, there is no known way to achieve this. \nRevit is not designed to function with elements of that size.</p>\n</p></p>"
  },
  {
    "original_filename": "0176_think_big",
    "header_text": "Minimal Family Component Dimension",
    "local_header_href": "#minimal-family-component-dimension",
    "chunk_text": "<h4>Minimal Family Component Dimension</h4><p><strong>Question:</strong>\nWhen building families, the smallest parametric dimension that can be created is about 0.7 mm.\nWhy?\nThis is causing a great deal of problems for us.\nWe are designing profiles whose thicknesses range from 0.4 mm to 3.0 mm.\nIs there any workaround to lower the minimal allowable dimension limit?</p><p>To be exact, our thin metal profiles are produced in different thicknesses. The range is between 0.4 mm and 3.0 mm. \nWhen I am designing my product, I want the geometries to be exactly as the physical product.</p><p>In the same way, if someone is designing a hot rolled beam like an IPE270, it would really have been a problem if it was created 200 mm high or 300 mm instead of 270 mm. \nThis is the same type of issue. \nThe difference is big for us if you talk about 0.4 mm to 0.5 mm compared to 270 and 300.</p><p>With the current limitations in Revit, when I am designing our profile which is 0.7 mm, I have to artificially make it 0.8 mm instead. \nI will need to create a dummy parameter for the real thickness which is simple text, and then an extra parameter that controls the thickness of the profile. \nThese cannot be the same and that slows me down, as well as having the problem that the profiles are designed with an inaccurate thickness. \nPeople will get confused.</p><p>Some things in the building process are quite thin and small and that has nothing to do with tolerances really. \nThe tolerances are much smaller than this, but there is no need to express that. \nThere is a very big difference between a profile that is 0.5 mm and 0.7 mm. \nThe load bearing capacity will be twice as big and that is important if someone analyses the drawing in detail. \nUsers will wonder why it is 0.8 instead of 0.7, especially since 0.8 mm might be available from some producers.</p><p><strong>Answer:</strong>\nRevit in general is not intended to work with very thin elements of ca. 1 mm. \nWe may have something like that to support surfaces for massing functionality, but it is not possible throughout the product.</p><p>The reason is that Revit is tuned up to address building scale modelling. \nSmall details are incompatible with such scale, primary because they interfere with tolerances and it requires much more memory to combine in the same model very small and very large geometrical entities, with side effect of increased processing times.</p><p>One approach to such cases is to model the external shape of the object, such as a column, and use interior layers for thin materials.</p><p>Currently no such concept is applied to column, but only to wall, ceiling, floor, and roof, unless a column is joined geometry with a wall, in which case the column takes on the layer structure of the wall.</p><p>Meanwhile, detail components could be added to such columns in views in which they are cut. \nCertainly this can be done through the user interface, not sure if it is possible via the API as well.</p><a name=\"3\"></a>"
  },
  {
    "original_filename": "0176_think_big",
    "header_text": "Minimum Annotation Family Symbol Scaling Factor",
    "local_header_href": "#minimum-annotation-family-symbol-scaling-factor",
    "chunk_text": "<h4>Minimum Annotation Family Symbol Scaling Factor</h4><p><strong>Question:</strong>\nAnnotation families cannot scale down in size when placed in views with 1:100 or smaller-sized items, e.g. 1:200, 1:500, etc. \nAfter setting a parameter of the annotation family which makes it too small, Revit says 'Can't make type xxx\", with error in Generic Annotation.</p><p>The error seems to happen when the line is shorter than 1 mm.</p><p>Is there any way to use the API to circumvent this, e.g. to scale down the annotation to an even smaller size in the view?</p><p><strong>Answer:</strong>\nUnfortunately, there is no known way to achieve this. \nRevit is not designed to function with elements of that size.</p>"
  }
]