[
  {
    "original_filename": "0183_scale_curve",
    "header_text": "Introduction",
    "local_header_href": "#introduction",
    "chunk_text": "<style>\n\npre { \n  font-size : 95%; \n  line-height : 120%; \n  background-color : lightgrey;\n  white-space : wrap;\n  color: darkblue;\n  background-color : linen;\n}\n\npre.code { \n  color: black;\n  background-color : white; \n}\n\n.blue { color: blue; }\n.teal { color: teal; }\n.maroon { color: maroon; }\n.green { color: green; }\n.gray { color: gray; }\n\n</style>"
  },
  {
    "original_filename": "0183_scale_curve",
    "header_text": "Scale a Curve",
    "local_header_href": "#scale-a-curve",
    "chunk_text": "<h3>Scale a Curve</h3><p>Now let us get back to really practical things again, after the \n\n<a href=\"http://thebuildingcoder.typepad.com/blog/2009/07/practical-notes-on-impractical-things.html\">\npractical notes on impractical things</a>, \n\nand the more or less practical \n\n<a href=\"http://thebuildingcoder.typepad.com/blog/2009/07/revit-boot-camp-on-mac.html\">\nboot camp note</a>.</p><p><strong>Question:</strong>\nI have a CurveArray object containing data defined in inches.\nNow I need to scale it to feet in order to feed it into a Revit API method to create an extrusion.\nHow can I perform this scaling operation?\nI would obviously prefer not having to rebuild the entire CurveArray.\nHow does one apply a scale factor to an existing CurveArray?</p><p>I tried iterating over the Curve objects in the CurveArray but cannot figure out how to change the existing X, Y and Z coordinate values of the Curve objects.</p><p>There appears to be a Multiply function for the XYZ object, which doesn't actually act on the XYZ object itself, but instead acts on and returns a new copy of the original object.\nNo such function appears to exist for the Curve, CurveArray or CurveArrArray objects.</p><p>Even if it did, acting on a copy wouldn't achieve the desired result.  \nA 'Scale' method for the XYZ, Curve, CurveArray and CurveArrArray objects, which acts on the data in those objects directly, would be a great thing to have.\nIt is especially important due to the fact that Revit requires the data be in one specific set of database units only, for example when submitting it to functions for doing things like creating an extrusion.</p><p><strong>Answer:</strong>\nUnfortunately, this is not possible in the current API. \nYou need to create a new curve.\nHere is an idea which may at least partly alleviate the problem:</p><p>Curve.get_Transformed() can be used to simplify the process of creating a new curve scaled as desired.</p><pre class=\"code\">\n<span class=\"blue\">public</span> <span class=\"blue\">void</span> ScaleCurves()\n{\n  <span class=\"teal\">CurveArray</span> cArray = PrepareCurveArray();\n \n  <span class=\"teal\">Transform</span> x = <span class=\"teal\">Transform</span>.Identity;\n  x = x.ScaleBasis( 1.0 / 12.0 );\n \n  <span class=\"blue\">int</span> numCurves = cArray.Size;\n  <span class=\"blue\">for</span>( <span class=\"blue\">int</span> i = 0; i &lt; numCurves; ++i )\n  {\n    <span class=\"teal\">Curve</span> curve = cArray.get_Item( i );\n \n    <span class=\"teal\">Curve</span> newCurve = curve.get_Transformed( x );\n \n    cArray.set_Item( i, newCurve );\n  }\n \n  WriteProfile( <span class=\"maroon\">\"After transformation\"</span>, cArray );\n}\n</pre><p>You are still creating new curves, but not required to figure out how to scale each curve independently based on type.</p><p><strong>Reply:</strong>\nThat is definitely helpful code.\nI've been writing some extension methods to get around some of the limitations, essentially adding my own functions to the class definitions provided by the Revit API so my methods 'look' like they are part of the API itself.\nThis new method for scaling curves is much cleaner than what I came up with, so I will definitely replace my extension method with this code.</p><p>On a very vaguely related note, here is a pointer to some Revit tools for both users and developers:</p>"
  },
  {
    "original_filename": "0183_scale_curve",
    "header_text": "Revit Family Tools",
    "local_header_href": "#revit-family-tools",
    "chunk_text": "<h4>Revit Family Tools</h4><p>Version 2.3.0.0 of the \n\n<a href=\"http://www.biggestbrains.com/revit/revitfamilytools\">\nRevit Family Tools</a>\n\nis available from the \n\n<a href=\"http://www.biggestbrains.com/revit\">\nRevit Tools</a>\n\npage with the following functionality useful for all flavours of Revit:</p><ul>\n<li>Comparing shared parameter files.\n<li>Merging shared parameter files.\n<li>Deleting RFA backup files, optionally recursively.\n<li>Copying CSV files created for Type Catalog usage to TXT files for easy change testing.\n<li>Reporting the versions of Revit used to create family files, optionally recursively.\n</li></li></li></li></li></ul>"
  }
]