[
  {
    "original_filename": "0184_family_api_webcast",
    "header_text": "Introduction",
    "local_header_href": "#introduction",
    "chunk_text": "<style>\n.blue { color: blue; }\n.teal { color: teal; }\n.maroon { color: maroon; }\n.green { color: green; }\n.gray { color: gray; }\n</style>"
  },
  {
    "original_filename": "0184_family_api_webcast",
    "header_text": "Revit Family API Webcast",
    "local_header_href": "#revit-family-api-webcast",
    "chunk_text": "<h3>Revit Family API Webcast</h3><p>Here is a last-minute reminder to register for the Revit Family API webcast that we are holding tomorrow, Thursday July 23<sup>rd</sup>. \nYou have 25 hours time until it begins, starting now.\nTo register, you can visit the Autodesk Developer Network (ADN) DevTech API \n\n<a href=\"http://www.adskconsulting.com/adn/cs/api_course_sched.php\">\ntraining schedule site</a>,\n\nfilter for Revit Family API, and click on the \n\n<a href=\"http://usa.autodesk.com/adsk/servlet/item?id=10417086&amp;siteID=123112&amp;cname=Revit%20Family%20API,%20Webcast,%20Jul%2023%202009,%20200841\">\nregister</a> link.\nThis webcast is open to all developers, regardless of ADN membership.</p>"
  }
]