[
  {
    "original_filename": "0185_store_structured_data",
    "header_text": "Introduction",
    "local_header_href": "#introduction",
    "chunk_text": "<style>\n\npre { \n  font-size : 95%; \n  line-height : 120%; \n  background-color : lightgrey;\n  white-space : wrap;\n  color: darkblue;\n  background-color : linen;\n}\n\npre.code { \n  color: black;\n  background-color : white; \n}\n\n.blue { color: blue; }\n.teal { color: teal; }\n.maroon { color: maroon; }\n.green { color: green; }\n.gray { color: gray; }\n\n</style>"
  },
  {
    "original_filename": "0185_store_structured_data",
    "header_text": "Store Structured Data",
    "local_header_href": "#store-structured-data",
    "chunk_text": "<h3>Store Structured Data</h3><p>After yesterday's exciting and successful\n\n<a href=\"http://thebuildingcoder.typepad.com/blog/2009/07/revit-family-api-webcast.html\">\nRevit Family API webcast</a>, \n\nhere is a complete and mature solution to a frequently asked question that I mulled over for some time.</p><p><strong>Question:</strong>\nI read your post on \n\n<a href=\"http://thebuildingcoder.typepad.com/blog/2009/06/model-group-shared-parameter.html\">\ncreating a shared parameter on the model group</a>, \n\nwhich also shows how I can store arbitrary application data on almost any Revit element.\nHowever, due to the way that Revit parameters are defined, the type of the data item contained within the parameter is limited to Double, Integer, String or ElementId.\nWhat can I do to store arbitrary structured application data in a Revit project file?</p><p><strong>Answer:</strong>\nJust as you say, the data types supported by Revit parameters are limited to integer, real, string or element id.\nThe string data type will allow you to store any kind of data in a single parameter, as long as it is represented as a string.\nObviously, any kind of data can be encoded into string format.\nYou can either implement code to do this yourself, or make use of existing functionality provided by the .NET framework or other sources.</p><p>In case you are worrying about the data size, you can store strings of any length in a Revit string-valued parameter.\nThis technique has been used to store some pretty large strings in Revit parameters.\nAs far as we know, the only limitation is memory size, but of course Revit has never been exhaustively tested in this context. \nSo please be aware, as always, that you are using this technique at your own risk!</p><p>You can peek into the parameter string value using RvtMgdDbg; \nalthough it will display only a certain maximum number of characters, you can still copy and paste the complete data into an editor using Ctrl + C and Ctrl + V.</p><p>The final encoding of binary data to a string can be achieved using base64 encoding, for example, which is provided by the .NET Convert.ToBase64String method.\nThe retrieval of the string data to a binary representation can be achieved using Convert.FromBase64String.</p><p>The data being stored can also be compressed by using the \n\n<a href=\"http://en.wikipedia.org/wiki/ZIP_(file_format)\">\nzip file format</a>, \n\nfor instance with the \n\n<a href=\"http://www.gzip.org/zlib\">\nzlib library</a>\n\nimplementing compression and decompression algorithms for the zip data specification.\nA port of zlib to C# is provided by \n\n<a href=\"http://www.icsharpcode.net/OpenSource/SharpZipLib\">\n#ziplib</a>,\n\nwhose usage is discussed in this MSDN article including some \n\n<a href=\"http://msdn.microsoft.com/en-us/magazine/cc164129.aspx\">\nbackground info and an example usage</a>.\nOther links are provided in the article describing the file format.</p><p>Once you have the structured binary data in its final form, whether compressed or not, some method to convert it to string format needs to be defined and implemented.\nA simple possibility is to implement a .NET class to hold the structured data and set the .NET attribute [Serializable] on it. \nThen the .NET framework can automagically serialise it into a binary stream for you, which can then be either compressed or directly encoded into a base64 string for storage in the Revit string-valued parameter.</p><p>Here is a more detailed description of the technique using the Serializable attribute:\n\n<h4>Generic Compound Parameters</h4>\n<p><strong>Question:</strong>\nHow can we store any kind of custom data in a Revit model, be it a large XML file, a binary chunk, or other custom data? Shared parameters can be used to store text, numbers, URLs, Boolean Yes/No values, but not for any complex data structures such as custom objects and binary chunks. \n\n<p><strong>Answer:</strong>\nIf the complex data is converted to a string, it can be stored in any text parameter. Per-object data can be stored in the appropriate Revit element parameters, per-document data on the Project Information singleton.\n\n<p>Various techniques exist to package complex data structures into strings, i.e. algorithmically pack and unpack: XML serialisation, SOAP serialisation, custom XML, custom algorithms and more. The drawback of custom algorithms is obviously the  additional development effort required; furthermore, the resulting string size may be non-optimal. A simple solution is provided by the .NET framework: \n\n<ul>\n<li>Declare the custom .NET class as [Serializable].\n<li>Serialise and deserialise it using a binary formatter.\n<li>Encode and decode the binary data to and from text using base64 encoding.\n</li></li></li></ul>\n<p>Converting from binary to text using only printable characters only causes a 33% size increase. Furthermore, it can be achieved in just a few lines of code in .NET.\n\n<p>Here is the skeleton of an example class declaration:</p>\n<pre class=\"code\">\n  [<span class=\"teal\">Serializable</span>()]\n  <span class=\"blue\">public</span> <span class=\"blue\">class</span> <span class=\"teal\">B</span>\n  {\n    . . .\n  }\n</pre>\n<p>This code converts an instance 'obj' into a string which can be stored in a Revit parameter by serialising into a binary stream and then encoding the binary data in a base64 string:</p>\n<pre class=\"code\">\n  <span class=\"teal\">BinaryFormatter</span> f = <span class=\"blue\">new</span> <span class=\"teal\">BinaryFormatter</span>();\n  <span class=\"teal\">MemoryStream</span> stream = <span class=\"blue\">new</span> <span class=\"teal\">MemoryStream</span>();\n  f.Serialize( stream, obj );\n  stream.Position = 0;\n \n  <span class=\"blue\">long</span> n2 = stream.Length;\n  <span class=\"blue\">int</span> n = (<span class=\"blue\">int</span>) n2;\n  <span class=\"blue\">byte</span>[] buf = <span class=\"blue\">new</span> <span class=\"blue\">byte</span>[n];\n  stream.Read( buf, 0, n );\n  <span class=\"blue\">return</span> <span class=\"teal\">Convert</span>.ToBase64String( buf );\n</pre>\n<p>To retrieve the data from Revit, the string is read from the parameter, decoded back to binary data, and deserialised:</p>\n<pre class=\"code\">\n  <span class=\"teal\">MemoryStream</span> s = <span class=\"blue\">new</span> <span class=\"teal\">MemoryStream</span>( <span class=\"teal\">Convert</span>.FromBase64String( s64 ) );\n  s.Position = 0;\n \n  <span class=\"teal\">BinaryFormatter</span> f = <span class=\"blue\">new</span> <span class=\"teal\">BinaryFormatter</span>();\n  <span class=\"blue\">return</span> f.Deserialize( s );\n</pre>\n<p>Additional notes:\n\n<ol>\n<li>Make sure to use invisible parameters to avoid any user interface issues.\n\n<li>If you already have other binary chunks, custom packed by yourself or otherwise, then you do not need the first part to serialise the class instance, but just the base64 encoding of the binary chunk.\n\n<li>If you implement the simplest form listed above, then deserialisation will work only if your DLL is located in the same folder as Revit.exe.\nIf it is not, you will see an error saying something like this:\n</li></li></li></ol>\n<pre>\nSystem.Runtime.Serialization.SerializationException\nUnable to find assembly 'StoreData, Version=1.0.0.0, \n  Culture=neutral, PublicKeyToken=null'.\n</pre>\n<p>One solution is to ensure that assembly resides in same directory as acad.exe or Revit.exe.\nTo make it work regardless of where your DLL is located, you need a \n\n<a href=\"http://www.codeproject.com/soap/Serialization_Samples.asp\">\ncustom deserialisation helper class</a>\n\nsuch as the following:</p>\n<pre class=\"code\">\n<span class=\"blue\">public</span> <span class=\"blue\">sealed</span> <span class=\"blue\">class</span> <span class=\"teal\">JtLinkBinder</span> \n  : System.Runtime.Serialization.<span class=\"teal\">SerializationBinder</span>\n{\n  <span class=\"blue\">public</span> <span class=\"blue\">override</span> System.<span class=\"teal\">Type</span> BindToType( \n    <span class=\"blue\">string</span> assemblyName, \n    <span class=\"blue\">string</span> typeName )\n  {\n    <span class=\"blue\">return</span> <span class=\"teal\">Type</span>.GetType( <span class=\"blue\">string</span>.Format( <span class=\"maroon\">\"{0}, {1}\"</span>, \n      typeName, assemblyName ) );\n  }\n}\n</pre>\n<p>Using the custom serialisation binder class, the deserialisation to convert the string back to binary data looks like this:</p>\n<pre class=\"code\">\n  <span class=\"teal\">BinaryFormatter</span> f = <span class=\"blue\">new</span> <span class=\"teal\">BinaryFormatter</span>();\n  <span class=\"green\">// add this line to avoid the \"unable to find assembly\" issue:</span>\n  f.Binder = <span class=\"blue\">new</span> <span class=\"teal\">JtLinkBinder</span>(); \n  <span class=\"blue\">return</span> f.Deserialize( s );\n</pre>\n<p>Here is a complete Visual Studio solution \n\n<a href=\"zip/StoreData.zip\">\nStoreData</a>\n\nimplementing an example class and the storage functionality in a Revit parameter.</p>\n</p></p></p></p></p></p>"
  },
  {
    "original_filename": "0185_store_structured_data",
    "header_text": "Generic Compound Parameters",
    "local_header_href": "#generic-compound-parameters",
    "chunk_text": "<h4>Generic Compound Parameters</h4><p><strong>Question:</strong>\nHow can we store any kind of custom data in a Revit model, be it a large XML file, a binary chunk, or other custom data? Shared parameters can be used to store text, numbers, URLs, Boolean Yes/No values, but not for any complex data structures such as custom objects and binary chunks. \n\n<p><strong>Answer:</strong>\nIf the complex data is converted to a string, it can be stored in any text parameter. Per-object data can be stored in the appropriate Revit element parameters, per-document data on the Project Information singleton.\n\n<p>Various techniques exist to package complex data structures into strings, i.e. algorithmically pack and unpack: XML serialisation, SOAP serialisation, custom XML, custom algorithms and more. The drawback of custom algorithms is obviously the  additional development effort required; furthermore, the resulting string size may be non-optimal. A simple solution is provided by the .NET framework: \n\n<ul>\n<li>Declare the custom .NET class as [Serializable].\n<li>Serialise and deserialise it using a binary formatter.\n<li>Encode and decode the binary data to and from text using base64 encoding.\n</li></li></li></ul>\n<p>Converting from binary to text using only printable characters only causes a 33% size increase. Furthermore, it can be achieved in just a few lines of code in .NET.\n\n<p>Here is the skeleton of an example class declaration:</p>\n<pre class=\"code\">\n  [<span class=\"teal\">Serializable</span>()]\n  <span class=\"blue\">public</span> <span class=\"blue\">class</span> <span class=\"teal\">B</span>\n  {\n    . . .\n  }\n</pre>\n<p>This code converts an instance 'obj' into a string which can be stored in a Revit parameter by serialising into a binary stream and then encoding the binary data in a base64 string:</p>\n<pre class=\"code\">\n  <span class=\"teal\">BinaryFormatter</span> f = <span class=\"blue\">new</span> <span class=\"teal\">BinaryFormatter</span>();\n  <span class=\"teal\">MemoryStream</span> stream = <span class=\"blue\">new</span> <span class=\"teal\">MemoryStream</span>();\n  f.Serialize( stream, obj );\n  stream.Position = 0;\n \n  <span class=\"blue\">long</span> n2 = stream.Length;\n  <span class=\"blue\">int</span> n = (<span class=\"blue\">int</span>) n2;\n  <span class=\"blue\">byte</span>[] buf = <span class=\"blue\">new</span> <span class=\"blue\">byte</span>[n];\n  stream.Read( buf, 0, n );\n  <span class=\"blue\">return</span> <span class=\"teal\">Convert</span>.ToBase64String( buf );\n</pre>\n<p>To retrieve the data from Revit, the string is read from the parameter, decoded back to binary data, and deserialised:</p>\n<pre class=\"code\">\n  <span class=\"teal\">MemoryStream</span> s = <span class=\"blue\">new</span> <span class=\"teal\">MemoryStream</span>( <span class=\"teal\">Convert</span>.FromBase64String( s64 ) );\n  s.Position = 0;\n \n  <span class=\"teal\">BinaryFormatter</span> f = <span class=\"blue\">new</span> <span class=\"teal\">BinaryFormatter</span>();\n  <span class=\"blue\">return</span> f.Deserialize( s );\n</pre>\n<p>Additional notes:\n\n<ol>\n<li>Make sure to use invisible parameters to avoid any user interface issues.\n\n<li>If you already have other binary chunks, custom packed by yourself or otherwise, then you do not need the first part to serialise the class instance, but just the base64 encoding of the binary chunk.\n\n<li>If you implement the simplest form listed above, then deserialisation will work only if your DLL is located in the same folder as Revit.exe.\nIf it is not, you will see an error saying something like this:\n</li></li></li></ol>\n<pre>\nSystem.Runtime.Serialization.SerializationException\nUnable to find assembly 'StoreData, Version=1.0.0.0, \n  Culture=neutral, PublicKeyToken=null'.\n</pre>\n<p>One solution is to ensure that assembly resides in same directory as acad.exe or Revit.exe.\nTo make it work regardless of where your DLL is located, you need a \n\n<a href=\"http://www.codeproject.com/soap/Serialization_Samples.asp\">\ncustom deserialisation helper class</a>\n\nsuch as the following:</p>\n<pre class=\"code\">\n<span class=\"blue\">public</span> <span class=\"blue\">sealed</span> <span class=\"blue\">class</span> <span class=\"teal\">JtLinkBinder</span> \n  : System.Runtime.Serialization.<span class=\"teal\">SerializationBinder</span>\n{\n  <span class=\"blue\">public</span> <span class=\"blue\">override</span> System.<span class=\"teal\">Type</span> BindToType( \n    <span class=\"blue\">string</span> assemblyName, \n    <span class=\"blue\">string</span> typeName )\n  {\n    <span class=\"blue\">return</span> <span class=\"teal\">Type</span>.GetType( <span class=\"blue\">string</span>.Format( <span class=\"maroon\">\"{0}, {1}\"</span>, \n      typeName, assemblyName ) );\n  }\n}\n</pre>\n<p>Using the custom serialisation binder class, the deserialisation to convert the string back to binary data looks like this:</p>\n<pre class=\"code\">\n  <span class=\"teal\">BinaryFormatter</span> f = <span class=\"blue\">new</span> <span class=\"teal\">BinaryFormatter</span>();\n  <span class=\"green\">// add this line to avoid the \"unable to find assembly\" issue:</span>\n  f.Binder = <span class=\"blue\">new</span> <span class=\"teal\">JtLinkBinder</span>(); \n  <span class=\"blue\">return</span> f.Deserialize( s );\n</pre>\n<p>Here is a complete Visual Studio solution \n\n<a href=\"zip/StoreData.zip\">\nStoreData</a>\n\nimplementing an example class and the storage functionality in a Revit parameter.</p>\n</p></p></p></p></p>"
  }
]