[
  {
    "original_filename": "0188_learning_net",
    "header_text": "Introduction",
    "local_header_href": "#introduction",
    "chunk_text": "<style>\n\npre { \n  font-size : 95%; \n  line-height : 120%; \n  background-color : lightgrey;\n  white-space : wrap;\n  color: darkblue;\n  background-color : linen;\n}\n\npre.code { \n  color: black;\n  background-color : white; \n}\n\n.blue { color: blue; }\n.teal { color: teal; }\n.maroon { color: maroon; }\n.green { color: green; }\n.gray { color: gray; }\n\n</style>"
  },
  {
    "original_filename": "0188_learning_net",
    "header_text": "A .NET Language Learning Resource",
    "local_header_href": "#a-net-language-learning-resource",
    "chunk_text": "<h3>A .NET Language Learning Resource</h3><p>Since all Revit API programming is based on .NET, and the most accessible programming languages for creating .NET applications are C# and VB, we are occasionally asked how to get started with these.\nWhile we discussed the resources available for \n\n<a href=\"http://thebuildingcoder.typepad.com/blog/2009/04/getting-started-with-the-revit-2009-api.html\">\ngetting started with the Revit API</a>\n\nitself, there is also a need to learn a .NET programming language in order to make efficient use of it.</p><p>Here is an enthusiastic endorsement from Jack Foster for some VB.NET training material.\nJack is a long time LISP programmer who has been learning the core concepts of VB.NET while trying to use the AutoCAD.NET API. \nHe never used VB or VBA before.\n\n<p>Good morning and I wanted to let you know that I found a website, in the UK no less, that has some great basic beginner's tutorials online that are free:\n\n<a href=\"http://www.homeandlearn.co.uk\">\nhttp://www.homeandlearn.co.uk</a>. \n\nOr you can purchase, as I did, a PDF e-book for the outstanding price of 5.49 pounds which is an absolute steal.  \nI thought I would let you know in case you have some other beginners who need some easy to learn.  \nI am very impressed with the detailed explanations that are provided.</p>\n<p>I am doing pretty well with what you all taught me and have had to tweak and make additions but it is all working fine.  \nMany times I have felt like going to Dev Help online but I have resisted and been able to figure it out myself and I learn more that way.  \nThere will be times when it will be essential to get your help.  \nPlease pass this on.\nThere is also a Visual C# .NET course.\n\n<p>I have fiddled and googled and all kinds of links trying to find out something.  Stumbled onto this website from googling and went to the tutorial on combo boxes and WOW.  \nRight there step by step and very clearly explained was exactly what I needed to know.  \nThis is so much better than some books I looked at, and I even bought the Dummies VB.NET book.  \nThe cliché 'can't say enough about how good it is' would kind of apply here.  \nPass it on to anyone and check it out to make sure.  \n\n<p>I have done AutoLISP for 20 years and I am still not good at it but I have done a lot of good things.  \nVB.NET just totally dazzles me with what you can do.  \nWith AutoLISP I had reduced what took an hour down to five minutes.  \nWith VB.NET I have now reduced that hour task to about 15 seconds or less.  \nThat is mindboggling to me.  \n\n<h4>Converting Between C# and VB</h4>\n<p>We have repeatedly touched on the topic of \n\n<a href=\"http://thebuildingcoder.typepad.com/blog/2008/10/converting-between-vb-and-c-and-net-decompilation.html\">\nconverting between C# and VB</a>,\n\nand I mentioned how I use the \n\n<a href=\"http://www.red-gate.com/products/reflector\">\nReflector</a>\n\ntool for this task, for example to \n\n<a href=\"http://thebuildingcoder.typepad.com/blog/2009/05/vb-samples-and-other-questions.html#2\">\nconvert Revit SDK samples</a>.\n\nKean Walmsley has also now explored this topic in some depth in this new post on \n\n<a href=\"http://through-the-interface.typepad.com/through_the_interface/2009/07/converting-between-c-and-vbnet.html\">\nconverting between C# and VB.NET</a>.\n</p></p></p></p></p>"
  },
  {
    "original_filename": "0188_learning_net",
    "header_text": "Converting Between C# and VB",
    "local_header_href": "#converting-between-c-and-vb",
    "chunk_text": "<h4>Converting Between C# and VB</h4><p>We have repeatedly touched on the topic of \n\n<a href=\"http://thebuildingcoder.typepad.com/blog/2008/10/converting-between-vb-and-c-and-net-decompilation.html\">\nconverting between C# and VB</a>,\n\nand I mentioned how I use the \n\n<a href=\"http://www.red-gate.com/products/reflector\">\nReflector</a>\n\ntool for this task, for example to \n\n<a href=\"http://thebuildingcoder.typepad.com/blog/2009/05/vb-samples-and-other-questions.html#2\">\nconvert Revit SDK samples</a>.\n\nKean Walmsley has also now explored this topic in some depth in this new post on \n\n<a href=\"http://through-the-interface.typepad.com/through_the_interface/2009/07/converting-between-c-and-vbnet.html\">\nconverting between C# and VB.NET</a>.\n</p>"
  }
]