[
  {
    "original_filename": "0190_api_wishlist_survey",
    "header_text": "Introduction",
    "local_header_href": "#introduction",
    "chunk_text": "<style>\n\npre { \n  font-size : 95%; \n  line-height : 120%; \n  background-color : lightgrey;\n  white-space : wrap;\n  color: darkblue;\n  background-color : linen;\n}\n\npre.code { \n  color: black;\n  background-color : white; \n}\n\n.blue { color: blue; }\n.teal { color: teal; }\n.maroon { color: maroon; }\n.green { color: green; }\n.gray { color: gray; }\n\n</style>"
  },
  {
    "original_filename": "0190_api_wishlist_survey",
    "header_text": "API Wish List Survey Reminder",
    "local_header_href": "#api-wish-list-survey-reminder",
    "chunk_text": "<h3>API Wish List Survey Reminder</h3><p>Here is a last minute reminder that the \n\n<a href=\"http://www.zoomerang.com/Survey/?p=WEB229BU6PH7J9\">\nRevit API wish list survey</a>\n\nthat I already pointed out in a \n\n<a href=\"http://thebuildingcoder.typepad.com/blog/2009/07/api-wishlist-survey.html\">\nprevious post</a> \n\nwill be closing this Friday, <strong>July 31<sup>st</sup>, 2009</strong>.</p><p>Thank you very much to all of you who have already completed it!\nThe number of participants has increased significantly since last year, thanks to you.</p><p>Just to show you that the results of this wish list survey really do have a strong influence on the API development, here is the result of the previous Revit API wish list with the items implemented in Revit 2010 highlighted in bold:</p><ol>\n<li><strong>Ability to access more model data through the API</strong>\n<li><strong>Ability to create new families programmatically (without using the family editor)</strong>\n<li>Addition of event handlers for elements when added, deleted, changed, moved or selected\n<li><strong>Ability to create more Revit elements programmatically</strong>\n<li><strong>Improved documentation and sample code</strong>\n<li>Better integration into Revit UI – popup menus, access to design bars and option bars, access to project browser\n<li>Ability to let user select element ends, intersection and faces while external application is running inside of Revit\n<li>Other (detail below, including any vertical needs)\n<li>Ability to encode more complex formulas into family parameters\n<li>Ability to change existing element behaviour, for example the join behaviour of a wall\n<li><strong>Ability to create/edit/delete additional MEP elements</strong>\n</li></li></li></li></li></li></li></li></li></li></li></ol>"
  }
]