[
  {
    "original_filename": "0193_gbxml_webcast",
    "header_text": "Introduction",
    "local_header_href": "#introduction",
    "chunk_text": "<head>\n<link href=\"bc.css\" rel=\"stylesheet\" type=\"text/css\"/>\n</head>"
  },
  {
    "original_filename": "0193_gbxml_webcast",
    "header_text": "Free gbXML Webcast",
    "local_header_href": "#free-gbxml-webcast",
    "chunk_text": "<h3>Free gbXML Webcast</h3><p>We already mentioned the \n\n<a href=\"http://www.gbxml.org\">\nGreen Building XML Schema</a>\n\nor gbXML and how to \n\n<a href=\"http://thebuildingcoder.typepad.com/blog/2009/06/export-family-instance-to-gbxml.html\">\nexport certain family instances</a>\n\nto it.\n\n<p>The gbXML Advisory Board is hosting a free webcast titled 'Using Green Building XML (gbXML) for Sustainable Building Design' on Wednesday, August 12, 2009 at 10:00 to 11:00 am PST.\n\n<p>Presented by members of the gbXML Advisory Board, this webcast will demonstrate how tools for Building Information Modelling (BIM) can integrate with analysis software, using the interoperability of gbXML to help create more sustainable building designs. \nPresentations and product demos will include the following: \n\n<ul>\n<li>Autodesk Revit Architecture and Autodesk Ecotect Analysis\n<li>Bentley Building Mechanical Systems \n<li>Cadsoft  Envisioneer\n<li>Environmental Design Solutions Limited (EDSL) Tas Software\n</li></li></li></li></ul>\n<p>The webcast will also include a discussion of the current and future status of the gbXML open schema.\n\n<p>Registration is not required to attend.  \nHere are is the webcast and telephone conference login information:\n\n<ul>\n<li>Attendee URL:  \n\n<a href=\"https://www.livemeeting.com/cc/autodesklearning/join?id=XML&amp;role=attend&amp;pw=Audience\">\nhttps://www.livemeeting.com/cc/autodesklearning/join?id=XML&amp;role=attend&amp;pw=Audience</a>\n<li>Meeting ID:  XML\n<li>Attendee Meeting Key:  Audience \n<li>Audio:  Toll free: +1 (888) 282-4109\n<li>Participant code: 5434747\n</li></li></li></li></li></ul>\n</p></p></p></p></p>"
  }
]