[
  {
    "original_filename": "0207_birthday_1",
    "header_text": "Introduction",
    "local_header_href": "#introduction",
    "chunk_text": "<head>\n<link href=\"bc.css\" rel=\"stylesheet\" type=\"text/css\"/>\n</head>"
  },
  {
    "original_filename": "0207_birthday_1",
    "header_text": "Happy Building Coder Birthday!",
    "local_header_href": "#happy-building-coder-birthday",
    "chunk_text": "<h3>Happy Building Coder Birthday!</h3><p>The \n\n<a href=\"http://thebuildingcoder.typepad.com/blog/2008/08/welcome.html\">\nfirst Building Coder post</a>\n\nwas published one year ago, on August 22<sup>nd</sup> 2008.\n\nWe celebrated an intermediate birthday with the \n\n<a href=\"http://thebuildingcoder.typepad.com/blog/2009/02/utilizing-revit-api-resources.html\">\nhundredth post</a>\n\nin February 2009.\nToday is the first real annual birthday and The Building Coder has now reached the ripe old age of one.</p><center>\n<img alt=\"The Building Coder's first birthday\" src=\"img/birthday_1.png\"/>\n</center><p>I am celebrating with a nice cup of \n\n<a href=\"http://en.wikipedia.org/wiki/Cappuccino\">\ncappuccino</a>.\n\nI actually add a drop of cream to mine.\nTo further celebrate, I will say no more after 207 posts so far.</p>"
  }
]