[
  {
    "original_filename": "0212_obfuscation_tools",
    "header_text": "Introduction",
    "local_header_href": "#introduction",
    "chunk_text": "<head>\n<link href=\"bc.css\" rel=\"stylesheet\" type=\"text/css\"/>\n</head>"
  },
  {
    "original_filename": "0212_obfuscation_tools",
    "header_text": "Obfuscation Tools",
    "local_header_href": "#obfuscation-tools",
    "chunk_text": "<h3>Obfuscation Tools</h3><p>We already explained the need for and basics of\n\n<a href=\"http://thebuildingcoder.typepad.com/blog/2008/10/obfuscation.html\">\nobfuscation</a>,\n\nand yet developers I meet are often still surprised to discover how easy it is to decompile their .NET application and obtain the original source code back from the released .NET assembly DLL.\nWe can add new information on this topic and present details on some available tools now, because Greg Wesner of Autodesk kindly agreed to share his personal experience and research results using obfuscation with Revit applications:</p><p>First of all, here is a \n\n<a href=\"http://www.csharp411.com/net-obfuscators\">\nlist of most of the available obfuscators</a>\n\nwith some additional background information and further links.\n\n<p>I gave up on Dotfuscator because I was having problems obfuscating things for Revit and their interface was not very good. \nYou have to exclude from obfuscation any methods that external apps call into or access. \nThis would include entry points like IExternalCommand and IExternalApplication methods.\nVirtually any DLL can be obfuscated to the point where it will not run.\n\n<p>I now use {smartassembly} which is working quite well for me. \nIts in the medium price range of the tools out there. \nIt does a fairly good job of drilling into the dependencies itself and determining what can and cannot be obfuscated. \nSetting up the various options in these tools will make all the difference. \n\n<p>To be honest, what really sold me on {smartassembly} was the fact that their trial software was a fully functional installation of their product. \nYou just cant ship what you obfuscate until you pay for it. \nDotfuscator and another one I tried from Rustemsoft called Skater were both limited versions of their software,\nso it was very difficult to determine how effective they would be. \nSkater in particular did not do a very good job of string mangling and the result was barely different from the code.\nIf you are going to provide an evaluation copy, is it really a good idea to limit it to the point that it is unimpressive?\n\n<p>Here are some cool features in {smartassembly} beyond obfuscation:\n\n<ol>\n<li>It can merge in dependent DLLs or embed them. \nMerging them will improve performance, embedding them just makes it more convenient, because your deliverable can be just one file.\n<li>It will prune code that will never get executed.\nActually, I find this to be a nice analysis tool for applications that are developed over long periods of time – Im amazed at how much code I write that I eventually end up abandoning.\n<li>It will add confusing metadata to the DLL so that .NET Reflector and MS IL Disassembler cannot view it. \nThis is a huge advantage because now you need hacking tools even to see what methods are exposed, and this provides a level of protection for even those methods that you could not obfuscate.\n<li>It will sign your assembly with a strong name after obfuscation.\n<li>It has some memory optimizations that can improve memory usage, which I have not tested.\n</li></li></li></li></li></ol>\n<p>My approach in setting up my projects was to enable all the security features I could to make it as safe as possible. \nThen obfuscate the DLL and load and test it. \nAs I mentioned, {smartassembly} does a fairly good job of realizing that some methods are entry points for the DLL and it cannot mangle those signatures. \nA couple of times I ended up with an obfuscated DLL that would not run. \nSo from there I went back in and began disabling features. \nI start by excluding whole classes from obfuscation. \nOnce I find the class or classes that cannot be mangled, I try drilling down to see if there are just some particular methods that need to be excluded. \nThis is all I have really needed to do to get it working for me. \n\n<p>I also considered .NET Reactor. \nThe price is really competitive and it has the added feature of creating time bombed versions of your software. \nBut a review I read said it had difficulty with complex applications.\n\n<p>I would have liked more time to evaluate this to determine if it would have worked for me. \nI highly recommend trying out more than one of these tools before making a decision.\n\n<p>Obviously, these are just unofficial personal opinions, like everything else stated in this blog.\n</p></p></p></p></p></p></p></p></p>"
  }
]