[
  {
    "original_filename": "0222_getting_started_2010",
    "header_text": "Introduction",
    "local_header_href": "#introduction",
    "chunk_text": "<head>\n<link href=\"bc.css\" rel=\"stylesheet\" type=\"text/css\"/>\n</head>"
  },
  {
    "original_filename": "0222_getting_started_2010",
    "header_text": "Getting Started with the Revit 2010 API",
    "local_header_href": "#getting-started-with-the-revit-2010-api",
    "chunk_text": "<h3>Getting Started with the Revit 2010 API</h3><p>I am back again from a great vacation in Italy which I mostly spent outdoors camping, swimming, cooking, and drinking cappuchino.\nYesterday was the \n\n<a href=\"http://fr.wikipedia.org/wiki/Je%C3%BBne_f%C3%A9d%C3%A9ral\">\nJeûne Fédéral holiday</a> (French)\n\nin Neuchâtel.\nI used that to make a first pass through my overfull email inbox.\n\n<p>Meanwhile, here is a quick summary and overview of the material we have put together so far for getting started with the Revit 2010 API.</p>\n<p><strong>Question:</strong> Do you have any updated information similar to the getting started material for Revit 2009?\nI would like to hear about the news and differences between the Revit 2010 and 2009 APIs.\n\n<p><strong>Answer:</strong> First of all, for completeness sake, here is the back pointer to the final wrap-up overview of the getting started material for the Revit 2009 API:\n\n<ul>\n<li><a href=\"http://thebuildingcoder.typepad.com/blog/2009/04/getting-started-with-the-revit-2009-api.html\">\nGetting started with the Revit 2009 API</a></li>\n</ul>\n<p>A large part of the material listed there applies to the Revit 2010 API as well. \n\n<p>Additional specific topics related to the Revit 2010 API are covered in subsequent posts:\n\n<ul>\n<li><a href=\"http://thebuildingcoder.typepad.com/blog/2009/05/revit-api-introduction-webcast.html\">\nRevit 2010 API Introduction</a> – recording and materials of the Revit 2010 API introcution webcast providing a general overview of the API as well as highlighting news and differences to the previous versions.</li>\n<li><a href=\"http://thebuildingcoder.typepad.com/blog/2009/05/revit-2010-ribbon-api.html\">\nThe Revit Ribbon API</a> – important for rewriting an external application to make use of the Revit 2010 ribbon.</li>\n<li><a href=\"http://thebuildingcoder.typepad.com/blog/2009/08/the-revit-family-api.html\">\nThe Revit Family API</a> – an overview of the family API including a pointer to the family API webcast recording and materials.</li>\n<li><a href=\"http://thebuildingcoder.typepad.com/blog/2009/07/revit-form-creation-api.html\">\nThe Form Creation API</a> – highlights a subset of the family API.</li>\n<li><a href=\"http://thebuildingcoder.typepad.com/blog/2009/09/the-revit-mep-api.html\">\nThe Revit MEP API</a> – an overview of the Revit MEP API and the recording and materials of the MEP webcast.</li>\n</ul>\n<p>There is an entire blog category appropriately named '2010' which includes all of these and more:\n\n<ul>\n<li><a href=\"http://thebuildingcoder.typepad.com/blog/2010\">\nRevit 2010 API posts</a></li>\n</ul>\n<p>As said, most of the additional resources listed in the discussion on\n\n<a href=\"http://thebuildingcoder.typepad.com/blog/2009/04/getting-started-with-the-revit-2009-api.html\">\ngetting started with the Revit 2009 API</a>\n\nare also still valid and accessible.\n</p></p></p></p></p></p></p>"
  }
]