[
  {
    "original_filename": "0235_au_2009",
    "header_text": "Introduction",
    "local_header_href": "#introduction",
    "chunk_text": "<head>\n<link href=\"bc.css\" rel=\"stylesheet\" type=\"text/css\"/>\n</head>"
  },
  {
    "original_filename": "0235_au_2009",
    "header_text": "AU 2009",
    "local_header_href": "#au-2009",
    "chunk_text": "<h3>AU 2009</h3><p>These days I am pretty occupied with the preparation of my sessions for \n\n<a href=\"http://au.autodesk.com\">\nAutodesk University 2009</a>:</p><ul>\n<li>\n<a href=\"http://au.autodesk.com/?nd=class&amp;session_id=5269\">\n<strong>CP308-2</strong> All Systems Go in the New Autodesk Revit MEP API</a></li>\n<li>\n<a href=\"https://au.autodesk.com/?nd=class&amp;session_id=5265&amp;jid=323682\">\n<strong>CP9118-1</strong> The New Autodesk Revit Family API: Everything is Relative</a></li>\n</ul><p>The Family API one is a virtual class which requires special preparation, since it is being recorded and broadcast worldwide for \n\n<a href=\"http://au.autodesk.com/?nd=virtual_home&amp;pre=1\">\nVirtual Autodesk University</a>.\n\nAs \n\n<a href=\"http://www.civil3d.com/2009/10/autodesk-university-virtual\">\nRick Graham</a> pointed out, \n\nvirtual AU was created for those who are not able to make it to Las Vegas in person, and is free for subscription customers.</p><p>Here are links to the \n\n<a href=\"http://au.autodesk.com/?nd=e_class_listing&amp;filter_date=&amp;filter_time=&amp;filter_room=&amp;filter_type=&amp;filter_track=&amp;filter_software=&amp;filter_speaker=114824\">\nstandard class catalogue</a> and the \n\n<a href=\"https://au.autodesk.com/?nd=virtual_class_listing&amp;speaker_filter=114824#classlisting\">\nvirtual classes</a>.\n\n<p>I would love to see you in person in the classroom session,\nor chat with you live during one of the virtual ones.\n</p></p>"
  }
]