[
  {
    "original_filename": "0238_rvtmgddbg_2010",
    "header_text": "Introduction",
    "local_header_href": "#introduction",
    "chunk_text": "<head>\n<link href=\"bc.css\" rel=\"stylesheet\" type=\"text/css\"/>\n</head>"
  },
  {
    "original_filename": "0238_rvtmgddbg_2010",
    "header_text": "RvtMgdDbg for Revit 2010",
    "local_header_href": "#rvtmgddbg-for-revit-2010",
    "chunk_text": "<h3>RvtMgdDbg for Revit 2010</h3><p><a href=\"http://roddotnet.blogspot.com\">Rod Howarth</a> asked a very pertinent \n\n<a href=\"http://thebuildingcoder.typepad.com/blog/2009/02/rvtmgddbg.html?cid=6a00e553e1689788330120a6273edf970b#comment-6a00e553e1689788330120a6273edf970b\">\nquestion</a> on RvtMgdDbg:\n\n<p><strong>Question:</strong> Just wondering, is the 2010 version allowed to be distributed to non ADN members? \nIs it uploaded anywhere? \nI would have thought it would be ok given the 2009 version and its source code are \n\n<a href=\"http://download.autodesk.com/media/adn/RvtMgdDbg2009_0429_2008.zip\">\npublicly available</a>. \n\nJust thought I'd check.</p>\n<p><strong>Answer:</strong> Thank you for asking this very pertinent question. \nAs said in the discussion on \n\n<a href=\"http://thebuildingcoder.typepad.com/blog/2009/02/rvtmgddbg.html\">\nRvtMgdDbg for Revit 2009</a>,\n\nthis is an essential tool that we recommend to every Revit developer, so obviously it is important that everyone who needs it has access to it.\n\nThe Revit 2010 version of RvtMgdDbg is included in our \n\n<a href=\"http://thebuildingcoder.typepad.com/blog/2009/05/revit-api-introduction-webcast.html\">\nRevit API webcast training material</a>\n\nwhich can be downloaded from the public ADN \n\n<a href=\"http://www.adskconsulting.com/adn/cs/api_course_sched.php\">\nAPI training schedule</a> site \n\n&gt; Revit API,\n\nor using the following \n\n<a href=\"http://download.autodesk.com/media/adn/RevitAPI_2010_Webcast.zip\">\ndirect link</a>.\n\nFor completeness sake, here is also an \n\n<a href=\"http://adn.autodesk.com/adn/servlet/item?siteID=4814862&amp;id=12264104&amp;linkID=4901650\">\nalternative download site</a> for ADN members.\n\n<p><strong>Late addendum:</strong> It is now much, much later, March 2011, and for yet more completeness' sake, here is the complete source code, Visual Studio solution, and a compiled assembly DLL of RvtMgdDbg for Revit 2010, prompted by the \n\n<a href=\"http://thebuildingcoder.typepad.com/blog/2010/11/connector-direction-and-createairhandler.html?cid=6a00e553e1689788330147e2fba7a6970b#comment-6a00e553e1689788330147e2fba7a6970b\">\ncomment</a> by \n\nSangsen on \n\n<a href=\"http://thebuildingcoder.typepad.com/blog/2010/11/connector-direction-and-createairhandler.html\">\nMEP connector direction and the CreateAirHandler SDK sample</a>:\n\n<ul>\n<li><a href=\"zip/RvtMgdDbg2010_2011-03-04.zip\">\nRvtMgdDbg2010_2011-03-04.zip</a>.\n</li></ul>\n<p>As hinted at by Sangsen, RvtMgdDbg was renamed to RevitLookup and included in the official Revit SDK in the Revit 2011 cycle.\n</p></p></p></p>"
  }
]