[
  {
    "original_filename": "0242_au_extension",
    "header_text": "Introduction",
    "local_header_href": "#introduction",
    "chunk_text": "<head>\n<link href=\"bc.css\" rel=\"stylesheet\" type=\"text/css\"/>\n</head>"
  },
  {
    "original_filename": "0242_au_extension",
    "header_text": "Autodesk University Extension",
    "local_header_href": "#autodesk-university-extension",
    "chunk_text": "<h3>Autodesk University Extension</h3><p>As already mentioned, I submitted the material for my \n\n<a href=\"http://thebuildingcoder.typepad.com/blog/2009/10/au-2009.html\">\nAU sessions</a> last week, \n\nand one of them is a virtual class which will be broadcast live worldwide for those who cannot attend AU in Las Vegas in person.\n\nAnother option for people not travelling to Las Vegas besides getting the $99 Premier Pass to AU Virtual is provided by the \n\n<a href=\"http://au.autodesk.com/?nd=event_autodesk_university_extension\">\nAutodesk University Extension</a>,\n\nwhich is a collection of over 100 completely free training events, held in 35 countries and hosted by over 90 Authorized Training Center sites.\n\nHere is a \n\n<a href=\"http://au.autodesk.com/?nd=event_compare_aue_auv\">\ncomparison grid</a>\n\nshowing the difference between AU Extension and AU Virtual.\n\n<p>Now I need to practice my sessions a bit and prepare for a dry run to ensure that I have everything down pat.\nAnd also recuperate from the severe cold and bad throat that I have been suffering through for the past week.\nBut better go through it now than later, of course, when I am travelling and presenting!\n\n<p>If you are interested in AutoCAD as well as Revit, Kean just published a list of the \n\n<a href=\"http://through-the-interface.typepad.com/through_the_interface/2009/11/au-2009-classes-both-physical-and-virtual.html\">\nAutoCAD-related AU classes</a> held\n\nby the DevTech team, both physical and virtual.\n</p></p></p>"
  }
]