[
  {
    "original_filename": "0256_auv_for_free_for_adn",
    "header_text": "Introduction",
    "local_header_href": "#introduction",
    "chunk_text": "<head>\n<link href=\"bc.css\" rel=\"stylesheet\" type=\"text/css\"/>\n</head>"
  },
  {
    "original_filename": "0256_auv_for_free_for_adn",
    "header_text": "AU Virtual free for ADN Members",
    "local_header_href": "#au-virtual-free-for-adn-members",
    "chunk_text": "<h3>AU Virtual free for ADN Members</h3><p>Kean Walmsley just announced that a \n\n<a href=\"http://through-the-interface.typepad.com/through_the_interface/2009/11/breaking-news-adn-members-can-attend-au-virtual-for-free.html\">\n<strong>free</strong> Premier Pass</a> to\n\n<a href=\"http://www.autodesk.com/auvirtual\">\nAutodesk University virtual</a>\n\nis available for members of the \n\n<a href=\"http://autodesk.com/joinadn\">\nAutodesk Developer Network</a>.\n\n<p>Please join us there.\nWe are presenting at both AUv and the non-virtual AU:\n\n<ul>\n<li>Kean's <a href=\"http://au.autodesk.com/?nd=class&amp;session_id=5124&amp;jid=323682\">F# sessions</a>.</li>\n<li><a href=\"http://through-the-interface.typepad.com/through_the_interface/2009/11/au-2009-classes-both-physical-and-virtual.html\">AutoCAD-related AU and AUv sessions</a>.</li>\n<li><a href=\"http://thebuildingcoder.typepad.com/blog/2009/10/au-2009.html\">The Revit Family and MEP APIs</a>.</li>\n</ul>\n<p>I am looking forward to seeing or hearing from you in the next couple of days!\n</p></p></p>"
  }
]