[
  {
    "original_filename": "0261_au_winds_down",
    "header_text": "Introduction",
    "local_header_href": "#introduction",
    "chunk_text": "<head>\n<link href=\"bc.css\" rel=\"stylesheet\" type=\"text/css\"/>\n</head>"
  },
  {
    "original_filename": "0261_au_winds_down",
    "header_text": "AU Winds Down",
    "local_header_href": "#au-winds-down",
    "chunk_text": "<h3>AU Winds Down</h3><p>AU is winding down. \nThe physical conference has closed.\nAU Virtual is still in full swing today with tons of great on demand content.\nI just learned that everybody, including you, is invited to engage with AU Virtual via the Free Pass option.  \nYou can \n\n<a href=\"http://www.autodesk.com/auvirtual\">\nregister</a> and access great content right now.\n\n<h4>Good Suggestions for Beginners</h4>\n<p>I finished my participation by going to the closing party and visiting the shark aquarium after attending one final class by \n\n<a href=\"http://roddotnet.blogspot.com\">Rod Howarth</a>:\n\n<ul>\n<li><a href=\"http://au.autodesk.com/?nd=class&amp;session_id=5116\">\nCP322-1</a> How the Revit API Has Saved Our Company Time and Money – and How It Can Do the Same for Yours</li>\n</ul>\n<p>Rod showed us a number of simple yet powerful and time-saving utilities and explained how they can be implemented.\nAbove all, he put together an excellent collection of suggestions and resources for beginners, providing a great overview of how to start using the Revit API from scratch for an absolute newbie;\nbooks on learning C# and .NET and programming, blogs, forums, ADN, etc. He also described \n\n<a href=\"http://thebuildingcoder.typepad.com/blog/2009/02/rvtmgddbg.html\">\nRvtMgdDbg</a>\n\n(<a href=\"http://thebuildingcoder.typepad.com/blog/2009/10/rvtmgddbg-for-revit-2010.html\">for 2010</a>)\n\nand most important of all, steps on how to fish, i.e. how to explore the Revit database and the data on and relationships between elements in order to discover for yourself how to automate some task you require.\n\nHe also mentioned that he set up a new entry point to his custom Google search at\n\n<a href=\"http://revitapisearch.rodh.org\">\nhttp://revitapisearch.rodh.org</a>.\n\n<p>Anyway, I am on my way to the airport now, glad to have left the gargantuan hotel and casino and convention centre complex and be out in the sun and fresh air again.\n</p></p></p></p>"
  },
  {
    "original_filename": "0261_au_winds_down",
    "header_text": "Good Suggestions for Beginners",
    "local_header_href": "#good-suggestions-for-beginners",
    "chunk_text": "<h4>Good Suggestions for Beginners</h4><p>I finished my participation by going to the closing party and visiting the shark aquarium after attending one final class by \n\n<a href=\"http://roddotnet.blogspot.com\">Rod Howarth</a>:\n\n<ul>\n<li><a href=\"http://au.autodesk.com/?nd=class&amp;session_id=5116\">\nCP322-1</a> How the Revit API Has Saved Our Company Time and Money – and How It Can Do the Same for Yours</li>\n</ul>\n<p>Rod showed us a number of simple yet powerful and time-saving utilities and explained how they can be implemented.\nAbove all, he put together an excellent collection of suggestions and resources for beginners, providing a great overview of how to start using the Revit API from scratch for an absolute newbie;\nbooks on learning C# and .NET and programming, blogs, forums, ADN, etc. He also described \n\n<a href=\"http://thebuildingcoder.typepad.com/blog/2009/02/rvtmgddbg.html\">\nRvtMgdDbg</a>\n\n(<a href=\"http://thebuildingcoder.typepad.com/blog/2009/10/rvtmgddbg-for-revit-2010.html\">for 2010</a>)\n\nand most important of all, steps on how to fish, i.e. how to explore the Revit database and the data on and relationships between elements in order to discover for yourself how to automate some task you require.\n\nHe also mentioned that he set up a new entry point to his custom Google search at\n\n<a href=\"http://revitapisearch.rodh.org\">\nhttp://revitapisearch.rodh.org</a>.\n\n<p>Anyway, I am on my way to the airport now, glad to have left the gargantuan hotel and casino and convention centre complex and be out in the sun and fresh air again.\n</p></p></p>"
  }
]