[
  {
    "original_filename": "0271_revit_python_shell",
    "header_text": "Introduction",
    "local_header_href": "#introduction",
    "chunk_text": "<head>\n<link href=\"bc.css\" rel=\"stylesheet\" type=\"text/css\"/>\n</head>"
  },
  {
    "original_filename": "0271_revit_python_shell",
    "header_text": "Revit Python Shell",
    "local_header_href": "#revit-python-shell",
    "chunk_text": "<h3>Revit Python Shell</h3><p>Here is number two of my collection of Christmas presents.\nThis one may actually be the biggest, and should give us all ample material to play with over the holiday season and indeed also use for productive work indefinitely onwards.\n\n<p>Daren Thomas of the <a href=\"http://www.gt.arch.ethz.ch\">Professur für Gebäudetechnik, Institut für Hochbautechnik</a> at the technical university ETH Zürich has published a \n\n<a href=\"http://darenatwork.blogspot.com/2009/12/introducing-revitpythonshell.html\">\nPython Shell for Revit</a>.\n\nIt was implemented using IronPython and is used to automate the running of daily tests of a building energy analysis package.\nHosting IronPython via a Revit plug-in is a now solved problem. \nDaren's intention is to continue publishing samples of what you can do with it pretty regularly in the future.\n\n<p>The \n\n<a href=\"http://code.google.com/p/revitpythonshell\">\nsource code</a> is \n\navailable under the GNU General Public License v3 from a \n\n<a href=\"http://subversion.tigris.org\">\nSubversion</a> repository on \n\n<a href=\"http://code.google.com\">\ncode.google.com</a>.\n\nIt is documented, though there is currently little other stand-alone documentation.\nOne would probably want to look for the IExternalApplication entry point and go from there. \nWhat the application does is:\n\n<ul>\n<li>Add a button to the Revit ribbon to start the python shell.\n<li>Execute a python script entered in a text box, with output going to a separate window.\n</li></li></ul>\n<p>Daren describes one of the main scripts like this: it \"will open up an interactive interpreter loop known as a REPL that will let you explore the Revit API. \nAnd by explore, I mean type a statement, hit enter, see the results, carry on. It doesn't get easier as this!\"\n\n<p>If you know \n\n<a href=\"http://thebuildingcoder.typepad.com/blog/2009/02/rvtmgddbg.html\">RvtMgdDbg</a>\n\n(<a href=\"http://thebuildingcoder.typepad.com/blog/2009/10/rvtmgddbg-for-revit-2010.html\">for 2010</a>)\n\nand appreciate the possibilities it offers to manually dive into the Revit database via the Revit API by using hardcoded queries to explore elements and their properties, imagine enhanced functionality with complete freedom to interactively execute any arbitrary method on the elements, store the results, and continue processing those in any desired manner.\n\n<!-- <p>Daren has also implemented a module revitutil.py providing a bunch of wrapper classes to make the Revit API more pythonic.\n\n<p>A nice thing to have next would be a sort of tinker-away-work-bench, which requires adding an interactive shell. Should not be too difficult, says Daren... -->\n<p>One main objective in releasing this code is the hope that it will make exploring the Revit API a lot easier and thus help push its bounds as far as possible.\n\n<h4>Feedback and Participation</h4>\n\nIf you decide to take a look at the package, please also provide feedback to Daren, especially answers to the following two questions:\n\n<ul>\n<li>Are the installation instructions adequate?\n<li>Have you encountered any problems?\n</li></li></ul>\n<p>Daren also points out that he would be happy to grant commit access to the source repository for any serious contributors.\n</p></p></p></p></p></p></p>"
  },
  {
    "original_filename": "0271_revit_python_shell",
    "header_text": "Feedback and Participation",
    "local_header_href": "#feedback-and-participation",
    "chunk_text": "<h4>Feedback and Participation</h4><ul>\n<li>Are the installation instructions adequate?\n<li>Have you encountered any problems?\n</li></li></ul><p>Daren also points out that he would be happy to grant commit access to the source repository for any serious contributors.\n</p>"
  }
]