[
  {
    "original_filename": "0275_abg",
    "header_text": "Introduction",
    "local_header_href": "#introduction",
    "chunk_text": "<head>\n<link href=\"bc.css\" rel=\"stylesheet\" type=\"text/css\"/>\n</head>"
  },
  {
    "original_filename": "0275_abg",
    "header_text": "Analyse Building Geometry",
    "local_header_href": "#analyse-building-geometry",
    "chunk_text": "<h3>Analyse Building Geometry</h3><p>In a loose series of upcoming posts, I plan to present the content of Scott Conover's brilliant class held at Autodesk University 2009:\n\n<ul>\n<li><a href=\"http://au.autodesk.com/?nd=class&amp;session_id=5256\"> <!-- http://au.autodesk.com/?nd=e_class&session_id=5256 -->\nCP222-3</a> Analyze Geometry of Buildings Using the Autodesk Revit API.\n</li>\n</ul>\n<p>As stated in the class summary, it provides tips and techniques to extract geometric and measurement data from Revit models using the Revit API and teaches how Revit parameterizes 2D and 3D geometry of various building elements, including walls, floors, roofs and structural framing, including techniques for measuring quantities related to the building construction, such as areas, volumes, and material usage. It also shows how ray-tracing utilities can assist with analysis of the physical relationships between elements in the Revit model.\n\n<p>In the live presentation, Scott summarised it even more succinctly, highlighting the importance of this material even more, because this class has three objectives:\n\n<ul>\n<li>Cover some areas missing from the Revit API documentation.\n<li>Highlight the use of ray tracing.\n<li>Demonstrate good quantity takeoff practices.\n</li></li></li></ul>\n<p>Scott created the best handout I have ever seen for any AU class previously.\nOne reason he did is in fact that some of the information provided in it is still missing in the official Revit API documentation, and the handout is partially intended for direct inclusion in future versions.\nSo I am very glad to be able to discuss it here and am sure that it will be of great interest to everybody currently working in these areas.\nIt also ensures that the material becomes easily accessible and available to online searches.\n\n<a name=\"toc\"></a>\n<h4>Table of Contents</h4>\n<p>I am splitting up Scott's wealth of material into the following blog post sized chunks which I plan to publish in the near future:\n\n<ol>\n<li>\n<a href=\"http://thebuildingcoder.typepad.com/blog/2010/01/geometry-options.html\">\nGeometry options</a>.\n<a href=\"278_abg01_geometry_options.htm\"> </a></li>\n<li>\n<a href=\"http://thebuildingcoder.typepad.com/blog/2010/01/curve-parameterisation.html\">\nCurve parameterisation</a>.\n<a href=\"279_abg02_curve_parameterisation.htm\"> </a></li>\n<li>\n<a href=\"http://thebuildingcoder.typepad.com/blog/2010/01/south-facing-walls.html\">\nSouth facing walls</a>.\n<a href=\"281_abg03_south_facing_walls.htm\"> </a></li>\n<!-- <li><a href=\"_abg4_south_facing_windows.htm\">South facing windows and project location north</a>.</li> -->\n<li>\n<a href=\"http://thebuildingcoder.typepad.com/blog/2010/01/curves.html\">\nCurves</a>.\n<a href=\"283_abg04_curves.htm\"> </a></li>\n<li>\n<a href=\"http://thebuildingcoder.typepad.com/blog/2010/01/faces.html\">\nFaces</a>.\n<a href=\"286_abg05_faces.htm\"> </a></li>\n<li>\n<a href=\"http://thebuildingcoder.typepad.com/blog/2010/01/face-edges.html\">\nFace Edges and the PanelEdgeLengthAngle SDK Sample</a>.\n<a href=\"288_abg06_edges.htm\"> </a></li>\n<li>\n<a href=\"http://thebuildingcoder.typepad.com/blog/2010/01/transformations.html\">\nTransformations</a>.\n<a href=\"290_abg07_transform.htm\"> </a></li>\n<li>\n<a href=\"http://thebuildingcoder.typepad.com/blog/2010/01/project-location.html\">\nProject location</a>.\n<a href=\"292_abg08_project_location.htm\"> </a></li>\n<li>\n<a href=\"http://thebuildingcoder.typepad.com/blog/2010/01/findreferencesbydirection.html\">\nFinding elements, distance measurement, FindReferencesByDirection and the RayTraceBounce SDK Sample</a>.\n<a href=\"294_abg09_findReferencesByDir.htm\"> </a>\n<li>\n<a href=\"http://thebuildingcoder.typepad.com/blog/2010/02/material-quantity-extraction.html\">\nMaterial quantities</a>.\n<a href=\"296_abg10_material_quantity.htm\"> </a></li>\n</li></ol>\n<p>If you are eager to jump ahead with any of these topics, please feel free to download and analyse Scott's AU course material already today.\n\n\n\n<a name=\"2\"></a>\n<p><strong>Addendum:</strong> On request, I now uploaded Scott's ORIGINAL AU 2009 class handout,\n\n<!-- http://thebuildingcoder.typepad.com/au/2009/AU09_CP222-3_Analyze_Geometry_Revit_API.pdf -->\n<a href=\"file:////a/doc/au/2009/doc2/AU09_CP222-3_Analyze_Geometry_Revit_API.pdf\">\nAU09_CP222-3_Analyze_Geometry_Revit_API.pdf</a>.</p>\n<p>Please also take a look at the article on\n\n<a href=\"http://thebuildingcoder.typepad.com/blog/2013/04/curve-following-face-and-bounding-box-implementation.html\">\nAsCurveFollowingFace and SortCurvesContiguous</a>;\n\nit presents an updated version of Scott Conover's Geometry API handout document from the Autodesk University 2011 class,\n\n<a href=\"zip/cp4011_conover.pdf\">cp4011_conover.pdf</a>.</p></p></p></p></p></p></p>"
  },
  {
    "original_filename": "0275_abg",
    "header_text": "Table of Contents",
    "local_header_href": "#table-of-contents",
    "chunk_text": "<h4>Table of Contents</h4><p>I am splitting up Scott's wealth of material into the following blog post sized chunks which I plan to publish in the near future:\n\n<ol>\n<li>\n<a href=\"http://thebuildingcoder.typepad.com/blog/2010/01/geometry-options.html\">\nGeometry options</a>.\n<a href=\"278_abg01_geometry_options.htm\"> </a></li>\n<li>\n<a href=\"http://thebuildingcoder.typepad.com/blog/2010/01/curve-parameterisation.html\">\nCurve parameterisation</a>.\n<a href=\"279_abg02_curve_parameterisation.htm\"> </a></li>\n<li>\n<a href=\"http://thebuildingcoder.typepad.com/blog/2010/01/south-facing-walls.html\">\nSouth facing walls</a>.\n<a href=\"281_abg03_south_facing_walls.htm\"> </a></li>\n<!-- <li><a href=\"_abg4_south_facing_windows.htm\">South facing windows and project location north</a>.</li> -->\n<li>\n<a href=\"http://thebuildingcoder.typepad.com/blog/2010/01/curves.html\">\nCurves</a>.\n<a href=\"283_abg04_curves.htm\"> </a></li>\n<li>\n<a href=\"http://thebuildingcoder.typepad.com/blog/2010/01/faces.html\">\nFaces</a>.\n<a href=\"286_abg05_faces.htm\"> </a></li>\n<li>\n<a href=\"http://thebuildingcoder.typepad.com/blog/2010/01/face-edges.html\">\nFace Edges and the PanelEdgeLengthAngle SDK Sample</a>.\n<a href=\"288_abg06_edges.htm\"> </a></li>\n<li>\n<a href=\"http://thebuildingcoder.typepad.com/blog/2010/01/transformations.html\">\nTransformations</a>.\n<a href=\"290_abg07_transform.htm\"> </a></li>\n<li>\n<a href=\"http://thebuildingcoder.typepad.com/blog/2010/01/project-location.html\">\nProject location</a>.\n<a href=\"292_abg08_project_location.htm\"> </a></li>\n<li>\n<a href=\"http://thebuildingcoder.typepad.com/blog/2010/01/findreferencesbydirection.html\">\nFinding elements, distance measurement, FindReferencesByDirection and the RayTraceBounce SDK Sample</a>.\n<a href=\"294_abg09_findReferencesByDir.htm\"> </a>\n<li>\n<a href=\"http://thebuildingcoder.typepad.com/blog/2010/02/material-quantity-extraction.html\">\nMaterial quantities</a>.\n<a href=\"296_abg10_material_quantity.htm\"> </a></li>\n</li></ol>\n<p>If you are eager to jump ahead with any of these topics, please feel free to download and analyse Scott's AU course material already today.\n\n\n\n<a name=\"2\"></a>\n<p><strong>Addendum:</strong> On request, I now uploaded Scott's ORIGINAL AU 2009 class handout,\n\n<!-- http://thebuildingcoder.typepad.com/au/2009/AU09_CP222-3_Analyze_Geometry_Revit_API.pdf -->\n<a href=\"file:////a/doc/au/2009/doc2/AU09_CP222-3_Analyze_Geometry_Revit_API.pdf\">\nAU09_CP222-3_Analyze_Geometry_Revit_API.pdf</a>.</p>\n<p>Please also take a look at the article on\n\n<a href=\"http://thebuildingcoder.typepad.com/blog/2013/04/curve-following-face-and-bounding-box-implementation.html\">\nAsCurveFollowingFace and SortCurvesContiguous</a>;\n\nit presents an updated version of Scott Conover's Geometry API handout document from the Autodesk University 2011 class,\n\n<a href=\"zip/cp4011_conover.pdf\">cp4011_conover.pdf</a>.</p></p></p>"
  }
]