[
  {
    "original_filename": "0277_gbxml_webcast",
    "header_text": "Introduction",
    "local_header_href": "#introduction",
    "chunk_text": "<head>\n<link href=\"bc.css\" rel=\"stylesheet\" type=\"text/css\"/>\n</head>"
  },
  {
    "original_filename": "0277_gbxml_webcast",
    "header_text": "gbXML Webcast",
    "local_header_href": "#gbxml-webcast",
    "chunk_text": "<h3>gbXML Webcast</h3><p>Autodesk and the Green Building XML (gbXML) Advisory Board invites you to attend a free webcast titled \"Using Green Building XML (gbXML) for Sustainable Building Design - Part II\" on January 21, 2010 at 10:00 to 11:00 am PST.\n\n<p>Presented by gbXML stakeholders, this webcast will demonstrate how tools for Building Information Modeling (BIM) can integrate with various analyses software, using the interoperability of gbXML to help create more sustainable building designs. Presentations and product demos will include the following:\n\n<ul>\n<li>Autodesk Revit Architecture, Autodesk Ecotect Analysis with Autodesk Green Building Studio.\n<li>Graphisoft with Encina plug-in for gbXML.\n<li>IES VE (Integrated Environmental Solutions Virtual Environment).\n<li>Trane Trace.\n</li></li></li></li></ul>\n<p>Stephen Roth, Administrator of the gbXML Advisory Board and President of Carmelsoft will also discuss the current status of the gbXML and related activities.\n\n<p>Login details:\n\n<ul>\n<li>Thursday, January 21, 2010 at 10:00 am PST.\n<li>No registration required.\n\n<li>Attendee URL: \n<a href=\"https://www.mymeetings.com/nc/join\">\nhttps://www.mymeetings.com/nc/join</a>.\n\n<li>Conference number: PG1216303.\n<li>Passcode: 8302437.\n<li>Audio conference: +1-210-795-1099 or 866-803-2145.\n\n<li>Direct link: \n<a href=\"https://www.mymeetings.com/nc/join.php?i=PG1216303&amp;p=8302437&amp;t=c\">\nhttps://www.mymeetings.com/nc/join.php?i=PG1216303&amp;p=8302437&amp;t=c</a>.\n\n</li></li></li></li></li></li></li></ul>\n</p></p></p></p>"
  }
]