[
  {
    "original_filename": "0284_devlabs_training",
    "header_text": "Introduction",
    "local_header_href": "#introduction",
    "chunk_text": "<head>\n<link href=\"bc.css\" rel=\"stylesheet\" type=\"text/css\"/>\n</head>"
  },
  {
    "original_filename": "0284_devlabs_training",
    "header_text": "DevLabs and Training",
    "local_header_href": "#devlabs-and-training",
    "chunk_text": "<h3>DevLabs and Training</h3><p>Kean just pointed out that we have scheduled a number of new \n\n<a href=\"http://through-the-interface.typepad.com/through_the_interface/2010/01/more-devlabs-currently-planned-for-2010.html\">\nDevLabs</a> for this year. \n\nTwo of them, in Munich and Beijing, will be offering support for Revit developers.\n\n<p>We have also updated the \n\n<a href=\"http://www.adskconsulting.com/adn/cs/api_course_sched.php\">\nAPI training schedule</a> (which \n\nyou can also access from the easy-to-remember URL\n\n<a href=\"http://autodesk.com/apitraining\">\nautodesk.com/apitraining</a>).\n\nIt includes some class room trainings on the Revit API.\nWe are thinking of holding some webcasts on various aspects of the Revit API as well, and will add them to the training schedule once the plans have matured.\n\n<!--\nIt includes three different Revit API trainings in Chennai, Beijing and Warsaw.\nPlease note that the dates for the training in Warsaw are currently in flux and therefore not yet listed correctly in the training schedule.\nWe are talking about adding an extra day to that training so that we can discuss the Revit MEP and Structure APIs as well as the basic Revit platform API, and moving it forward from April 28<sup>th</sup> to April 7-9.\n--></p></p>"
  }
]