[
  {
    "original_filename": "0285_rectangular_duct_corners",
    "header_text": "Introduction",
    "local_header_href": "#introduction",
    "chunk_text": "<head>\n<link href=\"bc.css\" rel=\"stylesheet\" type=\"text/css\"/>\n</head>"
  },
  {
    "original_filename": "0285_rectangular_duct_corners",
    "header_text": "Rectangular Duct Corners",
    "local_header_href": "#rectangular-duct-corners",
    "chunk_text": "<h3>Rectangular Duct Corners</h3><p>In between the series of background information from Scott's Autodesk University presentation on \n\n<a href=\"http://thebuildingcoder.typepad.com/blog/2010/01/analyse-building-geometry.html\">\nanalysing building geometry</a>,\n\nlet's have a quick look at a practical application.\n\n<p>This is an MEP-specific issue on how to determine the corners of a rectangular duct.\nOne approach to determine this information is to perform the following steps:\n\n<ul>\n<li>Analyse the duct geometry.\n<li>Extract its solid.\n<li>Iterate over the faces.\n<li>Select the face containing the rectangular connector.\n<li>Determine its four corners.\n</li></li></li></li></li></ul>\n<p>We explored the geometry of various elements in detail in the past, e.g.\n\n<a href=\"http://thebuildingcoder.typepad.com/blog/2008/10/slab-boundary.html\">slab boundary</a>,\n<a href=\"http://thebuildingcoder.typepad.com/blog/2008/11/slab-side-faces.html\">slab side faces</a>,\n<a href=\"http://thebuildingcoder.typepad.com/blog/2008/11/wall-elevation-profile.html\">wall elevation profile</a>,\n<a href=\"http://thebuildingcoder.typepad.com/blog/2008/12/2d-polygon-areas-and-outer-loop.html\">2D polygon areas and outer loop</a>,\n<a href=\"http://thebuildingcoder.typepad.com/blog/2008/12/3d-polygon-areas.html\">3D polygon areas</a>, and\n<a href=\"http://thebuildingcoder.typepad.com/blog/2009/04/cylindrical-column.html\">cylindrical columns</a>.\n\nWe have also had a look at \n\n<a href=\"http://thebuildingcoder.typepad.com/blog/2009/04/mep-connectors.html\">\nMEP connectors</a> and \n\nused the information contained in them, e.g. for the \n\n<a href=\"http://thebuildingcoder.typepad.com/blog/2009/10/modeless-pressure-drop-tool.html\">\nmodeless pressure drop tool</a>.\n\nThis analysis now shows how these two sources of information, geometry and connectors, can be usefully combined.\n\n<p>The following solution comes from a case handled by Joe Ye and an implementation by Aaron and Vico in the Revit development team.\n\n<p><strong>Question:</strong> I need to determine the four corners at the end of a rectangular duct. \nGiven a connector at the end of the duct, I have been using the connector coordinate system transform and width and height properties to determine the corners like this:\n\n<pre class=\"code\">\n  <span class=\"teal\">XYZ</span> p = connector.CoordinateSystem.OfPoint( \n    <span class=\"blue\">new</span> <span class=\"teal\">XYZ</span>( connector.Width / 2, \n      connector.Height / 2, 0 ) );\n</pre>\n<p>This only seems to work if the duct is oriented such that the airflow is in the XY plane.\n\n<p>If the duct's airflow is along the Z axis so the duct is going up or down, I can calculate the corner like this: \n\n<pre class=\"code\">\n  <span class=\"teal\">XYZ</span> p = connector.CoordinateSystem.OfPoint( \n    <span class=\"blue\">new</span> <span class=\"teal\">XYZ</span>( connector.Height / 2, \n      connector.Width / 2, 0 ) );\n</pre>\n<p>I seem to be missing something, because it seems like I shouldn't have to determine the duct's orientation. \nIs there a more general solution to determining the corners of a rectangular duct? \nAlso, if the duct has been rotated, neither of these methods works.\n\n<p><strong>Answer:</strong> There is no direct access to the four corners, but they can easily be determined from the duct geometry in combination with the connector location:\n\n<ul>\n<li>Retrieve the duct geometry solid.\n<li>Retrieve the duct centre line and find the two rectangular end faces which are perpendicular to it.\n<li>Alternatively, find the planar rectangular face containing the connector.\n<li>Retrieve its four vertices to obtain the desired corner points.\n</li></li></li></li></ul>\n<p>I added a new external command CmdRectDuctCorners to The Building Coder sample application to demonstrate how these steps can be implemented.\n\n<p>This implementation also demonstrates making use of the .NET diagnostics Trace class to create a log file to write the data to, rather than using our customary approach of writing to the Visual Studio debug console window.\nUsing the Trace class and writing to a file is useful for driving automated tests and comparing the results with an expected template output file, for instance.\n\n<p>We make use of the following helper methods:\n\n<ul>\n<li>GetFirstRectangularConnector – return the first rectangular connector of the given duct element.\n<li>FaceContainsConnector – return true if the given face of a solid contains the given connector.\n<li>AnalyseDuct – analyse the given duct element: determine its first rectangular connector, retrieve its solid, find the face containing the connector, and list its four vertices.\n</li></li></li></ul>\n<p>Here is the implementation of GetFirstRectangularConnector:\n\n<pre class=\"code\">\n<span class=\"blue\">static</span> <span class=\"blue\">bool</span> GetFirstRectangularConnector( \n  <span class=\"teal\">Duct</span> duct, \n  <span class=\"blue\">out</span> <span class=\"teal\">Connector</span> c1 )\n{\n  c1 = <span class=\"blue\">null</span>;\n \n  <span class=\"teal\">ConnectorSet</span> connectors \n    = duct.ConnectorManager.Connectors;\n \n  <span class=\"blue\">if</span>( 0 &lt; connectors.Size )\n  {\n    <span class=\"blue\">foreach</span>( <span class=\"teal\">Connector</span> c <span class=\"blue\">in</span> connectors )\n    {\n      <span class=\"blue\">if</span>( <span class=\"teal\">ConnectorProfileType</span>.RectProfile \n        == c.Shape )\n      {\n        c1 = c;\n        <span class=\"blue\">break</span>;\n      }\n      <span class=\"blue\">else</span>\n      {\n        <span class=\"teal\">Trace</span>.WriteLine( <span class=\"maroon\">\"Connector shape: \"</span> \n          + c.Shape );\n      }\n    }\n  }\n  <span class=\"blue\">return</span> <span class=\"blue\">null</span> != c1;\n}\n</pre>\n<p>FaceContainsConnector is short and sweet.\nIt uses Face.Project to determine the closest point on the face to the connector origin. \nIf it exists and the distance returned by the method is small, the connector is contained in the face:\n\n<pre class=\"code\">\n<span class=\"blue\">static</span> <span class=\"blue\">bool</span> FaceContainsConnector(\n  <span class=\"teal\">Face</span> face,\n  <span class=\"teal\">Connector</span> c )\n{\n  <span class=\"teal\">XYZ</span> p = c.Origin;\n \n  <span class=\"teal\">IntersectionResult</span> result = face.Project( p );\n \n  <span class=\"blue\">return</span> <span class=\"blue\">null</span> != result\n    &amp;&amp; <span class=\"teal\">Math</span>.Abs( result.Distance ) &lt; 1e-9;\n}\n</pre>\n<p>The mainline of the command does the following:\n\n<ul>\n<li>Check that we really are running in Revit MEP. If that is not the case, we will not have access to the duct element's connector manager.\n<li>Set up the log file for the Trace mechanism.\nIts path and filename is determined from the location and name of the executing assembly with a suffix of the current date and an extension \".log\".\n<li>Set up an error handler and manage exceptions, including final cleanup to ensure the trace mechanism is properly closed.\n<li>Iterate over the selected elements, check that each one really is a duct, and pass it into the analysis method.\n<li>Return Failed regardless of whether the analysis was successful or not, so that the database is not unnecessarily \n\n<a href=\"http://thebuildingcoder.typepad.com/blog/2008/12/document-ismodified-property.html\">\nmarked as dirty</a>\n\neven though nothing was modified.\n</li></li></li></li></li></ul>\n<pre class=\"code\">\n<span class=\"teal\">Application</span> app = commandData.Application;\n \n<span class=\"blue\">if</span>( <span class=\"teal\">ProductType</span>.MEP != app.Product )\n{\n  message = <span class=\"maroon\">\"Please run this command in Revit MEP.\"</span>;\n  <span class=\"blue\">return</span> <span class=\"teal\">CmdResult</span>.Failed;\n}\n \n<span class=\"teal\">Document</span> doc = app.ActiveDocument;\n<span class=\"teal\">SelElementSet</span> sel = doc.Selection.Elements;\n \n<span class=\"blue\">if</span>( 0 == sel.Size )\n{\n  message = <span class=\"maroon\">\"Please select some rectangular ducts.\"</span>;\n  <span class=\"blue\">return</span> <span class=\"teal\">CmdResult</span>.Failed;\n}\n \n<span class=\"green\">// set up log file:</span>\n \n<span class=\"blue\">string</span> log = <span class=\"teal\">Assembly</span>.GetExecutingAssembly().Location \n  + <span class=\"maroon\">\".\"</span> + <span class=\"teal\">DateTime</span>.Now.ToString( <span class=\"maroon\">\"yyyyMMdd\"</span> ) \n  + <span class=\"maroon\">\".log\"</span>;\n \n<span class=\"blue\">if</span>( <span class=\"teal\">File</span>.Exists( log ) )\n{\n  <span class=\"teal\">File</span>.Delete( log );\n}\n \n<span class=\"teal\">TraceListener</span> listener \n  = <span class=\"blue\">new</span> <span class=\"teal\">TextWriterTraceListener</span>( log );\n \n<span class=\"teal\">Trace</span>.Listeners.Add( listener );\n \n<span class=\"blue\">try</span>\n{\n  <span class=\"teal\">Trace</span>.WriteLine( <span class=\"maroon\">\"Begin\"</span> );\n \n  <span class=\"green\">// loop over all selected ducts:</span>\n \n  <span class=\"blue\">foreach</span>( <span class=\"teal\">Duct</span> duct <span class=\"blue\">in</span> sel )\n  {\n    <span class=\"blue\">if</span>( <span class=\"blue\">null</span> == duct )\n    {\n      <span class=\"teal\">Trace</span>.TraceError( <span class=\"maroon\">\"The selection is not a duct!\"</span> );\n    }\n    <span class=\"blue\">else</span>\n    {\n      <span class=\"green\">// process each duct:</span>\n \n      <span class=\"teal\">Trace</span>.WriteLine( <span class=\"maroon\">\"========================\"</span> );\n      <span class=\"teal\">Trace</span>.WriteLine( <span class=\"maroon\">\"Duct: Id = \"</span> + duct.Id.Value );\n \n      AnalyseDuct( duct );\n    }\n  }\n}\n<span class=\"blue\">catch</span>( <span class=\"teal\">Exception</span> ex )\n{\n  <span class=\"teal\">Trace</span>.WriteLine( ex.ToString() );\n}\n<span class=\"blue\">finally</span>\n{\n  <span class=\"teal\">Trace</span>.Flush();\n  listener.Close();\n  <span class=\"teal\">Trace</span>.Close();\n  <span class=\"teal\">Trace</span>.Listeners.Remove( listener );\n}\n<span class=\"blue\">return</span> <span class=\"teal\">CmdResult</span>.Failed;\n</pre>\n<p>Finally, here is the AnalyseDuct method that does the real work:\n\n<ul>\n<li>Retrieve the duct's first rectangular connector.\n<li>Retrieve the duct geometry.\n<li>Extract the solid.\n<li>Iterate over its faces.\n<li>Find the face containing the connector.\n<li>List its four vertices to the log file.\n</li></li></li></li></li></li></ul>\n<pre class=\"code\">\n<span class=\"blue\">static</span> <span class=\"blue\">bool</span> AnalyseDuct( <span class=\"teal\">Duct</span> duct )\n{\n  <span class=\"blue\">bool</span> rc = <span class=\"blue\">false</span>;\n \n  <span class=\"teal\">Connector</span> c1;\n  <span class=\"blue\">if</span>( !GetFirstRectangularConnector( duct, <span class=\"blue\">out</span> c1 ) )\n  {\n    <span class=\"teal\">Trace</span>.TraceError( <span class=\"maroon\">\"The duct is not rectangular!\"</span> );\n  }\n  <span class=\"blue\">else</span>\n  {\n    <span class=\"teal\">Options</span> opt = <span class=\"blue\">new</span> <span class=\"teal\">Options</span>();\n    opt.DetailLevel = <span class=\"teal\">Options</span>.<span class=\"teal\">DetailLevels</span>.Fine;\n    <span class=\"teal\">GeoElement</span> geoElement = duct.get_Geometry( opt );\n \n    <span class=\"blue\">foreach</span>( <span class=\"teal\">GeometryObject</span> obj <span class=\"blue\">in</span> geoElement.Objects )\n    {\n      <span class=\"teal\">Solid</span> solid = obj <span class=\"blue\">as</span> <span class=\"teal\">Solid</span>;\n      <span class=\"blue\">if</span>( solid != <span class=\"blue\">null</span> )\n      {\n        <span class=\"blue\">bool</span> foundFace = <span class=\"blue\">false</span>;\n        <span class=\"blue\">foreach</span>( <span class=\"teal\">Face</span> face <span class=\"blue\">in</span> solid.Faces )\n        {\n          foundFace = FaceContainsConnector( face, c1 );\n          <span class=\"blue\">if</span>( foundFace )\n          {\n            <span class=\"teal\">Trace</span>.WriteLine( <span class=\"maroon\">\"==&gt; Four face corners:\"</span> );\n \n            <span class=\"teal\">EdgeArray</span> a = face.EdgeLoops.get_Item( 0 );\n \n            <span class=\"blue\">foreach</span>( <span class=\"teal\">Edge</span> e <span class=\"blue\">in</span> a )\n            {\n              <span class=\"teal\">XYZ</span> p = e.Evaluate( 0.0 );\n \n              <span class=\"teal\">Trace</span>.WriteLine( <span class=\"maroon\">\"Point = \"</span> \n                + <span class=\"teal\">Util</span>.PointString( p ) );\n            }\n            rc = <span class=\"blue\">true</span>;\n            <span class=\"blue\">break</span>;\n          }\n        }\n        <span class=\"blue\">if</span>( !foundFace )\n        {\n          <span class=\"teal\">Trace</span>.WriteLine( <span class=\"maroon\">\"[Error] Face not found\"</span> );\n        }\n      }\n    }\n  }\n  <span class=\"blue\">return</span> rc;\n}\n</pre>\n<p>This is the resulting log file output after running this command with a simple rectangular duct selected:\n\n<pre>\nBegin\n========================\nDuct: Id = 431526\n==&gt; Four face corners:\nPoint = (-18.27,4.66,8.53)\nPoint = (-18.27,4.66,9.51)\nPoint = (-18.27,3.67,9.51)\nPoint = (-18.27,3.67,8.53)\n</pre>\n<p>Here is\n\n<a href=\"zip/bc11058.zip\">\nversion 1.1.0.58</a>\n\nof the complete Building Coder sample source code and Visual Studio solution including the new command.</p>\n<p>Many thanks to Joe for handling this case and to Aaron and Vico for the initial implementation!\n</p></p></p></p></p></p></p></p></p></p></p></p></p></p></p></p></p></p>"
  }
]