[
  {
    "original_filename": "0286_abg05_faces",
    "header_text": "Introduction",
    "local_header_href": "#introduction",
    "chunk_text": "<head>\n<link href=\"bc.css\" rel=\"stylesheet\" type=\"text/css\"/>\n</head>"
  },
  {
    "original_filename": "0286_abg05_faces",
    "header_text": "Faces",
    "local_header_href": "#faces",
    "chunk_text": "<h3>Faces</h3><p>This is part 5 of Scott Conover's AU 2009 class on\n\n<a href=\"http://thebuildingcoder.typepad.com/blog/2010/01/analyse-building-geometry.html\">\nanalysing building geometry</a>.\n\n<p>Faces in the Revit API can be described as mathematical functions of two input parameters 'u' and 'v', where the location of the face at any given point in XYZ space is a function of the parameters.\nThe U and V directions are automatically determined based on the shape of the given face.\nLines of constant U or V can be represented as gridlines on the face:</p>\n<center>\n<img alt=\"U and V gridlines on a cylindrical face\" src=\"img/abg5_uv_gridlines.png\"/>\n</center>\n<p>You can use the UV parameters to evaluate a variety of properties of the face at any given location:</p>\n<ul>\n<li>Whether the parameter is within the boundaries of the face, using Face.IsInside.\n<li>The XYZ location of the given face at the specified UV parameter value. This is returned from Face.Evaluate. If you are also calling ComputeDerivatives, this is also the .Origin property of the Transform returned by that method.\n<li>The tangent vector of the given face in the U direction. This is the BasisX property of the Transform returned by Face.ComputeDerivatives.\n<li>The tangent vector of the given face in the V direction. This is the BasisY property of the Transform returned by Face.ComputeDerivatives.\n<li>The normal vector of the given face. This is the BasisZ property of the Transform returned by Face.ComputeDerivatives.\n</li></li></li></li></li></ul>\n<p>All of the vectors returned are non-normalized.</p>\n<h4>Face types</h4>\n<p>Revit uses a variety of curve types to represent face geometry in a document, including the following with their corresponding Revit API representation classes:</p>\n<ul>\n<li>Plane – PlanarFace</li>\n<li>Cylinder – CylindricalFace</li>\n<li>Cone – ConicalFace</li>\n<li>Revolved face – RevolvedFace</li>\n<li>Ruled surface – RuledFace</li>\n<li>Hermite face – HermiteFace</li>\n</ul>\n<p>Here is the definition and some notes on each of these:</p>\n<ul>\n<li>Plane: A plane defined by the origin and unit vectors in U and V.\n\n<li>Cylinder: A face defined by extruding a circle along an axis.\nThe Radius property provides the 'radius vectors'  the unit vectors of the circle multiplied by the radius value.\n\n<li>Cone: A face defined by rotation of a line about an axis.\nThe Radius property provides the 'radius vectors'  the unit vectors of the circle multiplied by the radius value.\n\n<li>Revolved face: A face defined by rotation of an arbitrary curve about an axis.\nThe Radius property provides the unit vectors of the plane of rotation, there is no 'radius' involved.\n\n<li>Ruled surface: A face defined by sweeping a line between two profile curves, or one profile curve and one point.\nBoth curve(s) and point(s) can be obtained as properties.\n\n<li>Hermite face: A face defined by Hermite interpolation between points.\n</li></li></li></li></li></li></ul>\n<h4>Mathematical representation</h4>\n<p>Mathematical representations of all of the Revit face types are given in Appendix B of Scott's\n\n<a href=\"http://au.autodesk.com/?nd=material&amp;session_material_id=5337\">handout document</a>,\n\nand we include them here as well for easy online access.\nThis section describes the face types encountered in Revit geometry, their properties, and their mathematical representations.\n\n<h5>PlanarFace</h5>\n<p>A plane defined by origin and unit vectors in U and V. Its parametric equation is</p>\n<div align=\"center\">P(u,v) = P<sub>0</sub> + u n<sub>u</sub> + v n<sub>v</sub></div>\n<h5>CylindricalFace</h5>\n<p>A face defined by extruding a circle along an axis. The Revit API provides the following properties:</p>\n<ul>\n<li>The origin of the face.\n<li>The axis of extrusion.\n<li>The 'radius vectors' in X and Y.\nThese vectors are the circle's unit vectors multiplied by the radius of the circle.\nNote that the unit vectors may represent either a right handed or left handed control frame.\n</li></li></li></ul>\n<p>The parametric equation for this face is:</p>\n<div align=\"center\">\nP(u,v) = P<sub>0</sub> + r<sub>x</sub> cos(u) + r<sub>y</sub> sin(u) + v n<sub>axis</sub>\n</div>\n<h5>ConicalFace</h5>\n<p>A face defined by rotation of a line about an axis. The Revit API provides the following properties:</p>\n<ul>\n<li>The origin of the face.\n<li>The axis of the cone.\n<li>The 'radius vectors' in X and Y.\nThese vectors are the unit vectors multiplied by the radius of the circle formed by the revolution.\nNote that the unit vectors may represent either a right handed or left handed control frame.\n<li>The half angle of the face.\n</li></li></li></li></ul>\n<p>The parametric equation for this face is:</p>\n<div align=\"center\">\nP(u,v) = P<sub>0</sub> + v [sin(α) (r<sub>x</sub> cos(u) + r<sub>y</sub> sin(u)) + cos(α) n<sub>axis</sub>]\n</div>\n<h5>RevolvedFace</h5>\n<p>A face defined by rotation of an arbitrary curve about an axis. The Revit API provides the following properties:</p>\n<ul>\n<li>The origin of the face.\n<li>The axis of the face.\n<li>The profile curve.\n<li>The unit vectors for the rotated curve (incorrectly called 'Radius').\n</li></li></li></li></ul>\n<p>The parametric equation for this face is:</p>\n<div align=\"center\">\nP(u,v) = P<sub>0</sub> + C(v) [r<sub>x</sub> cos(u) + r<sub>y</sub> sin(u) + n<sub>axis</sub>]\n</div>\n<h5>RuledFace</h5>\n<p>A ruled surface is created by sweeping a line between two profile curves or between a curve and a point.\nThe Revit API provides the curve(s) and point(s) as properties.</p>\n<p>If both curves are valid, the parametric equation for this surface is:</p>\n<div align=\"center\">\nP(u,v) = C<sub>1</sub>(u) + v (C<sub>2</sub>(u) - C<sub>1</sub>(u) )\n</div>\n<p>If one of the curves is replaced with a point, the equations simplify to one of:</p>\n<div align=\"center\">\nP(u,v) = P<sub>1</sub> + v (C<sub>2</sub>(u) - P<sub>1</sub> )\n<br/>P(u,v) = C<sub>1</sub>(u) + v (P<sub>2</sub> - C<sub>1</sub>(u) )\n</div>\n<p>A ruled face with no curves and two points is degenerate and will not be returned.</p>\n<h5>HermiteFace</h5>\n<p>A cubic Hermite spline face. The Revit API provides:</p>\n<ul>\n<li>Arrays of the u and v parameters for the spline interpolation points.\n<li>An array of the 3D points at each node (the array is organized in increasing u, then increasing v).\n<li>An array of the tangent vectors at each node.\n<li>An array of the twist vectors at each node.\n</li></li></li></li></ul>\n<p>The parametric representation of this surface between nodes (u1, v1) and (u2, v2) is:</p>\n<div align=\"center\">\nP(u,v) = U<sup>T</sup> [M<sub>H</sub>] [B} [M<sub>H</sub>]<sup>T</sup> V\n</div>\n<p>Here, U = [u<sup>3</sup> u<sup>2</sup> u 1]<sup>T</sup>, V = [v<sup>3</sup> v<sup>2</sup> v 1]<sup>T</sup>, and M<sub>H</sub> is the Hermite matrix:</p>\n<div align=\"center\">\n<table>\n<tr><td rowspan=\"4\">[M<sub>H</sub>] =</td><td>\n<table>\n<tr><td style=\"border-color: black; border-width: 1px 0 0 1px; border-style: solid\"> </td><td align=\"right\"> 2</td><td align=\"right\">-2</td><td align=\"right\"> 1</td><td align=\"right\"> 1</td><td style=\"border-color: black; border-width: 1px 1px 0 0; border-style: solid\"> </td></tr>\n<tr><td style=\"border-color: black; border-width:   0 0 0 1px; border-style: solid\"> </td><td align=\"right\">-3</td><td align=\"right\"> 3</td><td align=\"right\">-2</td><td align=\"right\">-1</td><td style=\"border-color: black; border-width:   0 1px 0 0; border-style: solid\"> </td></tr>\n<tr><td style=\"border-color: black; border-width:   0 0 0 1px; border-style: solid\"> </td><td align=\"right\"> 0</td><td align=\"right\"> 0</td><td align=\"right\"> 1</td><td align=\"right\"> 0</td><td style=\"border-color: black; border-width:   0 1px 0 0; border-style: solid\"> </td></tr>\n<tr><td style=\"border-color: black; border-width: 0 0 1px 1px; border-style: solid\"> </td><td align=\"right\"> 1</td><td align=\"right\"> 0</td><td align=\"right\"> 0</td><td align=\"right\"> 0</td><td style=\"border-color: black; border-width: 0 1px 1px 0; border-style: solid\"> </td></tr>\n</table>\n</td></tr>\n</table>\n</div>\n<p>B is the coefficient matrix obtained from the face properties at the interpolation points:</p>\n<div align=\"center\">\n<table>\n<tr><td rowspan=\"4\">[B] =</td><td>\n<table>\n<tr><td style=\"padding: 4px; border-color: black; border-width: 1px 0 0 1px; border-style: solid\"> </td><td align=\"center\">P<sub>u<sub>1</sub>v<sub>1</sub></sub></td><td align=\"center\" style=\"padding: 4px\">P<sub>u<sub>1</sub>v<sub>2</sub></sub></td><td align=\"center\" style=\"padding: 4px\">P'<sub>v(u<sub>1</sub>v<sub>1</sub>)</sub></td><td align=\"center\" style=\"padding: 4px\">P'<sub>v(u<sub>1</sub>v<sub>2</sub>)</sub></td><td style=\"padding: 4px; border-color: black; border-width: 1px 1px 0 0; border-style: solid\"> </td></tr>\n<tr><td style=\"padding: 4px; border-color: black; border-width:   0 0 0 1px; border-style: solid\"> </td><td align=\"center\">P<sub>u<sub>2</sub>v<sub>1</sub></sub></td><td align=\"center\" style=\"padding: 4px\">P<sub>u<sub>2</sub>v<sub>2</sub></sub></td><td align=\"center\" style=\"padding: 4px\">P'<sub>v(u<sub>2</sub>v<sub>1</sub>)</sub></td><td align=\"center\" style=\"padding: 4px\">P'<sub>v(u<sub>2</sub>v<sub>2</sub>)</sub></td><td style=\"padding: 4px; border-color: black; border-width:   0 1px 0 0; border-style: solid\"> </td></tr>\n<tr><td style=\"padding: 4px; border-color: black; border-width:   0 0 0 1px; border-style: solid\"> </td><td align=\"center\">P'<sub>u(u<sub>1</sub>v<sub>1</sub>)</sub></td><td align=\"center\" style=\"padding: 4px\">P'<sub>u(u<sub>1</sub>v<sub>2</sub>)</sub></td><td align=\"center\" style=\"padding: 4px\">P'<sub>uv(u<sub>1</sub>v<sub>1</sub>)</sub></td><td align=\"center\" style=\"padding: 4px\">P'<sub>uv(u<sub>1</sub>v<sub>2</sub>)</sub></td><td style=\"padding: 4px; border-color: black; border-width:   0 1px 0 0; border-style: solid\"> </td></tr>\n<tr><td style=\"padding: 4px; border-color: black; border-width: 0 0 1px 1px; border-style: solid\"> </td><td align=\"center\">P'<sub>u(u<sub>2</sub>v<sub>1</sub>)</sub></td><td align=\"center\" style=\"padding: 4px\">P'<sub>u(u<sub>2</sub>v<sub>2</sub>)</sub></td><td align=\"center\" style=\"padding: 4px\">P'<sub>uv(u<sub>2</sub>v<sub>1</sub>)</sub></td><td align=\"center\" style=\"padding: 4px\">P'<sub>uv(u<sub>2</sub>v<sub>2</sub>)</sub></td><td style=\"padding: 4px; border-color: black; border-width:   0 1px 1px 0; border-style: solid\"> </td></tr>\n</table>\n</td></tr>\n</table>\n</div>\n<h4>Face analysis and processing</h4>\n<p>Several Face member methods provide tools suitable for use in geometric analysis:</p>\n<ul>\n<li>Intersect: computes the intersection between the face and a curve.\n<li>Project: projects a point on the input face, and returns information on the projection point, the distance to the face, and the nearest edge to the projection point.\n<li>Triangulate: returns a triangular mesh approximating the face. Similar to Curve.Tessellate, this mesh's points are accurate within the input tolerance used by Revit (slightly larger than 1/16').\n</li></li></li></ul>\n<p>The Intersect method can be used in to identify:</p>\n<ul>\n<li>The intersection point(s) between the two objects.\n<li>The edge nearest the intersection point, if there is an edge close to this location.\n<li>Curves totally coincident with a face.\n<li>Curves and faces which do not intersect.\n</li></li></li></li></ul>\n<p>The next instalment of this series will look at face edges and their directions and parametrisation.\n</p></p></p>"
  },
  {
    "original_filename": "0286_abg05_faces",
    "header_text": "Face types",
    "local_header_href": "#face-types",
    "chunk_text": "<h4>Face types</h4><p>Revit uses a variety of curve types to represent face geometry in a document, including the following with their corresponding Revit API representation classes:</p><ul>\n<li>Plane – PlanarFace</li>\n<li>Cylinder – CylindricalFace</li>\n<li>Cone – ConicalFace</li>\n<li>Revolved face – RevolvedFace</li>\n<li>Ruled surface – RuledFace</li>\n<li>Hermite face – HermiteFace</li>\n</ul><p>Here is the definition and some notes on each of these:</p><ul>\n<li>Plane: A plane defined by the origin and unit vectors in U and V.\n\n<li>Cylinder: A face defined by extruding a circle along an axis.\nThe Radius property provides the 'radius vectors'  the unit vectors of the circle multiplied by the radius value.\n\n<li>Cone: A face defined by rotation of a line about an axis.\nThe Radius property provides the 'radius vectors'  the unit vectors of the circle multiplied by the radius value.\n\n<li>Revolved face: A face defined by rotation of an arbitrary curve about an axis.\nThe Radius property provides the unit vectors of the plane of rotation, there is no 'radius' involved.\n\n<li>Ruled surface: A face defined by sweeping a line between two profile curves, or one profile curve and one point.\nBoth curve(s) and point(s) can be obtained as properties.\n\n<li>Hermite face: A face defined by Hermite interpolation between points.\n</li></li></li></li></li></li></ul>"
  },
  {
    "original_filename": "0286_abg05_faces",
    "header_text": "Mathematical representation",
    "local_header_href": "#mathematical-representation",
    "chunk_text": "<h4>Mathematical representation</h4><p>Mathematical representations of all of the Revit face types are given in Appendix B of Scott's\n\n<a href=\"http://au.autodesk.com/?nd=material&amp;session_material_id=5337\">handout document</a>,\n\nand we include them here as well for easy online access.\nThis section describes the face types encountered in Revit geometry, their properties, and their mathematical representations.\n\n<h5>PlanarFace</h5>\n<p>A plane defined by origin and unit vectors in U and V. Its parametric equation is</p>\n<div align=\"center\">P(u,v) = P<sub>0</sub> + u n<sub>u</sub> + v n<sub>v</sub></div>\n<h5>CylindricalFace</h5>\n<p>A face defined by extruding a circle along an axis. The Revit API provides the following properties:</p>\n<ul>\n<li>The origin of the face.\n<li>The axis of extrusion.\n<li>The 'radius vectors' in X and Y.\nThese vectors are the circle's unit vectors multiplied by the radius of the circle.\nNote that the unit vectors may represent either a right handed or left handed control frame.\n</li></li></li></ul>\n<p>The parametric equation for this face is:</p>\n<div align=\"center\">\nP(u,v) = P<sub>0</sub> + r<sub>x</sub> cos(u) + r<sub>y</sub> sin(u) + v n<sub>axis</sub>\n</div>\n<h5>ConicalFace</h5>\n<p>A face defined by rotation of a line about an axis. The Revit API provides the following properties:</p>\n<ul>\n<li>The origin of the face.\n<li>The axis of the cone.\n<li>The 'radius vectors' in X and Y.\nThese vectors are the unit vectors multiplied by the radius of the circle formed by the revolution.\nNote that the unit vectors may represent either a right handed or left handed control frame.\n<li>The half angle of the face.\n</li></li></li></li></ul>\n<p>The parametric equation for this face is:</p>\n<div align=\"center\">\nP(u,v) = P<sub>0</sub> + v [sin(α) (r<sub>x</sub> cos(u) + r<sub>y</sub> sin(u)) + cos(α) n<sub>axis</sub>]\n</div>\n<h5>RevolvedFace</h5>\n<p>A face defined by rotation of an arbitrary curve about an axis. The Revit API provides the following properties:</p>\n<ul>\n<li>The origin of the face.\n<li>The axis of the face.\n<li>The profile curve.\n<li>The unit vectors for the rotated curve (incorrectly called 'Radius').\n</li></li></li></li></ul>\n<p>The parametric equation for this face is:</p>\n<div align=\"center\">\nP(u,v) = P<sub>0</sub> + C(v) [r<sub>x</sub> cos(u) + r<sub>y</sub> sin(u) + n<sub>axis</sub>]\n</div>\n<h5>RuledFace</h5>\n<p>A ruled surface is created by sweeping a line between two profile curves or between a curve and a point.\nThe Revit API provides the curve(s) and point(s) as properties.</p>\n<p>If both curves are valid, the parametric equation for this surface is:</p>\n<div align=\"center\">\nP(u,v) = C<sub>1</sub>(u) + v (C<sub>2</sub>(u) - C<sub>1</sub>(u) )\n</div>\n<p>If one of the curves is replaced with a point, the equations simplify to one of:</p>\n<div align=\"center\">\nP(u,v) = P<sub>1</sub> + v (C<sub>2</sub>(u) - P<sub>1</sub> )\n<br/>P(u,v) = C<sub>1</sub>(u) + v (P<sub>2</sub> - C<sub>1</sub>(u) )\n</div>\n<p>A ruled face with no curves and two points is degenerate and will not be returned.</p>\n<h5>HermiteFace</h5>\n<p>A cubic Hermite spline face. The Revit API provides:</p>\n<ul>\n<li>Arrays of the u and v parameters for the spline interpolation points.\n<li>An array of the 3D points at each node (the array is organized in increasing u, then increasing v).\n<li>An array of the tangent vectors at each node.\n<li>An array of the twist vectors at each node.\n</li></li></li></li></ul>\n<p>The parametric representation of this surface between nodes (u1, v1) and (u2, v2) is:</p>\n<div align=\"center\">\nP(u,v) = U<sup>T</sup> [M<sub>H</sub>] [B} [M<sub>H</sub>]<sup>T</sup> V\n</div>\n<p>Here, U = [u<sup>3</sup> u<sup>2</sup> u 1]<sup>T</sup>, V = [v<sup>3</sup> v<sup>2</sup> v 1]<sup>T</sup>, and M<sub>H</sub> is the Hermite matrix:</p>\n<div align=\"center\">\n<table>\n<tr><td rowspan=\"4\">[M<sub>H</sub>] =</td><td>\n<table>\n<tr><td style=\"border-color: black; border-width: 1px 0 0 1px; border-style: solid\"> </td><td align=\"right\"> 2</td><td align=\"right\">-2</td><td align=\"right\"> 1</td><td align=\"right\"> 1</td><td style=\"border-color: black; border-width: 1px 1px 0 0; border-style: solid\"> </td></tr>\n<tr><td style=\"border-color: black; border-width:   0 0 0 1px; border-style: solid\"> </td><td align=\"right\">-3</td><td align=\"right\"> 3</td><td align=\"right\">-2</td><td align=\"right\">-1</td><td style=\"border-color: black; border-width:   0 1px 0 0; border-style: solid\"> </td></tr>\n<tr><td style=\"border-color: black; border-width:   0 0 0 1px; border-style: solid\"> </td><td align=\"right\"> 0</td><td align=\"right\"> 0</td><td align=\"right\"> 1</td><td align=\"right\"> 0</td><td style=\"border-color: black; border-width:   0 1px 0 0; border-style: solid\"> </td></tr>\n<tr><td style=\"border-color: black; border-width: 0 0 1px 1px; border-style: solid\"> </td><td align=\"right\"> 1</td><td align=\"right\"> 0</td><td align=\"right\"> 0</td><td align=\"right\"> 0</td><td style=\"border-color: black; border-width: 0 1px 1px 0; border-style: solid\"> </td></tr>\n</table>\n</td></tr>\n</table>\n</div>\n<p>B is the coefficient matrix obtained from the face properties at the interpolation points:</p>\n<div align=\"center\">\n<table>\n<tr><td rowspan=\"4\">[B] =</td><td>\n<table>\n<tr><td style=\"padding: 4px; border-color: black; border-width: 1px 0 0 1px; border-style: solid\"> </td><td align=\"center\">P<sub>u<sub>1</sub>v<sub>1</sub></sub></td><td align=\"center\" style=\"padding: 4px\">P<sub>u<sub>1</sub>v<sub>2</sub></sub></td><td align=\"center\" style=\"padding: 4px\">P'<sub>v(u<sub>1</sub>v<sub>1</sub>)</sub></td><td align=\"center\" style=\"padding: 4px\">P'<sub>v(u<sub>1</sub>v<sub>2</sub>)</sub></td><td style=\"padding: 4px; border-color: black; border-width: 1px 1px 0 0; border-style: solid\"> </td></tr>\n<tr><td style=\"padding: 4px; border-color: black; border-width:   0 0 0 1px; border-style: solid\"> </td><td align=\"center\">P<sub>u<sub>2</sub>v<sub>1</sub></sub></td><td align=\"center\" style=\"padding: 4px\">P<sub>u<sub>2</sub>v<sub>2</sub></sub></td><td align=\"center\" style=\"padding: 4px\">P'<sub>v(u<sub>2</sub>v<sub>1</sub>)</sub></td><td align=\"center\" style=\"padding: 4px\">P'<sub>v(u<sub>2</sub>v<sub>2</sub>)</sub></td><td style=\"padding: 4px; border-color: black; border-width:   0 1px 0 0; border-style: solid\"> </td></tr>\n<tr><td style=\"padding: 4px; border-color: black; border-width:   0 0 0 1px; border-style: solid\"> </td><td align=\"center\">P'<sub>u(u<sub>1</sub>v<sub>1</sub>)</sub></td><td align=\"center\" style=\"padding: 4px\">P'<sub>u(u<sub>1</sub>v<sub>2</sub>)</sub></td><td align=\"center\" style=\"padding: 4px\">P'<sub>uv(u<sub>1</sub>v<sub>1</sub>)</sub></td><td align=\"center\" style=\"padding: 4px\">P'<sub>uv(u<sub>1</sub>v<sub>2</sub>)</sub></td><td style=\"padding: 4px; border-color: black; border-width:   0 1px 0 0; border-style: solid\"> </td></tr>\n<tr><td style=\"padding: 4px; border-color: black; border-width: 0 0 1px 1px; border-style: solid\"> </td><td align=\"center\">P'<sub>u(u<sub>2</sub>v<sub>1</sub>)</sub></td><td align=\"center\" style=\"padding: 4px\">P'<sub>u(u<sub>2</sub>v<sub>2</sub>)</sub></td><td align=\"center\" style=\"padding: 4px\">P'<sub>uv(u<sub>2</sub>v<sub>1</sub>)</sub></td><td align=\"center\" style=\"padding: 4px\">P'<sub>uv(u<sub>2</sub>v<sub>2</sub>)</sub></td><td style=\"padding: 4px; border-color: black; border-width:   0 1px 1px 0; border-style: solid\"> </td></tr>\n</table>\n</td></tr>\n</table>\n</div>\n<h4>Face analysis and processing</h4>\n<p>Several Face member methods provide tools suitable for use in geometric analysis:</p>\n<ul>\n<li>Intersect: computes the intersection between the face and a curve.\n<li>Project: projects a point on the input face, and returns information on the projection point, the distance to the face, and the nearest edge to the projection point.\n<li>Triangulate: returns a triangular mesh approximating the face. Similar to Curve.Tessellate, this mesh's points are accurate within the input tolerance used by Revit (slightly larger than 1/16').\n</li></li></li></ul>\n<p>The Intersect method can be used in to identify:</p>\n<ul>\n<li>The intersection point(s) between the two objects.\n<li>The edge nearest the intersection point, if there is an edge close to this location.\n<li>Curves totally coincident with a face.\n<li>Curves and faces which do not intersect.\n</li></li></li></li></ul>\n<p>The next instalment of this series will look at face edges and their directions and parametrisation.\n</p></p>"
  },
  {
    "original_filename": "0286_abg05_faces",
    "header_text": "PlanarFace",
    "local_header_href": "#planarface",
    "chunk_text": "<h5>PlanarFace</h5><p>A plane defined by origin and unit vectors in U and V. Its parametric equation is</p><div align=\"center\">P(u,v) = P<sub>0</sub> + u n<sub>u</sub> + v n<sub>v</sub></div>"
  },
  {
    "original_filename": "0286_abg05_faces",
    "header_text": "CylindricalFace",
    "local_header_href": "#cylindricalface",
    "chunk_text": "<h5>CylindricalFace</h5><p>A face defined by extruding a circle along an axis. The Revit API provides the following properties:</p><ul>\n<li>The origin of the face.\n<li>The axis of extrusion.\n<li>The 'radius vectors' in X and Y.\nThese vectors are the circle's unit vectors multiplied by the radius of the circle.\nNote that the unit vectors may represent either a right handed or left handed control frame.\n</li></li></li></ul><p>The parametric equation for this face is:</p><div align=\"center\">\nP(u,v) = P<sub>0</sub> + r<sub>x</sub> cos(u) + r<sub>y</sub> sin(u) + v n<sub>axis</sub>\n</div>"
  },
  {
    "original_filename": "0286_abg05_faces",
    "header_text": "ConicalFace",
    "local_header_href": "#conicalface",
    "chunk_text": "<h5>ConicalFace</h5><p>A face defined by rotation of a line about an axis. The Revit API provides the following properties:</p><ul>\n<li>The origin of the face.\n<li>The axis of the cone.\n<li>The 'radius vectors' in X and Y.\nThese vectors are the unit vectors multiplied by the radius of the circle formed by the revolution.\nNote that the unit vectors may represent either a right handed or left handed control frame.\n<li>The half angle of the face.\n</li></li></li></li></ul><p>The parametric equation for this face is:</p><div align=\"center\">\nP(u,v) = P<sub>0</sub> + v [sin(α) (r<sub>x</sub> cos(u) + r<sub>y</sub> sin(u)) + cos(α) n<sub>axis</sub>]\n</div>"
  },
  {
    "original_filename": "0286_abg05_faces",
    "header_text": "RevolvedFace",
    "local_header_href": "#revolvedface",
    "chunk_text": "<h5>RevolvedFace</h5><p>A face defined by rotation of an arbitrary curve about an axis. The Revit API provides the following properties:</p><ul>\n<li>The origin of the face.\n<li>The axis of the face.\n<li>The profile curve.\n<li>The unit vectors for the rotated curve (incorrectly called 'Radius').\n</li></li></li></li></ul><p>The parametric equation for this face is:</p><div align=\"center\">\nP(u,v) = P<sub>0</sub> + C(v) [r<sub>x</sub> cos(u) + r<sub>y</sub> sin(u) + n<sub>axis</sub>]\n</div>"
  },
  {
    "original_filename": "0286_abg05_faces",
    "header_text": "RuledFace",
    "local_header_href": "#ruledface",
    "chunk_text": "<h5>RuledFace</h5><p>A ruled surface is created by sweeping a line between two profile curves or between a curve and a point.\nThe Revit API provides the curve(s) and point(s) as properties.</p><p>If both curves are valid, the parametric equation for this surface is:</p><div align=\"center\">\nP(u,v) = C<sub>1</sub>(u) + v (C<sub>2</sub>(u) - C<sub>1</sub>(u) )\n</div><p>If one of the curves is replaced with a point, the equations simplify to one of:</p><div align=\"center\">\nP(u,v) = P<sub>1</sub> + v (C<sub>2</sub>(u) - P<sub>1</sub> )\n<br/>P(u,v) = C<sub>1</sub>(u) + v (P<sub>2</sub> - C<sub>1</sub>(u) )\n</div><p>A ruled face with no curves and two points is degenerate and will not be returned.</p>"
  },
  {
    "original_filename": "0286_abg05_faces",
    "header_text": "HermiteFace",
    "local_header_href": "#hermiteface",
    "chunk_text": "<h5>HermiteFace</h5><p>A cubic Hermite spline face. The Revit API provides:</p><ul>\n<li>Arrays of the u and v parameters for the spline interpolation points.\n<li>An array of the 3D points at each node (the array is organized in increasing u, then increasing v).\n<li>An array of the tangent vectors at each node.\n<li>An array of the twist vectors at each node.\n</li></li></li></li></ul><p>The parametric representation of this surface between nodes (u1, v1) and (u2, v2) is:</p><div align=\"center\">\nP(u,v) = U<sup>T</sup> [M<sub>H</sub>] [B} [M<sub>H</sub>]<sup>T</sup> V\n</div><p>Here, U = [u<sup>3</sup> u<sup>2</sup> u 1]<sup>T</sup>, V = [v<sup>3</sup> v<sup>2</sup> v 1]<sup>T</sup>, and M<sub>H</sub> is the Hermite matrix:</p><div align=\"center\">\n<table>\n<tr><td rowspan=\"4\">[M<sub>H</sub>] =</td><td>\n<table>\n<tr><td style=\"border-color: black; border-width: 1px 0 0 1px; border-style: solid\"> </td><td align=\"right\"> 2</td><td align=\"right\">-2</td><td align=\"right\"> 1</td><td align=\"right\"> 1</td><td style=\"border-color: black; border-width: 1px 1px 0 0; border-style: solid\"> </td></tr>\n<tr><td style=\"border-color: black; border-width:   0 0 0 1px; border-style: solid\"> </td><td align=\"right\">-3</td><td align=\"right\"> 3</td><td align=\"right\">-2</td><td align=\"right\">-1</td><td style=\"border-color: black; border-width:   0 1px 0 0; border-style: solid\"> </td></tr>\n<tr><td style=\"border-color: black; border-width:   0 0 0 1px; border-style: solid\"> </td><td align=\"right\"> 0</td><td align=\"right\"> 0</td><td align=\"right\"> 1</td><td align=\"right\"> 0</td><td style=\"border-color: black; border-width:   0 1px 0 0; border-style: solid\"> </td></tr>\n<tr><td style=\"border-color: black; border-width: 0 0 1px 1px; border-style: solid\"> </td><td align=\"right\"> 1</td><td align=\"right\"> 0</td><td align=\"right\"> 0</td><td align=\"right\"> 0</td><td style=\"border-color: black; border-width: 0 1px 1px 0; border-style: solid\"> </td></tr>\n</table>\n</td></tr>\n</table>\n</div><p>B is the coefficient matrix obtained from the face properties at the interpolation points:</p><div align=\"center\">\n<table>\n<tr><td rowspan=\"4\">[B] =</td><td>\n<table>\n<tr><td style=\"padding: 4px; border-color: black; border-width: 1px 0 0 1px; border-style: solid\"> </td><td align=\"center\">P<sub>u<sub>1</sub>v<sub>1</sub></sub></td><td align=\"center\" style=\"padding: 4px\">P<sub>u<sub>1</sub>v<sub>2</sub></sub></td><td align=\"center\" style=\"padding: 4px\">P'<sub>v(u<sub>1</sub>v<sub>1</sub>)</sub></td><td align=\"center\" style=\"padding: 4px\">P'<sub>v(u<sub>1</sub>v<sub>2</sub>)</sub></td><td style=\"padding: 4px; border-color: black; border-width: 1px 1px 0 0; border-style: solid\"> </td></tr>\n<tr><td style=\"padding: 4px; border-color: black; border-width:   0 0 0 1px; border-style: solid\"> </td><td align=\"center\">P<sub>u<sub>2</sub>v<sub>1</sub></sub></td><td align=\"center\" style=\"padding: 4px\">P<sub>u<sub>2</sub>v<sub>2</sub></sub></td><td align=\"center\" style=\"padding: 4px\">P'<sub>v(u<sub>2</sub>v<sub>1</sub>)</sub></td><td align=\"center\" style=\"padding: 4px\">P'<sub>v(u<sub>2</sub>v<sub>2</sub>)</sub></td><td style=\"padding: 4px; border-color: black; border-width:   0 1px 0 0; border-style: solid\"> </td></tr>\n<tr><td style=\"padding: 4px; border-color: black; border-width:   0 0 0 1px; border-style: solid\"> </td><td align=\"center\">P'<sub>u(u<sub>1</sub>v<sub>1</sub>)</sub></td><td align=\"center\" style=\"padding: 4px\">P'<sub>u(u<sub>1</sub>v<sub>2</sub>)</sub></td><td align=\"center\" style=\"padding: 4px\">P'<sub>uv(u<sub>1</sub>v<sub>1</sub>)</sub></td><td align=\"center\" style=\"padding: 4px\">P'<sub>uv(u<sub>1</sub>v<sub>2</sub>)</sub></td><td style=\"padding: 4px; border-color: black; border-width:   0 1px 0 0; border-style: solid\"> </td></tr>\n<tr><td style=\"padding: 4px; border-color: black; border-width: 0 0 1px 1px; border-style: solid\"> </td><td align=\"center\">P'<sub>u(u<sub>2</sub>v<sub>1</sub>)</sub></td><td align=\"center\" style=\"padding: 4px\">P'<sub>u(u<sub>2</sub>v<sub>2</sub>)</sub></td><td align=\"center\" style=\"padding: 4px\">P'<sub>uv(u<sub>2</sub>v<sub>1</sub>)</sub></td><td align=\"center\" style=\"padding: 4px\">P'<sub>uv(u<sub>2</sub>v<sub>2</sub>)</sub></td><td style=\"padding: 4px; border-color: black; border-width:   0 1px 1px 0; border-style: solid\"> </td></tr>\n</table>\n</td></tr>\n</table>\n</div>"
  },
  {
    "original_filename": "0286_abg05_faces",
    "header_text": "Face analysis and processing",
    "local_header_href": "#face-analysis-and-processing",
    "chunk_text": "<h4>Face analysis and processing</h4><p>Several Face member methods provide tools suitable for use in geometric analysis:</p><ul>\n<li>Intersect: computes the intersection between the face and a curve.\n<li>Project: projects a point on the input face, and returns information on the projection point, the distance to the face, and the nearest edge to the projection point.\n<li>Triangulate: returns a triangular mesh approximating the face. Similar to Curve.Tessellate, this mesh's points are accurate within the input tolerance used by Revit (slightly larger than 1/16').\n</li></li></li></ul><p>The Intersect method can be used in to identify:</p><ul>\n<li>The intersection point(s) between the two objects.\n<li>The edge nearest the intersection point, if there is an edge close to this location.\n<li>Curves totally coincident with a face.\n<li>Curves and faces which do not intersect.\n</li></li></li></li></ul><p>The next instalment of this series will look at face edges and their directions and parametrisation.\n</p>"
  }
]