[
  {
    "original_filename": "0296_abg10_material_quantity",
    "header_text": "Introduction",
    "local_header_href": "#introduction",
    "chunk_text": "<head>\n<link href=\"bc.css\" rel=\"stylesheet\" type=\"text/css\"/>\n</head>"
  },
  {
    "original_filename": "0296_abg10_material_quantity",
    "header_text": "Material Quantity Extraction",
    "local_header_href": "#material-quantity-extraction",
    "chunk_text": "<h3>Material Quantity Extraction</h3><p>This is the tenth and last part of Scott Conover's Autodesk University 2009 class on\n\n<a href=\"http://thebuildingcoder.typepad.com/blog/2010/01/analyse-building-geometry.html\">\nanalysing building geometry</a>.\n\n<p>One common analytical requirement is to extract material quantities of elements in the document.\nRevit 2010 introduced methods to directly obtain the material volumes and areas computed by Revit for material takeoff schedules:</p>\n<ul>\n<li>Element.Materials – obtains a list of materials within an element.\n<li>Element.GetMaterialVolume – obtains the volume of a particular material in an element.\n<li>Element.GetMaterialArea – obtains the area of a particular material in an element.\n</li></li></li></ul>\n<p>The methods apply to categories of elements where Category.HasMaterialQuantities property is true.\nIn practice, this is limited to elements that use compound structure, like walls, roofs, floors, ceilings, a few other basic 3D elements like stairs, plus 3D families where materials can be assigned to geometry of the family, like windows, doors, columns, MEP equipment and fixtures, and generic model families.\nNote that within these categories there are further restrictions about how material quantities can be extracted.\nFor example, curtain walls and curtain roofs will not report any material quantities themselves; the materials used by these constructs can be extracted from the individual panel elements that make up the curtain system.\nAs a side note from Jeremy, I just wonder whether these methods for querying the material volumes might possibly also be useful for the\n\n<a href=\"http://thebuildingcoder.typepad.com/blog/2009/11/select-model-elements-2.html\">\ndetermination of all model elements</a>.\n\n<p>Note that the volumes and areas computed by Revit may be approximate in some cases.\nFor example, for individual layers within a wall, minor discrepancies might appear between the volumes visible in the model and those shown in the material takeoff schedule.\nThese discrepancies tend to occur when you use the wall sweep tool to add a sweep or a reveal to a wall, or under certain join conditions.</p>\n<h4>Temporary Element Suppression</h4>\n<p>These methods allow you to extract the material quantities for an as-modelled Revit project.\nBut what if you need to extract gross material quantities of layered elements like walls, floors, and roofs, where the quantities are extracted before they are cut or modified by other elements?</p>\n<p>What is needed to extract gross material quantities is a way to remove elements that cut other elements.\nIn fact, this capability exists in the Revit API, but it may not be obvious: it is the temporary use of the Delete method. When you delete elements that cut other elements, the cut element's geometry is restored to its original state.\nAs another side note from Jeremy, we have already discussed some other interesting and surprising uses of temporary element deletion to determine the\n\n<a href=\"http://thebuildingcoder.typepad.com/blog/2009/04/tag-association.html\">\nassociation between a tag and the tagged element</a>, the\n\n<a href=\"http://thebuildingcoder.typepad.com/blog/2009/06/host-reference.html\">\nrelationship between a wall and its wall footing</a>, or any\n\n<a href=\"http://thebuildingcoder.typepad.com/blog/2009/06/host-reference.html\">\nhost and its hosted elements</a>, and the\n\n<a href=\"http://thebuildingcoder.typepad.com/blog/2009/11/title-block-of-sheet.html\">\ntitle block of a sheet</a>.\n\n<p>Note that use of the Hide method instead of Delete is not sufficient for this; Hide will remove display of the cutting elements, but the holes left behind are still present.\nHere is a wall before the hide of cutting elements:</p>\n<center>\n<img alt=\"Wall before hide of cutting elements\" src=\"img/abg10_wall_before_hide.png\"/>\n</center>\n\nHere is the same wall after hiding its hosted cutting elements, with the holes still remaining:</p>\n<center>\n<img alt=\"Wall after hide of cutting elements\" src=\"img/abg10_wall_after_hide.png\"/>\n</center>\n<p>Instead of hide, you will want to make a temporary deletion: this can be done by creating a transaction, executing the deletion, extracting the needed quantities, and then aborting the transaction.\nHere is the same wall after the cutting elements have been deleted:</p>\n<center>\n<img alt=\"Wall after deletion of cutting elements\" src=\"img/abg10_wall_after_delete.png\"/>\n</center>\n<h4>Example: Extraction of Gross and Net Material Quantities</h4>\n<p>In this example, we combine both the material quantity extraction tools and temporary suppression of cutting elements (opening, windows, and doors), to extract both gross and net material quantities.</p>\n<center>\n<img alt=\"Gross and net material quantities\" src=\"img/abg10_material_quantities.png\"/>\n</center>\n<p>Please refer to Scott's\n\n<a href=\"http://au.autodesk.com/?nd=class&amp;session_id=5256\">\nAU class material</a> for\n\nthe full source code of this sample project.\n\n<!-- todo: extract some of the source code, there is interesting stuff in there. -->\n<p>The code implementing the material quantity extraction is in the module ElementMaterialQuantities.cs and is very nicely structured.\nIt includes some interesting snippets that are well worth highlighting here.\nScott defines a storage class MaterialQuantities for the extracted material quantities and an interface and base class MaterialQuantityCalculator implementing a material quantity calculator for all element types.\nIts main calculation method is self-explanatory:\n\n<pre class=\"code\">\n<span class=\"blue\">public</span> <span class=\"blue\">void</span> CalculateMaterialQuantities()\n{    \n  CollectElements();\n  CalculateNetMaterialQuantities();\n  CalculateGrossMaterialQuantities();\n}\n</pre>\n<p>Some of its other methods include:\n\n<ul>\n<li>CalculateMaterialQuantitiesOfElement to calculate and store material quantities for a given element.\n<li>DeleteAllCuttingElements to delete all elements that cut out of target elements, to allow for calculation of gross material quantities.\n<li>CalculateNetMaterialQuantities to calculate net material quantities for the target elements.\n<li>CalculateGrossMaterialQuantities to calculate gross material quantities for the target elements, i.e. material quantities with all openings, doors and windows removed.\n</li></li></li></li></ul>\n<p>The difference between the two latter is worth highlighting:\n\n<pre class=\"code\">\n<span class=\"blue\">private</span> <span class=\"blue\">void</span> CalculateNetMaterialQuantities()\n{\n  <span class=\"blue\">foreach</span> (Autodesk.Revit.<span class=\"teal\">Element</span> e <span class=\"blue\">in</span> m_elementsToProcess)\n  {\n    CalculateMaterialQuantitiesOfElement(e);\n  }\n}\n \n<span class=\"blue\">private</span> <span class=\"blue\">void</span> CalculateGrossMaterialQuantities()\n{\n  m_calculatingGrossQuantities = <span class=\"blue\">true</span>;\n \n  m_doc.BeginTransaction();\n \n  DeleteAllCuttingElements();\n \n  <span class=\"blue\">foreach</span> (Autodesk.Revit.<span class=\"teal\">Element</span> e <span class=\"blue\">in</span> m_elementsToProcess)\n  {\n    CalculateMaterialQuantitiesOfElement(e);\n  }\n \n  m_doc.AbortTransaction();\n}\n</pre>\n<p>Different specialised classes for specific element types such as walls, floors and roofs are derived from the base class and simply differ in their manner of selecting the target elements, which is obviously done using Revit API element filtering.\n\n<p>The command mainline then defines a template method to execute a calculator for one type of Revit element:\n\n<pre class=\"code\">\n<span class=\"blue\">private</span> <span class=\"blue\">void</span> ExecuteCalculationsWith&lt;T&gt;()\n  <span class=\"blue\">where</span> T : <span class=\"teal\">MaterialQuantityCalculator</span>, <span class=\"blue\">new</span>()\n{\n  T calculator = <span class=\"blue\">new</span> T ();\n  calculator.SetDocument(m_doc);\n  calculator.CalculateMaterialQuantities();\n  calculator.ReportResults(m_writer);\n}\n</pre>\n<p>Using the template method and the individual element handlers, the command mainline is as simple as this:\n\n<pre class=\"code\">\n<span class=\"blue\">public</span> <span class=\"teal\">IExternalCommand</span>.<span class=\"teal\">Result</span> Execute(\n  Autodesk.Revit.<span class=\"teal\">ExternalCommandData</span> revit,\n  <span class=\"blue\">ref</span> <span class=\"blue\">string</span> message,\n  Autodesk.Revit.<span class=\"teal\">ElementSet</span> elements)\n{\n  m_app = revit.Application;\n  m_doc = m_app.ActiveDocument;\n \n  <span class=\"blue\">string</span> filename = <span class=\"maroon\">\"C:/CalculateMaterialQuantities.csv\"</span>;\n \n  m_writer = <span class=\"blue\">new</span> <span class=\"teal\">StreamWriter</span>( filename );\n \n  ExecuteCalculationsWith&lt;\n    <span class=\"teal\">RoofMaterialQuantityCalculator</span>&gt;();\n \n  ExecuteCalculationsWith&lt;\n    <span class=\"teal\">WallMaterialQuantityCalculator</span>&gt;();\n \n  ExecuteCalculationsWith&lt;\n    <span class=\"teal\">FloorMaterialQuantityCalculator</span>&gt;();\n \n  m_writer.Close();\n \n  <span class=\"teal\">Process</span>.Start( <span class=\"maroon\">\"Excel\"</span>, filename );\n \n  <span class=\"green\">// This operation doesn't change the model, </span>\n  <span class=\"green\">// so return cancelled to cancel the transaction</span>\n \n  <span class=\"blue\">return</span> <span class=\"teal\">IExternalCommand</span>.<span class=\"teal\">Result</span>.Cancelled;\n}\n</pre>\n<p>This concludes this series based on Scott's AU presentation.\nVery many thanks to Scott for all the novel and important information and the many powerful examples he provided!\n\n\n<a name=\"2\"></a><h4>Addendum</h4>\n<p>On request, I now uploaded Scott's ORIGINAL AU 2009 class handout,\n\n<!-- http://thebuildingcoder.typepad.com/au/2009/AU09_CP222-3_Analyze_Geometry_Revit_API.pdf -->\n<a href=\"file:////a/doc/au/2009/doc2/AU09_CP222-3_Analyze_Geometry_Revit_API.pdf\">\nAU09_CP222-3_Analyze_Geometry_Revit_API.pdf</a>.</p>\n<p>Please also take a look at the article on\n\n<a href=\"http://thebuildingcoder.typepad.com/blog/2013/04/curve-following-face-and-bounding-box-implementation.html\">\nAsCurveFollowingFace and SortCurvesContiguous</a>;\n\nit presents an updated version of Scott Conover's Geometry API handout document from the Autodesk University 2011 class,\n\n<a href=\"zip/cp4011_conover.pdf\">cp4011_conover.pdf</a>.</p>\n<a name=\"3\"></a><h4>Addendum 2</h4>\n<p>Please also note that the example discussed above is also included in the Revit SDK <b><u>MaterialQuantities</u></b> sample.</p>\n</p></p></p></p></p></p></p></p></p></p>"
  },
  {
    "original_filename": "0296_abg10_material_quantity",
    "header_text": "Temporary Element Suppression",
    "local_header_href": "#temporary-element-suppression",
    "chunk_text": "<h4>Temporary Element Suppression</h4><p>These methods allow you to extract the material quantities for an as-modelled Revit project.\nBut what if you need to extract gross material quantities of layered elements like walls, floors, and roofs, where the quantities are extracted before they are cut or modified by other elements?</p><p>What is needed to extract gross material quantities is a way to remove elements that cut other elements.\nIn fact, this capability exists in the Revit API, but it may not be obvious: it is the temporary use of the Delete method. When you delete elements that cut other elements, the cut element's geometry is restored to its original state.\nAs another side note from Jeremy, we have already discussed some other interesting and surprising uses of temporary element deletion to determine the\n\n<a href=\"http://thebuildingcoder.typepad.com/blog/2009/04/tag-association.html\">\nassociation between a tag and the tagged element</a>, the\n\n<a href=\"http://thebuildingcoder.typepad.com/blog/2009/06/host-reference.html\">\nrelationship between a wall and its wall footing</a>, or any\n\n<a href=\"http://thebuildingcoder.typepad.com/blog/2009/06/host-reference.html\">\nhost and its hosted elements</a>, and the\n\n<a href=\"http://thebuildingcoder.typepad.com/blog/2009/11/title-block-of-sheet.html\">\ntitle block of a sheet</a>.\n\n<p>Note that use of the Hide method instead of Delete is not sufficient for this; Hide will remove display of the cutting elements, but the holes left behind are still present.\nHere is a wall before the hide of cutting elements:</p>\n<center>\n<img alt=\"Wall before hide of cutting elements\" src=\"img/abg10_wall_before_hide.png\"/>\n</center>\n\nHere is the same wall after hiding its hosted cutting elements, with the holes still remaining:</p><center>\n<img alt=\"Wall after hide of cutting elements\" src=\"img/abg10_wall_after_hide.png\"/>\n</center><p>Instead of hide, you will want to make a temporary deletion: this can be done by creating a transaction, executing the deletion, extracting the needed quantities, and then aborting the transaction.\nHere is the same wall after the cutting elements have been deleted:</p><center>\n<img alt=\"Wall after deletion of cutting elements\" src=\"img/abg10_wall_after_delete.png\"/>\n</center>"
  },
  {
    "original_filename": "0296_abg10_material_quantity",
    "header_text": "Example: Extraction of Gross and Net Material Quantities",
    "local_header_href": "#example-extraction-of-gross-and-net-material-quantities",
    "chunk_text": "<h4>Example: Extraction of Gross and Net Material Quantities</h4><p>In this example, we combine both the material quantity extraction tools and temporary suppression of cutting elements (opening, windows, and doors), to extract both gross and net material quantities.</p><center>\n<img alt=\"Gross and net material quantities\" src=\"img/abg10_material_quantities.png\"/>\n</center><p>Please refer to Scott's\n\n<a href=\"http://au.autodesk.com/?nd=class&amp;session_id=5256\">\nAU class material</a> for\n\nthe full source code of this sample project.\n\n<!-- todo: extract some of the source code, there is interesting stuff in there. -->\n<p>The code implementing the material quantity extraction is in the module ElementMaterialQuantities.cs and is very nicely structured.\nIt includes some interesting snippets that are well worth highlighting here.\nScott defines a storage class MaterialQuantities for the extracted material quantities and an interface and base class MaterialQuantityCalculator implementing a material quantity calculator for all element types.\nIts main calculation method is self-explanatory:\n\n<pre class=\"code\">\n<span class=\"blue\">public</span> <span class=\"blue\">void</span> CalculateMaterialQuantities()\n{    \n  CollectElements();\n  CalculateNetMaterialQuantities();\n  CalculateGrossMaterialQuantities();\n}\n</pre>\n<p>Some of its other methods include:\n\n<ul>\n<li>CalculateMaterialQuantitiesOfElement to calculate and store material quantities for a given element.\n<li>DeleteAllCuttingElements to delete all elements that cut out of target elements, to allow for calculation of gross material quantities.\n<li>CalculateNetMaterialQuantities to calculate net material quantities for the target elements.\n<li>CalculateGrossMaterialQuantities to calculate gross material quantities for the target elements, i.e. material quantities with all openings, doors and windows removed.\n</li></li></li></li></ul>\n<p>The difference between the two latter is worth highlighting:\n\n<pre class=\"code\">\n<span class=\"blue\">private</span> <span class=\"blue\">void</span> CalculateNetMaterialQuantities()\n{\n  <span class=\"blue\">foreach</span> (Autodesk.Revit.<span class=\"teal\">Element</span> e <span class=\"blue\">in</span> m_elementsToProcess)\n  {\n    CalculateMaterialQuantitiesOfElement(e);\n  }\n}\n \n<span class=\"blue\">private</span> <span class=\"blue\">void</span> CalculateGrossMaterialQuantities()\n{\n  m_calculatingGrossQuantities = <span class=\"blue\">true</span>;\n \n  m_doc.BeginTransaction();\n \n  DeleteAllCuttingElements();\n \n  <span class=\"blue\">foreach</span> (Autodesk.Revit.<span class=\"teal\">Element</span> e <span class=\"blue\">in</span> m_elementsToProcess)\n  {\n    CalculateMaterialQuantitiesOfElement(e);\n  }\n \n  m_doc.AbortTransaction();\n}\n</pre>\n<p>Different specialised classes for specific element types such as walls, floors and roofs are derived from the base class and simply differ in their manner of selecting the target elements, which is obviously done using Revit API element filtering.\n\n<p>The command mainline then defines a template method to execute a calculator for one type of Revit element:\n\n<pre class=\"code\">\n<span class=\"blue\">private</span> <span class=\"blue\">void</span> ExecuteCalculationsWith&lt;T&gt;()\n  <span class=\"blue\">where</span> T : <span class=\"teal\">MaterialQuantityCalculator</span>, <span class=\"blue\">new</span>()\n{\n  T calculator = <span class=\"blue\">new</span> T ();\n  calculator.SetDocument(m_doc);\n  calculator.CalculateMaterialQuantities();\n  calculator.ReportResults(m_writer);\n}\n</pre>\n<p>Using the template method and the individual element handlers, the command mainline is as simple as this:\n\n<pre class=\"code\">\n<span class=\"blue\">public</span> <span class=\"teal\">IExternalCommand</span>.<span class=\"teal\">Result</span> Execute(\n  Autodesk.Revit.<span class=\"teal\">ExternalCommandData</span> revit,\n  <span class=\"blue\">ref</span> <span class=\"blue\">string</span> message,\n  Autodesk.Revit.<span class=\"teal\">ElementSet</span> elements)\n{\n  m_app = revit.Application;\n  m_doc = m_app.ActiveDocument;\n \n  <span class=\"blue\">string</span> filename = <span class=\"maroon\">\"C:/CalculateMaterialQuantities.csv\"</span>;\n \n  m_writer = <span class=\"blue\">new</span> <span class=\"teal\">StreamWriter</span>( filename );\n \n  ExecuteCalculationsWith&lt;\n    <span class=\"teal\">RoofMaterialQuantityCalculator</span>&gt;();\n \n  ExecuteCalculationsWith&lt;\n    <span class=\"teal\">WallMaterialQuantityCalculator</span>&gt;();\n \n  ExecuteCalculationsWith&lt;\n    <span class=\"teal\">FloorMaterialQuantityCalculator</span>&gt;();\n \n  m_writer.Close();\n \n  <span class=\"teal\">Process</span>.Start( <span class=\"maroon\">\"Excel\"</span>, filename );\n \n  <span class=\"green\">// This operation doesn't change the model, </span>\n  <span class=\"green\">// so return cancelled to cancel the transaction</span>\n \n  <span class=\"blue\">return</span> <span class=\"teal\">IExternalCommand</span>.<span class=\"teal\">Result</span>.Cancelled;\n}\n</pre>\n<p>This concludes this series based on Scott's AU presentation.\nVery many thanks to Scott for all the novel and important information and the many powerful examples he provided!\n\n\n<a name=\"2\"></a><h4>Addendum</h4>\n<p>On request, I now uploaded Scott's ORIGINAL AU 2009 class handout,\n\n<!-- http://thebuildingcoder.typepad.com/au/2009/AU09_CP222-3_Analyze_Geometry_Revit_API.pdf -->\n<a href=\"file:////a/doc/au/2009/doc2/AU09_CP222-3_Analyze_Geometry_Revit_API.pdf\">\nAU09_CP222-3_Analyze_Geometry_Revit_API.pdf</a>.</p>\n<p>Please also take a look at the article on\n\n<a href=\"http://thebuildingcoder.typepad.com/blog/2013/04/curve-following-face-and-bounding-box-implementation.html\">\nAsCurveFollowingFace and SortCurvesContiguous</a>;\n\nit presents an updated version of Scott Conover's Geometry API handout document from the Autodesk University 2011 class,\n\n<a href=\"zip/cp4011_conover.pdf\">cp4011_conover.pdf</a>.</p>\n<a name=\"3\"></a><h4>Addendum 2</h4>\n<p>Please also note that the example discussed above is also included in the Revit SDK <b><u>MaterialQuantities</u></b> sample.</p>\n</p></p></p></p></p></p></p></p>"
  },
  {
    "original_filename": "0296_abg10_material_quantity",
    "header_text": "Addendum",
    "local_header_href": "#addendum",
    "chunk_text": "<h4>Addendum</h4><p>On request, I now uploaded Scott's ORIGINAL AU 2009 class handout,\n\n<!-- http://thebuildingcoder.typepad.com/au/2009/AU09_CP222-3_Analyze_Geometry_Revit_API.pdf -->\n<a href=\"file:////a/doc/au/2009/doc2/AU09_CP222-3_Analyze_Geometry_Revit_API.pdf\">\nAU09_CP222-3_Analyze_Geometry_Revit_API.pdf</a>.</p><p>Please also take a look at the article on\n\n<a href=\"http://thebuildingcoder.typepad.com/blog/2013/04/curve-following-face-and-bounding-box-implementation.html\">\nAsCurveFollowingFace and SortCurvesContiguous</a>;\n\nit presents an updated version of Scott Conover's Geometry API handout document from the Autodesk University 2011 class,\n\n<a href=\"zip/cp4011_conover.pdf\">cp4011_conover.pdf</a>.</p><a name=\"3\"></a>"
  },
  {
    "original_filename": "0296_abg10_material_quantity",
    "header_text": "Addendum 2",
    "local_header_href": "#addendum-2",
    "chunk_text": "<h4>Addendum 2</h4><p>Please also note that the example discussed above is also included in the Revit SDK <b><u>MaterialQuantities</u></b> sample.</p>"
  }
]