[
  {
    "original_filename": "0308_api_resources",
    "header_text": "Introduction",
    "local_header_href": "#introduction",
    "chunk_text": "<head>\n<link href=\"bc.css\" rel=\"stylesheet\" type=\"text/css\"/>\n</head>"
  },
  {
    "original_filename": "0308_api_resources",
    "header_text": "Revit API Resources",
    "local_header_href": "#revit-api-resources",
    "chunk_text": "<h3>Revit API Resources</h3><p>Nearing the end of my vacation in Andalusia, and doing too much stuff on the computer ... I'll have to take some time off soon to recuperate  :-)\n\n<p>Here is just a quick note to point to this great overview of \n\n<a href=\"http://rtklapps.blogspot.com/2010/02/revit-api-resources.html\">\nRevit API Resources</a> by \n\nSteven Register. Thank you for this, Steve!\n</p></p>"
  }
]