[
  {
    "original_filename": "0311_ensure_material",
    "header_text": "Introduction",
    "local_header_href": "#introduction",
    "chunk_text": "<head>\n<link href=\"bc.css\" rel=\"stylesheet\" type=\"text/css\"/>\n</head>"
  },
  {
    "original_filename": "0311_ensure_material",
    "header_text": "Ensure Valid Material is Set",
    "local_header_href": "#ensure-valid-material-is-set",
    "chunk_text": "<h3>Ensure Valid Material is Set</h3><p>In some of the very early posts, we explored how to access the materials assigned to an individual\n\n<a href=\"http://thebuildingcoder.typepad.com/blog/2008/10/element-materials.html\">element</a>, a\n\n<a href=\"http://thebuildingcoder.typepad.com/blog/2008/10/family-instance-materials.html\">family instance</a>, or a\n\n<a href=\"http://thebuildingcoder.typepad.com/blog/2010/02/wall-solid-versus-face-materials.html\">wall</a>.\n\nHowever, we never presented anything to handle materials set at the category level.\nHere is recent case handled by my colleague Saikat Bhattacharya on how to ensure that the material of a beam or column is set to a valid value, either at the element or category level:\n\n<p><strong>Question:</strong> I am trying to extract the material associated with a framing or column family instance using the following code:\n\n<pre class=\"code\">\n<span class=\"green\">''' </span><span class=\"gray\">&lt;summary&gt;</span>\n<span class=\"green\">''' Return the element id of the material for a given RST element.</span>\n<span class=\"green\">''' </span><span class=\"gray\">&lt;/summary&gt;</span>\n<span class=\"blue\">Shared</span> <span class=\"blue\">Function</span> MaterialId( _\n  <span class=\"blue\">ByRef</span> familyComponent <span class=\"blue\">As</span> FamilyInstance, _\n  <span class=\"blue\">ByRef</span> revit <span class=\"blue\">As</span> Application) <span class=\"blue\">As</span> <span class=\"blue\">String</span>\n \n  <span class=\"blue\">Dim</span> doc <span class=\"blue\">As</span> Document = revit.ActiveDocument\n \n  <span class=\"blue\">Dim</span> oParameter <span class=\"blue\">As</span> Parameter\n  <span class=\"blue\">Dim</span> o <span class=\"blue\">As</span> <span class=\"blue\">Object</span>\n  <span class=\"blue\">Dim</span> uid <span class=\"blue\">As</span> <span class=\"blue\">String</span> = <span class=\"maroon\">\"\"</span>\n \n  <span class=\"blue\">For</span> <span class=\"blue\">Each</span> o <span class=\"blue\">In</span> familyComponent.Parameters\n    <span class=\"blue\">If</span> <span class=\"blue\">Not</span> <span class=\"blue\">TypeOf</span> o <span class=\"blue\">Is</span> Parameter <span class=\"blue\">Then</span>\n      <span class=\"blue\">Continue</span> <span class=\"blue\">For</span>\n    <span class=\"blue\">End</span> <span class=\"blue\">If</span>\n    oParameter = <span class=\"blue\">DirectCast</span>(o, Parameter)\n \n    <span class=\"blue\">Dim</span> parameterName <span class=\"blue\">As</span> <span class=\"blue\">String</span> _\n      = oParameter.Definition.Name\n \n    <span class=\"blue\">If</span> (parameterName = <span class=\"maroon\">\"Column Material\"</span> <span class=\"blue\">Or</span> _\n      parameterName = <span class=\"maroon\">\"Beam Material\"</span>) <span class=\"blue\">And</span> _\n      oParameter.StorageType = StorageType.ElementId <span class=\"blue\">Then</span>\n \n      <span class=\"blue\">Dim</span> e <span class=\"blue\">As</span> Element _\n        = doc.Element(oParameter.AsElementId())\n \n      <span class=\"blue\">If</span> <span class=\"blue\">TypeOf</span> e <span class=\"blue\">Is</span> Material <span class=\"blue\">Then</span>\n        uid = e.UniqueId\n        <span class=\"blue\">Exit</span> <span class=\"blue\">For</span>\n      <span class=\"blue\">End</span> <span class=\"blue\">If</span>\n    <span class=\"blue\">End</span> <span class=\"blue\">If</span>\n  <span class=\"blue\">Next</span> o\n \n  Debug.Assert(<span class=\"blue\">Not</span> <span class=\"blue\">String</span>.IsNullOrEmpty(uid))\n \n  <span class=\"blue\">Return</span> uid\n<span class=\"blue\">End</span> <span class=\"blue\">Function</span>\n</pre>\n\nThis code works fine with the Revit Structure 2009 API but not with Revit Structure 2010.\nI don't see any explanation for this change in the 'API changes and Additions' document.\nI also notice that if I run the snoop tool on a family instance and select the 'Beam Material' parameter in the ParameterSet, I see a null value in some cases in 2010 whereas there is a valid value in 2009.\nThe code I used is similar to the Materials SDK sample.\n\n<p><strong>Answer:</strong> I did a quick check by creating a set of columns and framing instances in RST 2010.\nUsing the\n\n<a href=\"http://thebuildingcoder.typepad.com/blog/2009/02/rvtmgddbg.html\">RvtMgdDbg</a>\n\n(<a href=\"http://thebuildingcoder.typepad.com/blog/2009/10/rvtmgddbg-for-revit-2010.html\">for 2010</a>)\n\nsnoop tool, I was able to see the material assigned to the family instances.\nIt does seem to work in 2010 in most circumstances.\nHowever in some models, a null material value is returned.\nThis has to do with the beam or column material being set to 'By Category' in the element properties dialogue.\nSo we can refine your question to the following:\n\n<ul>\n<li>How do I obtain a family instance element material through the API if its material is set to 'By Category'?\n<li>How can I set the material for the entire category through the API?\n</li></li></ul>\n<p>Looking at a specific model in more detail, I see that you can check whether the ByCategory material information is null though the user interface by looking at Manage &gt; Project Settings &gt; Settings &gt; Object styles.\nIn this dialogue, you can see that the material information for structural columns and beams can be null.\nIn this case, we will see a null value using RvtMgdDbg even though at the instance level it is set to ByCategory.\n\n<p>I implemented the following code to help answer both your questions.\nIt returns the family instance element material, either for the given instance or the entire category.\nIf no element material is specified and the ByCategory material information is null, it creates a new material named GoodConditionMat on the fly and assigns it at the category level:\n\n<pre class=\"code\">\n<span class=\"blue\">public</span> <span class=\"teal\">Material</span> GetMaterial(\n  <span class=\"teal\">Document</span> doc,\n  <span class=\"teal\">FamilyInstance</span> fi )\n{\n  <span class=\"teal\">Material</span> material = <span class=\"blue\">null</span>;\n \n  <span class=\"blue\">foreach</span>( <span class=\"teal\">Parameter</span> p <span class=\"blue\">in</span> fi.Parameters )\n  {\n    <span class=\"teal\">Definition</span> def = p.Definition;\n \n    <span class=\"green\">// the material is stored as element id:</span>\n \n    <span class=\"blue\">if</span>( p.StorageType == <span class=\"teal\">StorageType</span>.ElementId\n      &amp;&amp; def.ParameterGroup == <span class=\"teal\">BuiltInParameterGroup</span>.PG_MATERIALS\n      &amp;&amp; def.ParameterType == <span class=\"teal\">ParameterType</span>.Material )\n    {\n      <span class=\"teal\">ElementId</span> materialId = p.AsElementId();\n \n      <span class=\"blue\">if</span>( -1 == materialId.Value )\n      {\n        <span class=\"green\">// invalid element id, so we assume </span>\n        <span class=\"green\">// the material is \"By Category\":</span>\n \n        <span class=\"blue\">if</span>( <span class=\"blue\">null</span> != fi.Category )\n        {\n          material = fi.Category.Material;\n \n          <span class=\"blue\">if</span>( <span class=\"blue\">null</span> == material )\n          {\n            <span class=\"teal\">MaterialOther</span> mat\n              = doc.Settings.Materials.AddOther(\n                <span class=\"maroon\">\"GoodConditionMat\"</span> );\n \n            mat.Color = <span class=\"blue\">new</span> <span class=\"teal\">Color</span>( 255, 0, 0 );\n \n            fi.Category.Material = mat;\n \n            material = fi.Category.Material;\n          }\n        }\n      }\n      <span class=\"blue\">else</span>\n      {\n        material = doc.Settings.Materials.get_Item(\n          materialId );\n      }\n      <span class=\"blue\">break</span>;\n    }\n  }\n  <span class=\"blue\">return</span> material;\n}\n</pre>\n<p>Once this code is executed, you can see that the new material is now assigned at category level too:</p>\n<center>\n<img alt=\"Category material\" src=\"img/category_material.png\"/>\n</center>\n<p>Many thanks to Saikat for this solution!\n</p></p></p></p></p></p>"
  }
]