[
  {
    "original_filename": "0318_extrusion_in_family",
    "header_text": "Introduction",
    "local_header_href": "#introduction",
    "chunk_text": "<head>\n<link href=\"bc.css\" rel=\"stylesheet\" type=\"text/css\"/>\n</head>"
  },
  {
    "original_filename": "0318_extrusion_in_family",
    "header_text": "Access Extrusions in a Family",
    "local_header_href": "#access-extrusions-in-a-family",
    "chunk_text": "<h3>Access Extrusions in a Family</h3><p>I am very busy right now preparing for the next Revit API training class which will be held in Warsaw, Poland, just after Easter. \nFor a full list of upcoming Revit API classes, please refer to the ADN \n\n<a href=\"http://www.adskconsulting.com/adn/cs/api_course_sched.php\">\nAPI training schedule</a>.\n\n<p>Meanwhile, here is a short and sweet little issue which clarifies the relationship between project elements such as family instances and the geometric primitives contained within them, which are family elements:\n\n<p><strong>Question:</strong> I am using families of category Curtain Panel that have extrusions in them.\nI can access all the panels from the Revit model.\nOnce I have the panel, how can I retrieve all the extrusions in the family and access the extrusion parameters?\n\n<p><strong>Answer:</strong> The panel instances that you insert into your model live in the project document. \nThe extrusion elements that are used to define their geometry live in the family document, i.e. in a completely different space. \nTo access the extrusion elements, you have to open the family document and read the elements from there.\n\nHere are some previous topics which should help understand the situation better:\n\n<ul>\n<li><a href=\"http://thebuildingcoder.typepad.com/blog/2009/08/the-revit-family-api.html\">\nThe Revit Family API</a>.</li>\n<li><a href=\"http://thebuildingcoder.typepad.com/blog/2009/08/the-revit-family-api.html\">\nThe Revit Family Creation API Labs</a>.</li>\n<li><a href=\"http://thebuildingcoder.typepad.com/blog/2009/09/remove-all-geometry-from-a-family.html\">\nRemoving all geometry from a family</a>.</li>\n<li><a href=\"http://thebuildingcoder.typepad.com/blog/2009/11/nested-family.html\">\nCreating a nested family</a>.</li>\n</ul>\n<p>One issue that you need to tackle in this context is how to open the family file. \nIf it is already opened by Revit, it will be listed in the application Documents collection. \nOtherwise, you need to determine the family document path name, as explained in \n\n<a href=\"http://thebuildingcoder.typepad.com/blog/2009/04/access-to-linked-file-geometry.html\">\naccessing linked file geometry</a>.\n\nFinally, you should be able to adapt the example that \n\n<a href=\"http://thebuildingcoder.typepad.com/blog/2009/05/imports-in-families.html\">\nopens all family documents and searches them for certain elements</a> to\n\nsearch for the extrusions instead.\n</p></p></p></p></p>"
  }
]