[
  {
    "original_filename": "0321_mep_hanger",
    "header_text": "Introduction",
    "local_header_href": "#introduction",
    "chunk_text": "<head>\n<link href=\"bc.css\" rel=\"stylesheet\" type=\"text/css\"/>\n</head>"
  },
  {
    "original_filename": "0321_mep_hanger",
    "header_text": "MEP Hangers",
    "local_header_href": "#mep-hangers",
    "chunk_text": "<h3>MEP Hangers</h3><p>We repeatedly touched on various topics related to the \n\n<a href=\"http://thebuildingcoder.typepad.com/blog/2009/09/the-revit-mep-api.html\">\nRevit MEP API</a>.\n\nHere is another little item that is a bit more out of the way, some background information on MEP duct and pipe supports, also known as hangers.\n\n<p><strong>Question:</strong> In the description of the MechanicalEquipment class, the Revit MEP API help says that \"The Mechanical Equipment object can only be queried in Autodesk Revit MEP.\"\n\n<p>I would like to add supports to ducts and pipes. \nCould you please tell me whether this is possible with mechanical equipment elements? \nIf not, please explain which category should be used for programmatic addition of duct and pipe supports.\n\n<p><strong>Answer:</strong> That remark in the documentation is possibly slightly misleading.\nThe MechanicalEquipment class itself is indeed read-only.\nHowever, it is a specialisation of FamilyInstance, which is writeable and creatable.    \nI should think that the supports can be constructed with an appropriate NewFamilyInstance overload and the correct family.  \n\n<p>Revit does currently not provide any functionality specific to hangers.  \nThe most logical alternative would probably be to use a combination of small diameter round columns and small profile beams.  \nThe mechanical equipment category is primarily for transferring heat (i.e., chillers, boilers), and transporting it (pumps, fans), not for support elements.\n\n<p>In AutoCAD MEP, the Hanger object is made up of two structural member shapes which are aggregated into a Hanger style.  \nRevit currently has no such functionality, and of course, no ability to add a category such as Hanger.\nHowever, modelling the elements as small structural members for the purposes of design, coordination, and quantification may be feasible.\n\n<p>Many thanks to Saikat, Scott Conover, and Martin Schmid for this explanation! \n\n</p></p></p></p></p></p></p>"
  }
]