[
  {
    "original_filename": "0332_performance_profiling",
    "header_text": "Introduction",
    "local_header_href": "#introduction",
    "chunk_text": "<head>\n<link href=\"bc.css\" rel=\"stylesheet\" type=\"text/css\"/>\n</head>"
  },
  {
    "original_filename": "0332_performance_profiling",
    "header_text": "Performance Profiling",
    "local_header_href": "#performance-profiling",
    "chunk_text": "<h3>Performance Profiling</h3><p>I should be preparing my Revit API training in Warsaw, which is coming up next week, and instead I still find myself working on other more interesting topics such as performance profiling at the same time.\nI hope the training participants will find this interesting as well.\n\n<h4>New Filtering Motivates Benchmarking</h4>\n<p>The reason why I am so urgently interested in this right now is that the Revit 2011 API provides a whole new filtering API, i.e. for extracting certain specific groups of elements from the Revit database.\nThis is a task that almost every application faces.\nThe new API is extremely powerful and flexible and provides a huge number of classes and methods that can be used and put together in many different ways to achieve the same result.\nI am very interested in discovering how to make optimal use of this, and you should probably be too.\nOne important tool in order to be able to measure and compare the performance of different approaches is a profiler, which leads me to this post.\n\n<h4>Quick and Slow Filters</h4>\n<p>Actually, I am rather getting ahead of myself here, because there are so many basic issues that should really be addressed and discussed first.\nOne of the most fundamental ones is that the Revit 2011 filtering API provides a number of filter classes, and they are divided into quick and slow filters.\nA quick filter is fast and can process an element without fully expanding it in memory, whereas a slow filter needs to read in the entire element data into memory before it can be processed and thus requires more time.\nObviously, the trick in performant filtering in Revit 2011 is to apply as many and specific quick filters as possible before resorting to the slow ones, if your search requires them at all.\nOnce the filter has done its job, you have a collection of elements, and in some cases, you may want to postprocess these further to search for characteristics that are not directly supported by any filters, or harder to implement using them.\nAnyway, we will discuss these topics more in depth real soon now.\n\n<p>To give you a quick first impression of what Revit 2011 API filters can look like, here are two helper methods used in the code presented below.\nThe first one returns the first family symbol found with a built-in category OST_StructuralColumns, which we use to create lots of new column instances in the model:\n\n<pre class=\"code\">\n<span class=\"teal\">FamilySymbol</span> GetColumnType()\n{\n  <span class=\"teal\">FilteredElementCollector</span> columnTypes \n    = <span class=\"blue\">new</span> <span class=\"teal\">FilteredElementCollector</span>( m_document );\n \n  columnTypes.OfCategory( \n    <span class=\"teal\">BuiltInCategory</span>.OST_StructuralColumns );\n \n  columnTypes.OfClass( <span class=\"blue\">typeof</span>( <span class=\"teal\">FamilySymbol</span> ) );\n  <span class=\"blue\">return</span> columnTypes.FirstElement() <span class=\"blue\">as</span> <span class=\"teal\">FamilySymbol</span>;\n}\n</pre>\n<p>The second returns a list of all levels in the model:\n\n<pre class=\"code\">\n<span class=\"teal\">IList</span>&lt;<span class=\"teal\">Level</span>&gt; GetLevels()\n{\n  <span class=\"teal\">FilteredElementCollector</span> a \n    = <span class=\"blue\">new</span> <span class=\"teal\">FilteredElementCollector</span>( m_document );\n \n  a.OfCategory( <span class=\"teal\">BuiltInCategory</span>.OST_Levels );\n  a.OfClass( <span class=\"blue\">typeof</span>( <span class=\"teal\">Level</span> ) );\n  <span class=\"blue\">return</span> a.ToElements().Cast&lt;<span class=\"teal\">Level</span>&gt;().ToList&lt;<span class=\"teal\">Level</span>&gt;();\n}\n</pre>\n<p>Both of these use quick filters exclusively.\n\n<h4>Profiling Tool</h4>\n<p>So in order to enable you to immediately do some research on and profiling of the new filtering on your own, I want to get this basic profiling tool set up and available to you as soon as possible.\nThis post was prompted by Marcelo Quevedo of\n\n<a href=\"http://www.hsb-cad.com\">\nhsbSOFT</a>, \n\nstarting with the following conversation:\n\n<p><strong>[M]</strong> I am investigating performance, because we received a huge Revit file and our framing Revit command is spending too much time on it.\n\n<p>I am using a very manual mode to identify the delays. \nI created a timer by using the QueryPerformanceCounter and QueryPerformanceFrequency methods from the Windows Kernel32.dll.\n\n<p>I call the timer and add the seconds for each call to some of the Revit API functions.\n\n<p>I tried to use the JetBrains dotTrace  profiling tool for .Net, but it doesnt work with Revit 2011.\nIf you know of a profiling tool that works with Revit 2011, please let me know.\n\n<p><strong>[J]</strong> Thank you very much for your nice manual profiling tools and examples!\n\n<p>No, I do not know of a profiling tool that works for Revit, which is why I was curious.\n\n<p>By the way, I am sure that you can simplify the calling and usage of the timer very significantly \nby some clever use of constructors and destructors.\n\n<p><strong>[M]</strong> I followed your recommendations and changed the timer. \nInstead of using a clever destructor, I am using the System.IDisposable interface so that you can use the using statement to identify the delay of a source code \nportion. \n\n<p>I attached a C# project in which this manual profiling tool is used. \nThis project defines a simple Revit command that creates hundreds of structural columns and groups them in order to test the delay in various Revit API methods.\nHere are the resulting two groups:</p>\n<center>\n<img alt=\"Profiling model groups\" src=\"img/profiling_model_groups.png\"/>\n</center>\n<p>Here are the columns, which are only visible individually when we zoom in a bit closer:</p>\n<center>\n<img alt=\"Profiling columns\" src=\"img/profiling_columns.png\"/>\n</center>\n<p>The performance timer implementation makes use of the CodeProject\n\n<a href=\"http://www.codeproject.com/KB/cs/highperformancetimercshar.aspx\">\nHigh-Performance Timer in C#</a>.\n\n<p><strong>[J]</strong> I cleaned it up a bit more:\n\n<ul>\n<li>Modified the collection to use a dictionary instead of manually searching for entries by key.\n<li>Rewrote the GetColumnType and GetLevels methods.\n<li>Sorted the output by percentage of time.\n</li></li></li></ul>\n<p>Here is the implementation of the basic Timer class that we use:\n\n<pre class=\"code\">\n<span class=\"blue\">public</span> <span class=\"blue\">class</span> <span class=\"teal\">Timer</span>\n{\n  [<span class=\"teal\">DllImport</span>( <span class=\"maroon\">\"Kernel32.dll\"</span> )]\n  <span class=\"blue\">private</span> <span class=\"blue\">static</span> <span class=\"blue\">extern</span> <span class=\"blue\">bool</span> QueryPerformanceCounter(\n    <span class=\"blue\">out</span> <span class=\"blue\">long</span> lpPerformanceCount );\n \n  [<span class=\"teal\">DllImport</span>( <span class=\"maroon\">\"Kernel32.dll\"</span> )]\n  <span class=\"blue\">private</span> <span class=\"blue\">static</span> <span class=\"blue\">extern</span> <span class=\"blue\">bool</span> QueryPerformanceFrequency(\n    <span class=\"blue\">out</span> <span class=\"blue\">long</span> lpFrequency );\n \n  <span class=\"blue\">private</span> <span class=\"blue\">long</span> startTime, stopTime;\n  <span class=\"blue\">private</span> <span class=\"blue\">long</span> freq;\n \n  <span class=\"gray\">///</span><span class=\"green\"> </span><span class=\"gray\">&lt;summary&gt;</span>\n  <span class=\"gray\">///</span><span class=\"green\"> Constructor</span>\n  <span class=\"gray\">///</span><span class=\"green\"> </span><span class=\"gray\">&lt;/summary&gt;</span>\n  <span class=\"blue\">public</span> Timer()\n  {\n    startTime = 0;\n    stopTime = 0;\n    <span class=\"blue\">if</span>( !QueryPerformanceFrequency( <span class=\"blue\">out</span> freq ) )\n    {\n      <span class=\"blue\">throw</span> <span class=\"blue\">new</span> <span class=\"teal\">Win32Exception</span>(\n        <span class=\"maroon\">\"high-performance counter not supported\"</span> );\n    }\n  }\n \n  <span class=\"gray\">///</span><span class=\"green\"> </span><span class=\"gray\">&lt;summary&gt;</span>\n  <span class=\"gray\">///</span><span class=\"green\"> Start the timer</span>\n  <span class=\"gray\">///</span><span class=\"green\"> </span><span class=\"gray\">&lt;/summary&gt;</span>\n  <span class=\"blue\">public</span> <span class=\"blue\">void</span> Start()\n  {\n    <span class=\"teal\">Thread</span>.Sleep( 0 ); <span class=\"green\">// let waiting threads work</span>\n    QueryPerformanceCounter( <span class=\"blue\">out</span> startTime );\n  }\n \n  <span class=\"gray\">///</span><span class=\"green\"> </span><span class=\"gray\">&lt;summary&gt;</span>\n  <span class=\"gray\">///</span><span class=\"green\">Stop the timer </span>\n  <span class=\"gray\">///</span><span class=\"green\"> </span><span class=\"gray\">&lt;/summary&gt;</span>\n  <span class=\"blue\">public</span> <span class=\"blue\">void</span> Stop()\n  {\n    QueryPerformanceCounter( <span class=\"blue\">out</span> stopTime );\n  }\n \n  <span class=\"gray\">///</span><span class=\"green\"> </span><span class=\"gray\">&lt;summary&gt;</span>\n  <span class=\"gray\">///</span><span class=\"green\"> Return the duration of the timer in seconds</span>\n  <span class=\"gray\">///</span><span class=\"green\"> </span><span class=\"gray\">&lt;/summary&gt;</span>\n  <span class=\"blue\">public</span> <span class=\"blue\">double</span> Duration\n  {\n    <span class=\"blue\">get</span>\n    {\n      <span class=\"blue\">return</span> ( <span class=\"blue\">double</span> ) ( stopTime - startTime )\n        / ( <span class=\"blue\">double</span> ) freq;\n    }\n  }\n}\n</pre>\n<p>Marcelo implemented a PerfTimer class add some syntactic sugar and the IDisposable wrapper to the Timer class and make it easier and more automatic to start and stop for a specific call with a minimum of effort and coding. Here is the PerfTimer implementation:\n\n<pre class=\"code\">\n<span class=\"blue\">public</span> <span class=\"blue\">class</span> <span class=\"teal\">PerfTimer</span> : <span class=\"teal\">IDisposable</span>\n{\n  <span class=\"blue\">private</span> <span class=\"blue\">string</span> _key;\n  <span class=\"blue\">private</span> <span class=\"teal\">Timer</span> _timer;\n  <span class=\"blue\">private</span> <span class=\"blue\">double</span> _duration = 0;\n \n  <span class=\"gray\">///</span><span class=\"green\"> </span><span class=\"gray\">&lt;summary&gt;</span>\n  <span class=\"gray\">///</span><span class=\"green\"> Gets time in seconds</span>\n  <span class=\"gray\">///</span><span class=\"green\"> </span><span class=\"gray\">&lt;/summary&gt;</span>\n  <span class=\"blue\">public</span> <span class=\"blue\">double</span> Duration\n  {\n    <span class=\"blue\">get</span> { <span class=\"blue\">return</span> _duration; }\n  }\n  <span class=\"gray\">///</span><span class=\"green\"> </span><span class=\"gray\">&lt;summary&gt;</span>\n  <span class=\"gray\">///</span><span class=\"green\"> Performance timer</span>\n  <span class=\"gray\">///</span><span class=\"green\"> </span><span class=\"gray\">&lt;/summary&gt;</span>\n  <span class=\"gray\">///</span><span class=\"green\"> </span><span class=\"gray\">&lt;param name=\"what_are_we_testing_here\"&gt;</span>\n  <span class=\"gray\">///</span><span class=\"green\"> Key describing code to be timed</span><span class=\"gray\">&lt;/param&gt;</span>\n  <span class=\"blue\">public</span> PerfTimer( <span class=\"blue\">string</span> what_are_we_testing_here )\n  {\n    _key = what_are_we_testing_here;\n    _timer = <span class=\"blue\">new</span> <span class=\"teal\">Timer</span>();\n    _timer.Start(); <span class=\"green\">//starts the time</span>\n  }\n \n  <span class=\"blue\">void</span> <span class=\"teal\">IDisposable</span>.Dispose()\n  {\n    <span class=\"green\">// When the using statement block finishes, </span>\n    <span class=\"green\">// the timer is stopped, and the time is </span>\n    <span class=\"green\">// registered</span>\n \n    _timer.Stop();\n    _duration = _timer.Duration;\n    <span class=\"teal\">TimeRegister</span>.AddTime( _key, _duration );\n  }\n}\n</pre>\n<p>After preparing all this, I noticed the following comment on the CodeProject Timer class: \"System.Diagnostics.Stopwatch class: .NET 2.0 now provides this functionality as part of the framework. See class: System.Diagnostics.Stopwatch in System.dll.\"\nI rewrote the PerfTimer class to make use of the built-in stopwatch instead of reinventing the wheel, and it now looks like this:\n\n<pre class=\"code\">\n<span class=\"blue\">public</span> <span class=\"blue\">class</span> <span class=\"teal\">PerfTimer</span> : <span class=\"teal\">IDisposable</span>\n{\n<span class=\"grey\">  #region Internal TimeRegistry class\n  // . . .\n  #endregion // Internal TimeRegistry class</span>\n \n  <span class=\"blue\">string</span> _key;\n  <span class=\"teal\">Stopwatch</span> _timer;\n  <span class=\"blue\">double</span> _duration = 0;\n \n  <span class=\"gray\">///</span><span class=\"green\"> </span><span class=\"gray\">&lt;summary&gt;</span>\n  <span class=\"gray\">///</span><span class=\"green\"> Performance timer</span>\n  <span class=\"gray\">///</span><span class=\"green\"> </span><span class=\"gray\">&lt;/summary&gt;</span>\n  <span class=\"gray\">///</span><span class=\"green\"> </span><span class=\"gray\">&lt;param name=\"what_are_we_testing_here\"&gt;</span>\n  <span class=\"gray\">///</span><span class=\"green\"> Key describing code to be timed</span><span class=\"gray\">&lt;/param&gt;</span>\n  <span class=\"blue\">public</span> PerfTimer( <span class=\"blue\">string</span> what_are_we_testing_here )\n  {\n    _key = what_are_we_testing_here;\n    _timer = <span class=\"teal\">Stopwatch</span>.StartNew();\n  }\n \n  <span class=\"gray\">///</span><span class=\"green\"> </span><span class=\"gray\">&lt;summary&gt;</span>\n  <span class=\"gray\">///</span><span class=\"green\"> Automatic disposal when the the using statement </span>\n  <span class=\"gray\">///</span><span class=\"green\"> block finishes: the timer is stopped and the </span>\n  <span class=\"gray\">///</span><span class=\"green\"> time is registered.</span>\n  <span class=\"gray\">///</span><span class=\"green\"> </span><span class=\"gray\">&lt;/summary&gt;</span>\n  <span class=\"blue\">void</span> <span class=\"teal\">IDisposable</span>.Dispose()\n  {\n    _timer.Stop();\n    _duration = _timer.Elapsed.TotalSeconds;\n    <span class=\"teal\">TimeRegistry</span>.AddTime( _key, _duration );\n  }\n \n  <span class=\"blue\">public</span> <span class=\"blue\">void</span> Report()\n  {\n    <span class=\"teal\">TimeRegistry</span>.WriteResults( _duration );\n  }\n}\n</pre>\n<p>The internal TimeRegistry class was initially defined by Marcelo  and manages a collection of individual timer instances for measuring the time required by the various different Revit API methods.\nI pretty much rewrote it from scratch in various iterations.\nAt the end of the session, it reports the total times of the various operations, for instance like this:\n\n<pre>\n-----------------------------------------------------------\n Percentage   Seconds   Calls   Process\n-----------------------------------------------------------\n      2.76%      0.90    7200   Parameter.Set\n      3.29%      1.07    1200   NewFamilyInstance\n     15.44%      5.04       1   Creation.Document.NewGroup\n     18.02%      5.89    1200   Document.Rotate\n     59.19%     19.33    1201   Document.Regenerate\n    100.00%     32.67       1   TOTAL TIME\n-----------------------------------------------------------\n</pre>\n<p>The command mainline Execute method driving the whole operation now looks like this:\n\n<pre class=\"code\">\n<span class=\"blue\">public</span> <span class=\"teal\">Result</span> Execute( \n  <span class=\"teal\">ExternalCommandData</span> commandData, \n  <span class=\"blue\">ref</span> <span class=\"blue\">string</span> message, \n  <span class=\"teal\">ElementSet</span> elements )\n{\n  <span class=\"teal\">Result</span> result = <span class=\"teal\">Result</span>.Failed;\n  <span class=\"blue\">try</span>\n  {\n    m_document = commandData.Application.ActiveUIDocument.Document;\n    m_createDoc = m_document.Create;\n \n    <span class=\"green\">// Keep track of the total time used:</span>\n \n    <span class=\"teal\">PerfTimer</span> ptTotalTime = <span class=\"blue\">new</span> <span class=\"teal\">PerfTimer</span>( <span class=\"maroon\">\"TOTAL TIME\"</span> );\n    <span class=\"blue\">using</span>( ptTotalTime )\n    {\n      ModelColumns();\n      <span class=\"blue\">using</span>( <span class=\"teal\">PerfTimer</span> pt = <span class=\"blue\">new</span> <span class=\"teal\">PerfTimer</span>( <span class=\"maroon\">\"Document.Regenerate\"</span> ) )\n      {\n        m_document.Regenerate();\n      }\n    }\n \n    <span class=\"green\">// Report all resulting time delays in a text file:</span>\n \n    ptTotalTime.Report();\n    result = <span class=\"teal\">Result</span>.Succeeded;\n  }\n  <span class=\"blue\">catch</span>( System.<span class=\"teal\">Exception</span> e )\n  {\n    message = e.Message;\n    result = <span class=\"teal\">Result</span>.Failed;\n  }\n  <span class=\"blue\">return</span> result;\n}\n</pre>\n<p>As you can see, it defines a top level performance time measuring the total time, which includes all the detailed time measurements for the individual methods.\n\n<p>All the real action takes place in the ModelColumns method.\n\n<p>Some of the actions performed and timed by ModelColumns include:\n\n<ul>\n<li>Creating a large number of column instances.\n<li>Setting parameters on the column instances.\n<li>Rotating the column instances.\n<li>Creating groups.\n</li></li></li></li></ul>\n<p>You can see some of the others from the performance report displayed above.\n\n<p>Here is an example showing how easy it is to add a performance timer for a specific method and which generates the corresponding entry for Document.Rotate in the report listed above:\n\n<pre class=\"code\">\n  <span class=\"blue\">using</span>( <span class=\"teal\">PerfTimer</span> profiler \n    = <span class=\"blue\">new</span> <span class=\"teal\">PerfTimer</span>( <span class=\"maroon\">\"Document.Rotate\"</span> ) )\n  {\n    rotated = m_document.Rotate( \n      element, axis, dAngle );\n  }\n</pre>\n<a name=\"manual_regen\"></a>\n<h4>Manual Regeneration Mode</h4>\n<p>Another interesting issue that Marcelo encountered concerns the regeneration mode.\nThe regeneration mode for this command is set to Manual, which implies that Revit does not automatically regenerate the model after each modification.\nInstead, we are responsible for doing this ourselves manually by calling doc.Regenerate when required from within our plug-in:\n\n<p><strong>[M]</strong> If I set the regeneration mode to Manual, I need to call SetLocationPoint a second time after the call to Rotate, otherwise the column is modelled in a wrong position. \n\n<p><strong>[J]</strong> Try calling doc.Regenerate after modifying things before trying to read the results, or use automatic regeneration.\n\n<p><strong>[M]</strong> If I call doc.Regenerate after creating each column it works fine, so it is not necessary to set the start point twice anymore.\n\n<p>I cleaned it up bit more and deleted the unused SetLocationPoint method.\n\nBut doc.Regenerate is now called hundreds of times which causes a new delay. Is it ok to do this, or do you suggest some other alternative?\n\n<p><strong>[J]</strong> Yes, of course you should avoid calling doc.Regenerate hundreds of times if possible.\nYou should only call it at all if you have the following situation:\n\n<ol>\n<li>You have modified the model AND\n<li>You need to query the modified model.\n</li></li></ol>\n<p>I would assume that it is better to avoid this, or, if not possible, to make all the modifications in one go, then call doc.Regenerate once only, and then perform all the queries at once in a single second step.\nThis is a pure untested assumption at this time and needs testing and benchmarking.\n\n<h4>Generic Programming with Anonymous Methods</h4>\n<p>I am really getting into these neat little anonymous methods that go so well with the new LINQ and generic methods.\nIf you look at the little report above, you will note that I print the percentage of the total time used at the beginning of the line.\nI put it in that order to make it easy to sort the lines by percentage, since that is the most important aspect of the profiling results.\nI also wanted to add those separator lines and make them long enough to span the longest lines, but not too long.\nSo what is the maximum line length? \nHow can I ask the compiler to calculate the longest line length for me?\nUsing a generic template algorithm and an anonymous method, this is really easy:\n\n<pre class=\"code\">\n  <span class=\"blue\">string</span> header = \n    <span class=\"maroon\">\" Percentage   Seconds   Calls   Process\"</span>;\n \n  <span class=\"blue\">int</span> n = <span class=\"teal\">Math</span>.Max( header.Length, \n    lines.Max&lt;<span class=\"blue\">string</span>&gt;( x =&gt; x.Length ) );\n</pre>\n<p>Rather sweet, isn't it? The Max template algorithm takes a \n\n<a href=\"http://en.csharp-online.net/CSharp_Coding_Solutions%E2%80%94Understanding_and_Using_Functors\">\nfunctor</a> \n\nwhich transforms each string element into an integer, and then returns the maximum integer value as its result.\nIn this case, the functor is implemented using an \n\n<a href=\"http://en.wikipedia.org/wiki/Anonymous_function\">\nanonymous</a> or\n\n<a href=\"http://en.wikipedia.org/wiki/Anonymous_function\">\nlambda function</a>.\n\n<p>You will be seeing a lot more of these in upcoming posts, since I like to use them for succinctly post-processing Revit API filter collector results.\nI have already benchmarked some variations and established that they are neither more nor less effective than other mechanisms.\nBut once again I am getting ahead of myself and will slow down a bit.\nMore on this anon.\n\n<h4>Download</h4>\n<p>Here is the complete \n\n<a href=\"zip/ModelColumns.zip\">\nModelColumns</a>\n\nsource code and Visual Studio solution after the numerous iterations back and forth between Marcelo and Jeremy to perfect various aspects.</p>\n<p>Very many thanks to Marcelo for initiating the topic, sharing his code, the fruitful discussion and the many code improvement iterations!\n\n<p>I am very much looking forward to making use of this system to benchmark and compare the numerous different approaches that can be chosen to make use of the new Revit 2011 API functionality.\nI hope it will be useful for you as well, and may all your solutions be optimal.\n</p></p></p></p></p></p></p></p></p></p></p></p></p></p></p></p></p></p></p></p></p></p></p></p></p></p></p></p></p></p></p></p></p></p></p></p></p></p></p>"
  },
  {
    "original_filename": "0332_performance_profiling",
    "header_text": "New Filtering Motivates Benchmarking",
    "local_header_href": "#new-filtering-motivates-benchmarking",
    "chunk_text": "<h4>New Filtering Motivates Benchmarking</h4><p>The reason why I am so urgently interested in this right now is that the Revit 2011 API provides a whole new filtering API, i.e. for extracting certain specific groups of elements from the Revit database.\nThis is a task that almost every application faces.\nThe new API is extremely powerful and flexible and provides a huge number of classes and methods that can be used and put together in many different ways to achieve the same result.\nI am very interested in discovering how to make optimal use of this, and you should probably be too.\nOne important tool in order to be able to measure and compare the performance of different approaches is a profiler, which leads me to this post.\n\n<h4>Quick and Slow Filters</h4>\n<p>Actually, I am rather getting ahead of myself here, because there are so many basic issues that should really be addressed and discussed first.\nOne of the most fundamental ones is that the Revit 2011 filtering API provides a number of filter classes, and they are divided into quick and slow filters.\nA quick filter is fast and can process an element without fully expanding it in memory, whereas a slow filter needs to read in the entire element data into memory before it can be processed and thus requires more time.\nObviously, the trick in performant filtering in Revit 2011 is to apply as many and specific quick filters as possible before resorting to the slow ones, if your search requires them at all.\nOnce the filter has done its job, you have a collection of elements, and in some cases, you may want to postprocess these further to search for characteristics that are not directly supported by any filters, or harder to implement using them.\nAnyway, we will discuss these topics more in depth real soon now.\n\n<p>To give you a quick first impression of what Revit 2011 API filters can look like, here are two helper methods used in the code presented below.\nThe first one returns the first family symbol found with a built-in category OST_StructuralColumns, which we use to create lots of new column instances in the model:\n\n<pre class=\"code\">\n<span class=\"teal\">FamilySymbol</span> GetColumnType()\n{\n  <span class=\"teal\">FilteredElementCollector</span> columnTypes \n    = <span class=\"blue\">new</span> <span class=\"teal\">FilteredElementCollector</span>( m_document );\n \n  columnTypes.OfCategory( \n    <span class=\"teal\">BuiltInCategory</span>.OST_StructuralColumns );\n \n  columnTypes.OfClass( <span class=\"blue\">typeof</span>( <span class=\"teal\">FamilySymbol</span> ) );\n  <span class=\"blue\">return</span> columnTypes.FirstElement() <span class=\"blue\">as</span> <span class=\"teal\">FamilySymbol</span>;\n}\n</pre>\n<p>The second returns a list of all levels in the model:\n\n<pre class=\"code\">\n<span class=\"teal\">IList</span>&lt;<span class=\"teal\">Level</span>&gt; GetLevels()\n{\n  <span class=\"teal\">FilteredElementCollector</span> a \n    = <span class=\"blue\">new</span> <span class=\"teal\">FilteredElementCollector</span>( m_document );\n \n  a.OfCategory( <span class=\"teal\">BuiltInCategory</span>.OST_Levels );\n  a.OfClass( <span class=\"blue\">typeof</span>( <span class=\"teal\">Level</span> ) );\n  <span class=\"blue\">return</span> a.ToElements().Cast&lt;<span class=\"teal\">Level</span>&gt;().ToList&lt;<span class=\"teal\">Level</span>&gt;();\n}\n</pre>\n<p>Both of these use quick filters exclusively.\n\n<h4>Profiling Tool</h4>\n<p>So in order to enable you to immediately do some research on and profiling of the new filtering on your own, I want to get this basic profiling tool set up and available to you as soon as possible.\nThis post was prompted by Marcelo Quevedo of\n\n<a href=\"http://www.hsb-cad.com\">\nhsbSOFT</a>, \n\nstarting with the following conversation:\n\n<p><strong>[M]</strong> I am investigating performance, because we received a huge Revit file and our framing Revit command is spending too much time on it.\n\n<p>I am using a very manual mode to identify the delays. \nI created a timer by using the QueryPerformanceCounter and QueryPerformanceFrequency methods from the Windows Kernel32.dll.\n\n<p>I call the timer and add the seconds for each call to some of the Revit API functions.\n\n<p>I tried to use the JetBrains dotTrace  profiling tool for .Net, but it doesnt work with Revit 2011.\nIf you know of a profiling tool that works with Revit 2011, please let me know.\n\n<p><strong>[J]</strong> Thank you very much for your nice manual profiling tools and examples!\n\n<p>No, I do not know of a profiling tool that works for Revit, which is why I was curious.\n\n<p>By the way, I am sure that you can simplify the calling and usage of the timer very significantly \nby some clever use of constructors and destructors.\n\n<p><strong>[M]</strong> I followed your recommendations and changed the timer. \nInstead of using a clever destructor, I am using the System.IDisposable interface so that you can use the using statement to identify the delay of a source code \nportion. \n\n<p>I attached a C# project in which this manual profiling tool is used. \nThis project defines a simple Revit command that creates hundreds of structural columns and groups them in order to test the delay in various Revit API methods.\nHere are the resulting two groups:</p>\n<center>\n<img alt=\"Profiling model groups\" src=\"img/profiling_model_groups.png\"/>\n</center>\n<p>Here are the columns, which are only visible individually when we zoom in a bit closer:</p>\n<center>\n<img alt=\"Profiling columns\" src=\"img/profiling_columns.png\"/>\n</center>\n<p>The performance timer implementation makes use of the CodeProject\n\n<a href=\"http://www.codeproject.com/KB/cs/highperformancetimercshar.aspx\">\nHigh-Performance Timer in C#</a>.\n\n<p><strong>[J]</strong> I cleaned it up a bit more:\n\n<ul>\n<li>Modified the collection to use a dictionary instead of manually searching for entries by key.\n<li>Rewrote the GetColumnType and GetLevels methods.\n<li>Sorted the output by percentage of time.\n</li></li></li></ul>\n<p>Here is the implementation of the basic Timer class that we use:\n\n<pre class=\"code\">\n<span class=\"blue\">public</span> <span class=\"blue\">class</span> <span class=\"teal\">Timer</span>\n{\n  [<span class=\"teal\">DllImport</span>( <span class=\"maroon\">\"Kernel32.dll\"</span> )]\n  <span class=\"blue\">private</span> <span class=\"blue\">static</span> <span class=\"blue\">extern</span> <span class=\"blue\">bool</span> QueryPerformanceCounter(\n    <span class=\"blue\">out</span> <span class=\"blue\">long</span> lpPerformanceCount );\n \n  [<span class=\"teal\">DllImport</span>( <span class=\"maroon\">\"Kernel32.dll\"</span> )]\n  <span class=\"blue\">private</span> <span class=\"blue\">static</span> <span class=\"blue\">extern</span> <span class=\"blue\">bool</span> QueryPerformanceFrequency(\n    <span class=\"blue\">out</span> <span class=\"blue\">long</span> lpFrequency );\n \n  <span class=\"blue\">private</span> <span class=\"blue\">long</span> startTime, stopTime;\n  <span class=\"blue\">private</span> <span class=\"blue\">long</span> freq;\n \n  <span class=\"gray\">///</span><span class=\"green\"> </span><span class=\"gray\">&lt;summary&gt;</span>\n  <span class=\"gray\">///</span><span class=\"green\"> Constructor</span>\n  <span class=\"gray\">///</span><span class=\"green\"> </span><span class=\"gray\">&lt;/summary&gt;</span>\n  <span class=\"blue\">public</span> Timer()\n  {\n    startTime = 0;\n    stopTime = 0;\n    <span class=\"blue\">if</span>( !QueryPerformanceFrequency( <span class=\"blue\">out</span> freq ) )\n    {\n      <span class=\"blue\">throw</span> <span class=\"blue\">new</span> <span class=\"teal\">Win32Exception</span>(\n        <span class=\"maroon\">\"high-performance counter not supported\"</span> );\n    }\n  }\n \n  <span class=\"gray\">///</span><span class=\"green\"> </span><span class=\"gray\">&lt;summary&gt;</span>\n  <span class=\"gray\">///</span><span class=\"green\"> Start the timer</span>\n  <span class=\"gray\">///</span><span class=\"green\"> </span><span class=\"gray\">&lt;/summary&gt;</span>\n  <span class=\"blue\">public</span> <span class=\"blue\">void</span> Start()\n  {\n    <span class=\"teal\">Thread</span>.Sleep( 0 ); <span class=\"green\">// let waiting threads work</span>\n    QueryPerformanceCounter( <span class=\"blue\">out</span> startTime );\n  }\n \n  <span class=\"gray\">///</span><span class=\"green\"> </span><span class=\"gray\">&lt;summary&gt;</span>\n  <span class=\"gray\">///</span><span class=\"green\">Stop the timer </span>\n  <span class=\"gray\">///</span><span class=\"green\"> </span><span class=\"gray\">&lt;/summary&gt;</span>\n  <span class=\"blue\">public</span> <span class=\"blue\">void</span> Stop()\n  {\n    QueryPerformanceCounter( <span class=\"blue\">out</span> stopTime );\n  }\n \n  <span class=\"gray\">///</span><span class=\"green\"> </span><span class=\"gray\">&lt;summary&gt;</span>\n  <span class=\"gray\">///</span><span class=\"green\"> Return the duration of the timer in seconds</span>\n  <span class=\"gray\">///</span><span class=\"green\"> </span><span class=\"gray\">&lt;/summary&gt;</span>\n  <span class=\"blue\">public</span> <span class=\"blue\">double</span> Duration\n  {\n    <span class=\"blue\">get</span>\n    {\n      <span class=\"blue\">return</span> ( <span class=\"blue\">double</span> ) ( stopTime - startTime )\n        / ( <span class=\"blue\">double</span> ) freq;\n    }\n  }\n}\n</pre>\n<p>Marcelo implemented a PerfTimer class add some syntactic sugar and the IDisposable wrapper to the Timer class and make it easier and more automatic to start and stop for a specific call with a minimum of effort and coding. Here is the PerfTimer implementation:\n\n<pre class=\"code\">\n<span class=\"blue\">public</span> <span class=\"blue\">class</span> <span class=\"teal\">PerfTimer</span> : <span class=\"teal\">IDisposable</span>\n{\n  <span class=\"blue\">private</span> <span class=\"blue\">string</span> _key;\n  <span class=\"blue\">private</span> <span class=\"teal\">Timer</span> _timer;\n  <span class=\"blue\">private</span> <span class=\"blue\">double</span> _duration = 0;\n \n  <span class=\"gray\">///</span><span class=\"green\"> </span><span class=\"gray\">&lt;summary&gt;</span>\n  <span class=\"gray\">///</span><span class=\"green\"> Gets time in seconds</span>\n  <span class=\"gray\">///</span><span class=\"green\"> </span><span class=\"gray\">&lt;/summary&gt;</span>\n  <span class=\"blue\">public</span> <span class=\"blue\">double</span> Duration\n  {\n    <span class=\"blue\">get</span> { <span class=\"blue\">return</span> _duration; }\n  }\n  <span class=\"gray\">///</span><span class=\"green\"> </span><span class=\"gray\">&lt;summary&gt;</span>\n  <span class=\"gray\">///</span><span class=\"green\"> Performance timer</span>\n  <span class=\"gray\">///</span><span class=\"green\"> </span><span class=\"gray\">&lt;/summary&gt;</span>\n  <span class=\"gray\">///</span><span class=\"green\"> </span><span class=\"gray\">&lt;param name=\"what_are_we_testing_here\"&gt;</span>\n  <span class=\"gray\">///</span><span class=\"green\"> Key describing code to be timed</span><span class=\"gray\">&lt;/param&gt;</span>\n  <span class=\"blue\">public</span> PerfTimer( <span class=\"blue\">string</span> what_are_we_testing_here )\n  {\n    _key = what_are_we_testing_here;\n    _timer = <span class=\"blue\">new</span> <span class=\"teal\">Timer</span>();\n    _timer.Start(); <span class=\"green\">//starts the time</span>\n  }\n \n  <span class=\"blue\">void</span> <span class=\"teal\">IDisposable</span>.Dispose()\n  {\n    <span class=\"green\">// When the using statement block finishes, </span>\n    <span class=\"green\">// the timer is stopped, and the time is </span>\n    <span class=\"green\">// registered</span>\n \n    _timer.Stop();\n    _duration = _timer.Duration;\n    <span class=\"teal\">TimeRegister</span>.AddTime( _key, _duration );\n  }\n}\n</pre>\n<p>After preparing all this, I noticed the following comment on the CodeProject Timer class: \"System.Diagnostics.Stopwatch class: .NET 2.0 now provides this functionality as part of the framework. See class: System.Diagnostics.Stopwatch in System.dll.\"\nI rewrote the PerfTimer class to make use of the built-in stopwatch instead of reinventing the wheel, and it now looks like this:\n\n<pre class=\"code\">\n<span class=\"blue\">public</span> <span class=\"blue\">class</span> <span class=\"teal\">PerfTimer</span> : <span class=\"teal\">IDisposable</span>\n{\n<span class=\"grey\">  #region Internal TimeRegistry class\n  // . . .\n  #endregion // Internal TimeRegistry class</span>\n \n  <span class=\"blue\">string</span> _key;\n  <span class=\"teal\">Stopwatch</span> _timer;\n  <span class=\"blue\">double</span> _duration = 0;\n \n  <span class=\"gray\">///</span><span class=\"green\"> </span><span class=\"gray\">&lt;summary&gt;</span>\n  <span class=\"gray\">///</span><span class=\"green\"> Performance timer</span>\n  <span class=\"gray\">///</span><span class=\"green\"> </span><span class=\"gray\">&lt;/summary&gt;</span>\n  <span class=\"gray\">///</span><span class=\"green\"> </span><span class=\"gray\">&lt;param name=\"what_are_we_testing_here\"&gt;</span>\n  <span class=\"gray\">///</span><span class=\"green\"> Key describing code to be timed</span><span class=\"gray\">&lt;/param&gt;</span>\n  <span class=\"blue\">public</span> PerfTimer( <span class=\"blue\">string</span> what_are_we_testing_here )\n  {\n    _key = what_are_we_testing_here;\n    _timer = <span class=\"teal\">Stopwatch</span>.StartNew();\n  }\n \n  <span class=\"gray\">///</span><span class=\"green\"> </span><span class=\"gray\">&lt;summary&gt;</span>\n  <span class=\"gray\">///</span><span class=\"green\"> Automatic disposal when the the using statement </span>\n  <span class=\"gray\">///</span><span class=\"green\"> block finishes: the timer is stopped and the </span>\n  <span class=\"gray\">///</span><span class=\"green\"> time is registered.</span>\n  <span class=\"gray\">///</span><span class=\"green\"> </span><span class=\"gray\">&lt;/summary&gt;</span>\n  <span class=\"blue\">void</span> <span class=\"teal\">IDisposable</span>.Dispose()\n  {\n    _timer.Stop();\n    _duration = _timer.Elapsed.TotalSeconds;\n    <span class=\"teal\">TimeRegistry</span>.AddTime( _key, _duration );\n  }\n \n  <span class=\"blue\">public</span> <span class=\"blue\">void</span> Report()\n  {\n    <span class=\"teal\">TimeRegistry</span>.WriteResults( _duration );\n  }\n}\n</pre>\n<p>The internal TimeRegistry class was initially defined by Marcelo  and manages a collection of individual timer instances for measuring the time required by the various different Revit API methods.\nI pretty much rewrote it from scratch in various iterations.\nAt the end of the session, it reports the total times of the various operations, for instance like this:\n\n<pre>\n-----------------------------------------------------------\n Percentage   Seconds   Calls   Process\n-----------------------------------------------------------\n      2.76%      0.90    7200   Parameter.Set\n      3.29%      1.07    1200   NewFamilyInstance\n     15.44%      5.04       1   Creation.Document.NewGroup\n     18.02%      5.89    1200   Document.Rotate\n     59.19%     19.33    1201   Document.Regenerate\n    100.00%     32.67       1   TOTAL TIME\n-----------------------------------------------------------\n</pre>\n<p>The command mainline Execute method driving the whole operation now looks like this:\n\n<pre class=\"code\">\n<span class=\"blue\">public</span> <span class=\"teal\">Result</span> Execute( \n  <span class=\"teal\">ExternalCommandData</span> commandData, \n  <span class=\"blue\">ref</span> <span class=\"blue\">string</span> message, \n  <span class=\"teal\">ElementSet</span> elements )\n{\n  <span class=\"teal\">Result</span> result = <span class=\"teal\">Result</span>.Failed;\n  <span class=\"blue\">try</span>\n  {\n    m_document = commandData.Application.ActiveUIDocument.Document;\n    m_createDoc = m_document.Create;\n \n    <span class=\"green\">// Keep track of the total time used:</span>\n \n    <span class=\"teal\">PerfTimer</span> ptTotalTime = <span class=\"blue\">new</span> <span class=\"teal\">PerfTimer</span>( <span class=\"maroon\">\"TOTAL TIME\"</span> );\n    <span class=\"blue\">using</span>( ptTotalTime )\n    {\n      ModelColumns();\n      <span class=\"blue\">using</span>( <span class=\"teal\">PerfTimer</span> pt = <span class=\"blue\">new</span> <span class=\"teal\">PerfTimer</span>( <span class=\"maroon\">\"Document.Regenerate\"</span> ) )\n      {\n        m_document.Regenerate();\n      }\n    }\n \n    <span class=\"green\">// Report all resulting time delays in a text file:</span>\n \n    ptTotalTime.Report();\n    result = <span class=\"teal\">Result</span>.Succeeded;\n  }\n  <span class=\"blue\">catch</span>( System.<span class=\"teal\">Exception</span> e )\n  {\n    message = e.Message;\n    result = <span class=\"teal\">Result</span>.Failed;\n  }\n  <span class=\"blue\">return</span> result;\n}\n</pre>\n<p>As you can see, it defines a top level performance time measuring the total time, which includes all the detailed time measurements for the individual methods.\n\n<p>All the real action takes place in the ModelColumns method.\n\n<p>Some of the actions performed and timed by ModelColumns include:\n\n<ul>\n<li>Creating a large number of column instances.\n<li>Setting parameters on the column instances.\n<li>Rotating the column instances.\n<li>Creating groups.\n</li></li></li></li></ul>\n<p>You can see some of the others from the performance report displayed above.\n\n<p>Here is an example showing how easy it is to add a performance timer for a specific method and which generates the corresponding entry for Document.Rotate in the report listed above:\n\n<pre class=\"code\">\n  <span class=\"blue\">using</span>( <span class=\"teal\">PerfTimer</span> profiler \n    = <span class=\"blue\">new</span> <span class=\"teal\">PerfTimer</span>( <span class=\"maroon\">\"Document.Rotate\"</span> ) )\n  {\n    rotated = m_document.Rotate( \n      element, axis, dAngle );\n  }\n</pre>\n<a name=\"manual_regen\"></a>\n<h4>Manual Regeneration Mode</h4>\n<p>Another interesting issue that Marcelo encountered concerns the regeneration mode.\nThe regeneration mode for this command is set to Manual, which implies that Revit does not automatically regenerate the model after each modification.\nInstead, we are responsible for doing this ourselves manually by calling doc.Regenerate when required from within our plug-in:\n\n<p><strong>[M]</strong> If I set the regeneration mode to Manual, I need to call SetLocationPoint a second time after the call to Rotate, otherwise the column is modelled in a wrong position. \n\n<p><strong>[J]</strong> Try calling doc.Regenerate after modifying things before trying to read the results, or use automatic regeneration.\n\n<p><strong>[M]</strong> If I call doc.Regenerate after creating each column it works fine, so it is not necessary to set the start point twice anymore.\n\n<p>I cleaned it up bit more and deleted the unused SetLocationPoint method.\n\nBut doc.Regenerate is now called hundreds of times which causes a new delay. Is it ok to do this, or do you suggest some other alternative?\n\n<p><strong>[J]</strong> Yes, of course you should avoid calling doc.Regenerate hundreds of times if possible.\nYou should only call it at all if you have the following situation:\n\n<ol>\n<li>You have modified the model AND\n<li>You need to query the modified model.\n</li></li></ol>\n<p>I would assume that it is better to avoid this, or, if not possible, to make all the modifications in one go, then call doc.Regenerate once only, and then perform all the queries at once in a single second step.\nThis is a pure untested assumption at this time and needs testing and benchmarking.\n\n<h4>Generic Programming with Anonymous Methods</h4>\n<p>I am really getting into these neat little anonymous methods that go so well with the new LINQ and generic methods.\nIf you look at the little report above, you will note that I print the percentage of the total time used at the beginning of the line.\nI put it in that order to make it easy to sort the lines by percentage, since that is the most important aspect of the profiling results.\nI also wanted to add those separator lines and make them long enough to span the longest lines, but not too long.\nSo what is the maximum line length? \nHow can I ask the compiler to calculate the longest line length for me?\nUsing a generic template algorithm and an anonymous method, this is really easy:\n\n<pre class=\"code\">\n  <span class=\"blue\">string</span> header = \n    <span class=\"maroon\">\" Percentage   Seconds   Calls   Process\"</span>;\n \n  <span class=\"blue\">int</span> n = <span class=\"teal\">Math</span>.Max( header.Length, \n    lines.Max&lt;<span class=\"blue\">string</span>&gt;( x =&gt; x.Length ) );\n</pre>\n<p>Rather sweet, isn't it? The Max template algorithm takes a \n\n<a href=\"http://en.csharp-online.net/CSharp_Coding_Solutions%E2%80%94Understanding_and_Using_Functors\">\nfunctor</a> \n\nwhich transforms each string element into an integer, and then returns the maximum integer value as its result.\nIn this case, the functor is implemented using an \n\n<a href=\"http://en.wikipedia.org/wiki/Anonymous_function\">\nanonymous</a> or\n\n<a href=\"http://en.wikipedia.org/wiki/Anonymous_function\">\nlambda function</a>.\n\n<p>You will be seeing a lot more of these in upcoming posts, since I like to use them for succinctly post-processing Revit API filter collector results.\nI have already benchmarked some variations and established that they are neither more nor less effective than other mechanisms.\nBut once again I am getting ahead of myself and will slow down a bit.\nMore on this anon.\n\n<h4>Download</h4>\n<p>Here is the complete \n\n<a href=\"zip/ModelColumns.zip\">\nModelColumns</a>\n\nsource code and Visual Studio solution after the numerous iterations back and forth between Marcelo and Jeremy to perfect various aspects.</p>\n<p>Very many thanks to Marcelo for initiating the topic, sharing his code, the fruitful discussion and the many code improvement iterations!\n\n<p>I am very much looking forward to making use of this system to benchmark and compare the numerous different approaches that can be chosen to make use of the new Revit 2011 API functionality.\nI hope it will be useful for you as well, and may all your solutions be optimal.\n</p></p></p></p></p></p></p></p></p></p></p></p></p></p></p></p></p></p></p></p></p></p></p></p></p></p></p></p></p></p></p></p></p></p></p></p></p></p>"
  },
  {
    "original_filename": "0332_performance_profiling",
    "header_text": "Quick and Slow Filters",
    "local_header_href": "#quick-and-slow-filters",
    "chunk_text": "<h4>Quick and Slow Filters</h4><p>Actually, I am rather getting ahead of myself here, because there are so many basic issues that should really be addressed and discussed first.\nOne of the most fundamental ones is that the Revit 2011 filtering API provides a number of filter classes, and they are divided into quick and slow filters.\nA quick filter is fast and can process an element without fully expanding it in memory, whereas a slow filter needs to read in the entire element data into memory before it can be processed and thus requires more time.\nObviously, the trick in performant filtering in Revit 2011 is to apply as many and specific quick filters as possible before resorting to the slow ones, if your search requires them at all.\nOnce the filter has done its job, you have a collection of elements, and in some cases, you may want to postprocess these further to search for characteristics that are not directly supported by any filters, or harder to implement using them.\nAnyway, we will discuss these topics more in depth real soon now.\n\n<p>To give you a quick first impression of what Revit 2011 API filters can look like, here are two helper methods used in the code presented below.\nThe first one returns the first family symbol found with a built-in category OST_StructuralColumns, which we use to create lots of new column instances in the model:\n\n<pre class=\"code\">\n<span class=\"teal\">FamilySymbol</span> GetColumnType()\n{\n  <span class=\"teal\">FilteredElementCollector</span> columnTypes \n    = <span class=\"blue\">new</span> <span class=\"teal\">FilteredElementCollector</span>( m_document );\n \n  columnTypes.OfCategory( \n    <span class=\"teal\">BuiltInCategory</span>.OST_StructuralColumns );\n \n  columnTypes.OfClass( <span class=\"blue\">typeof</span>( <span class=\"teal\">FamilySymbol</span> ) );\n  <span class=\"blue\">return</span> columnTypes.FirstElement() <span class=\"blue\">as</span> <span class=\"teal\">FamilySymbol</span>;\n}\n</pre>\n<p>The second returns a list of all levels in the model:\n\n<pre class=\"code\">\n<span class=\"teal\">IList</span>&lt;<span class=\"teal\">Level</span>&gt; GetLevels()\n{\n  <span class=\"teal\">FilteredElementCollector</span> a \n    = <span class=\"blue\">new</span> <span class=\"teal\">FilteredElementCollector</span>( m_document );\n \n  a.OfCategory( <span class=\"teal\">BuiltInCategory</span>.OST_Levels );\n  a.OfClass( <span class=\"blue\">typeof</span>( <span class=\"teal\">Level</span> ) );\n  <span class=\"blue\">return</span> a.ToElements().Cast&lt;<span class=\"teal\">Level</span>&gt;().ToList&lt;<span class=\"teal\">Level</span>&gt;();\n}\n</pre>\n<p>Both of these use quick filters exclusively.\n\n<h4>Profiling Tool</h4>\n<p>So in order to enable you to immediately do some research on and profiling of the new filtering on your own, I want to get this basic profiling tool set up and available to you as soon as possible.\nThis post was prompted by Marcelo Quevedo of\n\n<a href=\"http://www.hsb-cad.com\">\nhsbSOFT</a>, \n\nstarting with the following conversation:\n\n<p><strong>[M]</strong> I am investigating performance, because we received a huge Revit file and our framing Revit command is spending too much time on it.\n\n<p>I am using a very manual mode to identify the delays. \nI created a timer by using the QueryPerformanceCounter and QueryPerformanceFrequency methods from the Windows Kernel32.dll.\n\n<p>I call the timer and add the seconds for each call to some of the Revit API functions.\n\n<p>I tried to use the JetBrains dotTrace  profiling tool for .Net, but it doesnt work with Revit 2011.\nIf you know of a profiling tool that works with Revit 2011, please let me know.\n\n<p><strong>[J]</strong> Thank you very much for your nice manual profiling tools and examples!\n\n<p>No, I do not know of a profiling tool that works for Revit, which is why I was curious.\n\n<p>By the way, I am sure that you can simplify the calling and usage of the timer very significantly \nby some clever use of constructors and destructors.\n\n<p><strong>[M]</strong> I followed your recommendations and changed the timer. \nInstead of using a clever destructor, I am using the System.IDisposable interface so that you can use the using statement to identify the delay of a source code \nportion. \n\n<p>I attached a C# project in which this manual profiling tool is used. \nThis project defines a simple Revit command that creates hundreds of structural columns and groups them in order to test the delay in various Revit API methods.\nHere are the resulting two groups:</p>\n<center>\n<img alt=\"Profiling model groups\" src=\"img/profiling_model_groups.png\"/>\n</center>\n<p>Here are the columns, which are only visible individually when we zoom in a bit closer:</p>\n<center>\n<img alt=\"Profiling columns\" src=\"img/profiling_columns.png\"/>\n</center>\n<p>The performance timer implementation makes use of the CodeProject\n\n<a href=\"http://www.codeproject.com/KB/cs/highperformancetimercshar.aspx\">\nHigh-Performance Timer in C#</a>.\n\n<p><strong>[J]</strong> I cleaned it up a bit more:\n\n<ul>\n<li>Modified the collection to use a dictionary instead of manually searching for entries by key.\n<li>Rewrote the GetColumnType and GetLevels methods.\n<li>Sorted the output by percentage of time.\n</li></li></li></ul>\n<p>Here is the implementation of the basic Timer class that we use:\n\n<pre class=\"code\">\n<span class=\"blue\">public</span> <span class=\"blue\">class</span> <span class=\"teal\">Timer</span>\n{\n  [<span class=\"teal\">DllImport</span>( <span class=\"maroon\">\"Kernel32.dll\"</span> )]\n  <span class=\"blue\">private</span> <span class=\"blue\">static</span> <span class=\"blue\">extern</span> <span class=\"blue\">bool</span> QueryPerformanceCounter(\n    <span class=\"blue\">out</span> <span class=\"blue\">long</span> lpPerformanceCount );\n \n  [<span class=\"teal\">DllImport</span>( <span class=\"maroon\">\"Kernel32.dll\"</span> )]\n  <span class=\"blue\">private</span> <span class=\"blue\">static</span> <span class=\"blue\">extern</span> <span class=\"blue\">bool</span> QueryPerformanceFrequency(\n    <span class=\"blue\">out</span> <span class=\"blue\">long</span> lpFrequency );\n \n  <span class=\"blue\">private</span> <span class=\"blue\">long</span> startTime, stopTime;\n  <span class=\"blue\">private</span> <span class=\"blue\">long</span> freq;\n \n  <span class=\"gray\">///</span><span class=\"green\"> </span><span class=\"gray\">&lt;summary&gt;</span>\n  <span class=\"gray\">///</span><span class=\"green\"> Constructor</span>\n  <span class=\"gray\">///</span><span class=\"green\"> </span><span class=\"gray\">&lt;/summary&gt;</span>\n  <span class=\"blue\">public</span> Timer()\n  {\n    startTime = 0;\n    stopTime = 0;\n    <span class=\"blue\">if</span>( !QueryPerformanceFrequency( <span class=\"blue\">out</span> freq ) )\n    {\n      <span class=\"blue\">throw</span> <span class=\"blue\">new</span> <span class=\"teal\">Win32Exception</span>(\n        <span class=\"maroon\">\"high-performance counter not supported\"</span> );\n    }\n  }\n \n  <span class=\"gray\">///</span><span class=\"green\"> </span><span class=\"gray\">&lt;summary&gt;</span>\n  <span class=\"gray\">///</span><span class=\"green\"> Start the timer</span>\n  <span class=\"gray\">///</span><span class=\"green\"> </span><span class=\"gray\">&lt;/summary&gt;</span>\n  <span class=\"blue\">public</span> <span class=\"blue\">void</span> Start()\n  {\n    <span class=\"teal\">Thread</span>.Sleep( 0 ); <span class=\"green\">// let waiting threads work</span>\n    QueryPerformanceCounter( <span class=\"blue\">out</span> startTime );\n  }\n \n  <span class=\"gray\">///</span><span class=\"green\"> </span><span class=\"gray\">&lt;summary&gt;</span>\n  <span class=\"gray\">///</span><span class=\"green\">Stop the timer </span>\n  <span class=\"gray\">///</span><span class=\"green\"> </span><span class=\"gray\">&lt;/summary&gt;</span>\n  <span class=\"blue\">public</span> <span class=\"blue\">void</span> Stop()\n  {\n    QueryPerformanceCounter( <span class=\"blue\">out</span> stopTime );\n  }\n \n  <span class=\"gray\">///</span><span class=\"green\"> </span><span class=\"gray\">&lt;summary&gt;</span>\n  <span class=\"gray\">///</span><span class=\"green\"> Return the duration of the timer in seconds</span>\n  <span class=\"gray\">///</span><span class=\"green\"> </span><span class=\"gray\">&lt;/summary&gt;</span>\n  <span class=\"blue\">public</span> <span class=\"blue\">double</span> Duration\n  {\n    <span class=\"blue\">get</span>\n    {\n      <span class=\"blue\">return</span> ( <span class=\"blue\">double</span> ) ( stopTime - startTime )\n        / ( <span class=\"blue\">double</span> ) freq;\n    }\n  }\n}\n</pre>\n<p>Marcelo implemented a PerfTimer class add some syntactic sugar and the IDisposable wrapper to the Timer class and make it easier and more automatic to start and stop for a specific call with a minimum of effort and coding. Here is the PerfTimer implementation:\n\n<pre class=\"code\">\n<span class=\"blue\">public</span> <span class=\"blue\">class</span> <span class=\"teal\">PerfTimer</span> : <span class=\"teal\">IDisposable</span>\n{\n  <span class=\"blue\">private</span> <span class=\"blue\">string</span> _key;\n  <span class=\"blue\">private</span> <span class=\"teal\">Timer</span> _timer;\n  <span class=\"blue\">private</span> <span class=\"blue\">double</span> _duration = 0;\n \n  <span class=\"gray\">///</span><span class=\"green\"> </span><span class=\"gray\">&lt;summary&gt;</span>\n  <span class=\"gray\">///</span><span class=\"green\"> Gets time in seconds</span>\n  <span class=\"gray\">///</span><span class=\"green\"> </span><span class=\"gray\">&lt;/summary&gt;</span>\n  <span class=\"blue\">public</span> <span class=\"blue\">double</span> Duration\n  {\n    <span class=\"blue\">get</span> { <span class=\"blue\">return</span> _duration; }\n  }\n  <span class=\"gray\">///</span><span class=\"green\"> </span><span class=\"gray\">&lt;summary&gt;</span>\n  <span class=\"gray\">///</span><span class=\"green\"> Performance timer</span>\n  <span class=\"gray\">///</span><span class=\"green\"> </span><span class=\"gray\">&lt;/summary&gt;</span>\n  <span class=\"gray\">///</span><span class=\"green\"> </span><span class=\"gray\">&lt;param name=\"what_are_we_testing_here\"&gt;</span>\n  <span class=\"gray\">///</span><span class=\"green\"> Key describing code to be timed</span><span class=\"gray\">&lt;/param&gt;</span>\n  <span class=\"blue\">public</span> PerfTimer( <span class=\"blue\">string</span> what_are_we_testing_here )\n  {\n    _key = what_are_we_testing_here;\n    _timer = <span class=\"blue\">new</span> <span class=\"teal\">Timer</span>();\n    _timer.Start(); <span class=\"green\">//starts the time</span>\n  }\n \n  <span class=\"blue\">void</span> <span class=\"teal\">IDisposable</span>.Dispose()\n  {\n    <span class=\"green\">// When the using statement block finishes, </span>\n    <span class=\"green\">// the timer is stopped, and the time is </span>\n    <span class=\"green\">// registered</span>\n \n    _timer.Stop();\n    _duration = _timer.Duration;\n    <span class=\"teal\">TimeRegister</span>.AddTime( _key, _duration );\n  }\n}\n</pre>\n<p>After preparing all this, I noticed the following comment on the CodeProject Timer class: \"System.Diagnostics.Stopwatch class: .NET 2.0 now provides this functionality as part of the framework. See class: System.Diagnostics.Stopwatch in System.dll.\"\nI rewrote the PerfTimer class to make use of the built-in stopwatch instead of reinventing the wheel, and it now looks like this:\n\n<pre class=\"code\">\n<span class=\"blue\">public</span> <span class=\"blue\">class</span> <span class=\"teal\">PerfTimer</span> : <span class=\"teal\">IDisposable</span>\n{\n<span class=\"grey\">  #region Internal TimeRegistry class\n  // . . .\n  #endregion // Internal TimeRegistry class</span>\n \n  <span class=\"blue\">string</span> _key;\n  <span class=\"teal\">Stopwatch</span> _timer;\n  <span class=\"blue\">double</span> _duration = 0;\n \n  <span class=\"gray\">///</span><span class=\"green\"> </span><span class=\"gray\">&lt;summary&gt;</span>\n  <span class=\"gray\">///</span><span class=\"green\"> Performance timer</span>\n  <span class=\"gray\">///</span><span class=\"green\"> </span><span class=\"gray\">&lt;/summary&gt;</span>\n  <span class=\"gray\">///</span><span class=\"green\"> </span><span class=\"gray\">&lt;param name=\"what_are_we_testing_here\"&gt;</span>\n  <span class=\"gray\">///</span><span class=\"green\"> Key describing code to be timed</span><span class=\"gray\">&lt;/param&gt;</span>\n  <span class=\"blue\">public</span> PerfTimer( <span class=\"blue\">string</span> what_are_we_testing_here )\n  {\n    _key = what_are_we_testing_here;\n    _timer = <span class=\"teal\">Stopwatch</span>.StartNew();\n  }\n \n  <span class=\"gray\">///</span><span class=\"green\"> </span><span class=\"gray\">&lt;summary&gt;</span>\n  <span class=\"gray\">///</span><span class=\"green\"> Automatic disposal when the the using statement </span>\n  <span class=\"gray\">///</span><span class=\"green\"> block finishes: the timer is stopped and the </span>\n  <span class=\"gray\">///</span><span class=\"green\"> time is registered.</span>\n  <span class=\"gray\">///</span><span class=\"green\"> </span><span class=\"gray\">&lt;/summary&gt;</span>\n  <span class=\"blue\">void</span> <span class=\"teal\">IDisposable</span>.Dispose()\n  {\n    _timer.Stop();\n    _duration = _timer.Elapsed.TotalSeconds;\n    <span class=\"teal\">TimeRegistry</span>.AddTime( _key, _duration );\n  }\n \n  <span class=\"blue\">public</span> <span class=\"blue\">void</span> Report()\n  {\n    <span class=\"teal\">TimeRegistry</span>.WriteResults( _duration );\n  }\n}\n</pre>\n<p>The internal TimeRegistry class was initially defined by Marcelo  and manages a collection of individual timer instances for measuring the time required by the various different Revit API methods.\nI pretty much rewrote it from scratch in various iterations.\nAt the end of the session, it reports the total times of the various operations, for instance like this:\n\n<pre>\n-----------------------------------------------------------\n Percentage   Seconds   Calls   Process\n-----------------------------------------------------------\n      2.76%      0.90    7200   Parameter.Set\n      3.29%      1.07    1200   NewFamilyInstance\n     15.44%      5.04       1   Creation.Document.NewGroup\n     18.02%      5.89    1200   Document.Rotate\n     59.19%     19.33    1201   Document.Regenerate\n    100.00%     32.67       1   TOTAL TIME\n-----------------------------------------------------------\n</pre>\n<p>The command mainline Execute method driving the whole operation now looks like this:\n\n<pre class=\"code\">\n<span class=\"blue\">public</span> <span class=\"teal\">Result</span> Execute( \n  <span class=\"teal\">ExternalCommandData</span> commandData, \n  <span class=\"blue\">ref</span> <span class=\"blue\">string</span> message, \n  <span class=\"teal\">ElementSet</span> elements )\n{\n  <span class=\"teal\">Result</span> result = <span class=\"teal\">Result</span>.Failed;\n  <span class=\"blue\">try</span>\n  {\n    m_document = commandData.Application.ActiveUIDocument.Document;\n    m_createDoc = m_document.Create;\n \n    <span class=\"green\">// Keep track of the total time used:</span>\n \n    <span class=\"teal\">PerfTimer</span> ptTotalTime = <span class=\"blue\">new</span> <span class=\"teal\">PerfTimer</span>( <span class=\"maroon\">\"TOTAL TIME\"</span> );\n    <span class=\"blue\">using</span>( ptTotalTime )\n    {\n      ModelColumns();\n      <span class=\"blue\">using</span>( <span class=\"teal\">PerfTimer</span> pt = <span class=\"blue\">new</span> <span class=\"teal\">PerfTimer</span>( <span class=\"maroon\">\"Document.Regenerate\"</span> ) )\n      {\n        m_document.Regenerate();\n      }\n    }\n \n    <span class=\"green\">// Report all resulting time delays in a text file:</span>\n \n    ptTotalTime.Report();\n    result = <span class=\"teal\">Result</span>.Succeeded;\n  }\n  <span class=\"blue\">catch</span>( System.<span class=\"teal\">Exception</span> e )\n  {\n    message = e.Message;\n    result = <span class=\"teal\">Result</span>.Failed;\n  }\n  <span class=\"blue\">return</span> result;\n}\n</pre>\n<p>As you can see, it defines a top level performance time measuring the total time, which includes all the detailed time measurements for the individual methods.\n\n<p>All the real action takes place in the ModelColumns method.\n\n<p>Some of the actions performed and timed by ModelColumns include:\n\n<ul>\n<li>Creating a large number of column instances.\n<li>Setting parameters on the column instances.\n<li>Rotating the column instances.\n<li>Creating groups.\n</li></li></li></li></ul>\n<p>You can see some of the others from the performance report displayed above.\n\n<p>Here is an example showing how easy it is to add a performance timer for a specific method and which generates the corresponding entry for Document.Rotate in the report listed above:\n\n<pre class=\"code\">\n  <span class=\"blue\">using</span>( <span class=\"teal\">PerfTimer</span> profiler \n    = <span class=\"blue\">new</span> <span class=\"teal\">PerfTimer</span>( <span class=\"maroon\">\"Document.Rotate\"</span> ) )\n  {\n    rotated = m_document.Rotate( \n      element, axis, dAngle );\n  }\n</pre>\n<a name=\"manual_regen\"></a>\n<h4>Manual Regeneration Mode</h4>\n<p>Another interesting issue that Marcelo encountered concerns the regeneration mode.\nThe regeneration mode for this command is set to Manual, which implies that Revit does not automatically regenerate the model after each modification.\nInstead, we are responsible for doing this ourselves manually by calling doc.Regenerate when required from within our plug-in:\n\n<p><strong>[M]</strong> If I set the regeneration mode to Manual, I need to call SetLocationPoint a second time after the call to Rotate, otherwise the column is modelled in a wrong position. \n\n<p><strong>[J]</strong> Try calling doc.Regenerate after modifying things before trying to read the results, or use automatic regeneration.\n\n<p><strong>[M]</strong> If I call doc.Regenerate after creating each column it works fine, so it is not necessary to set the start point twice anymore.\n\n<p>I cleaned it up bit more and deleted the unused SetLocationPoint method.\n\nBut doc.Regenerate is now called hundreds of times which causes a new delay. Is it ok to do this, or do you suggest some other alternative?\n\n<p><strong>[J]</strong> Yes, of course you should avoid calling doc.Regenerate hundreds of times if possible.\nYou should only call it at all if you have the following situation:\n\n<ol>\n<li>You have modified the model AND\n<li>You need to query the modified model.\n</li></li></ol>\n<p>I would assume that it is better to avoid this, or, if not possible, to make all the modifications in one go, then call doc.Regenerate once only, and then perform all the queries at once in a single second step.\nThis is a pure untested assumption at this time and needs testing and benchmarking.\n\n<h4>Generic Programming with Anonymous Methods</h4>\n<p>I am really getting into these neat little anonymous methods that go so well with the new LINQ and generic methods.\nIf you look at the little report above, you will note that I print the percentage of the total time used at the beginning of the line.\nI put it in that order to make it easy to sort the lines by percentage, since that is the most important aspect of the profiling results.\nI also wanted to add those separator lines and make them long enough to span the longest lines, but not too long.\nSo what is the maximum line length? \nHow can I ask the compiler to calculate the longest line length for me?\nUsing a generic template algorithm and an anonymous method, this is really easy:\n\n<pre class=\"code\">\n  <span class=\"blue\">string</span> header = \n    <span class=\"maroon\">\" Percentage   Seconds   Calls   Process\"</span>;\n \n  <span class=\"blue\">int</span> n = <span class=\"teal\">Math</span>.Max( header.Length, \n    lines.Max&lt;<span class=\"blue\">string</span>&gt;( x =&gt; x.Length ) );\n</pre>\n<p>Rather sweet, isn't it? The Max template algorithm takes a \n\n<a href=\"http://en.csharp-online.net/CSharp_Coding_Solutions%E2%80%94Understanding_and_Using_Functors\">\nfunctor</a> \n\nwhich transforms each string element into an integer, and then returns the maximum integer value as its result.\nIn this case, the functor is implemented using an \n\n<a href=\"http://en.wikipedia.org/wiki/Anonymous_function\">\nanonymous</a> or\n\n<a href=\"http://en.wikipedia.org/wiki/Anonymous_function\">\nlambda function</a>.\n\n<p>You will be seeing a lot more of these in upcoming posts, since I like to use them for succinctly post-processing Revit API filter collector results.\nI have already benchmarked some variations and established that they are neither more nor less effective than other mechanisms.\nBut once again I am getting ahead of myself and will slow down a bit.\nMore on this anon.\n\n<h4>Download</h4>\n<p>Here is the complete \n\n<a href=\"zip/ModelColumns.zip\">\nModelColumns</a>\n\nsource code and Visual Studio solution after the numerous iterations back and forth between Marcelo and Jeremy to perfect various aspects.</p>\n<p>Very many thanks to Marcelo for initiating the topic, sharing his code, the fruitful discussion and the many code improvement iterations!\n\n<p>I am very much looking forward to making use of this system to benchmark and compare the numerous different approaches that can be chosen to make use of the new Revit 2011 API functionality.\nI hope it will be useful for you as well, and may all your solutions be optimal.\n</p></p></p></p></p></p></p></p></p></p></p></p></p></p></p></p></p></p></p></p></p></p></p></p></p></p></p></p></p></p></p></p></p></p></p></p></p>"
  },
  {
    "original_filename": "0332_performance_profiling",
    "header_text": "Profiling Tool",
    "local_header_href": "#profiling-tool",
    "chunk_text": "<h4>Profiling Tool</h4><p>So in order to enable you to immediately do some research on and profiling of the new filtering on your own, I want to get this basic profiling tool set up and available to you as soon as possible.\nThis post was prompted by Marcelo Quevedo of\n\n<a href=\"http://www.hsb-cad.com\">\nhsbSOFT</a>, \n\nstarting with the following conversation:\n\n<p><strong>[M]</strong> I am investigating performance, because we received a huge Revit file and our framing Revit command is spending too much time on it.\n\n<p>I am using a very manual mode to identify the delays. \nI created a timer by using the QueryPerformanceCounter and QueryPerformanceFrequency methods from the Windows Kernel32.dll.\n\n<p>I call the timer and add the seconds for each call to some of the Revit API functions.\n\n<p>I tried to use the JetBrains dotTrace  profiling tool for .Net, but it doesnt work with Revit 2011.\nIf you know of a profiling tool that works with Revit 2011, please let me know.\n\n<p><strong>[J]</strong> Thank you very much for your nice manual profiling tools and examples!\n\n<p>No, I do not know of a profiling tool that works for Revit, which is why I was curious.\n\n<p>By the way, I am sure that you can simplify the calling and usage of the timer very significantly \nby some clever use of constructors and destructors.\n\n<p><strong>[M]</strong> I followed your recommendations and changed the timer. \nInstead of using a clever destructor, I am using the System.IDisposable interface so that you can use the using statement to identify the delay of a source code \nportion. \n\n<p>I attached a C# project in which this manual profiling tool is used. \nThis project defines a simple Revit command that creates hundreds of structural columns and groups them in order to test the delay in various Revit API methods.\nHere are the resulting two groups:</p>\n<center>\n<img alt=\"Profiling model groups\" src=\"img/profiling_model_groups.png\"/>\n</center>\n<p>Here are the columns, which are only visible individually when we zoom in a bit closer:</p>\n<center>\n<img alt=\"Profiling columns\" src=\"img/profiling_columns.png\"/>\n</center>\n<p>The performance timer implementation makes use of the CodeProject\n\n<a href=\"http://www.codeproject.com/KB/cs/highperformancetimercshar.aspx\">\nHigh-Performance Timer in C#</a>.\n\n<p><strong>[J]</strong> I cleaned it up a bit more:\n\n<ul>\n<li>Modified the collection to use a dictionary instead of manually searching for entries by key.\n<li>Rewrote the GetColumnType and GetLevels methods.\n<li>Sorted the output by percentage of time.\n</li></li></li></ul>\n<p>Here is the implementation of the basic Timer class that we use:\n\n<pre class=\"code\">\n<span class=\"blue\">public</span> <span class=\"blue\">class</span> <span class=\"teal\">Timer</span>\n{\n  [<span class=\"teal\">DllImport</span>( <span class=\"maroon\">\"Kernel32.dll\"</span> )]\n  <span class=\"blue\">private</span> <span class=\"blue\">static</span> <span class=\"blue\">extern</span> <span class=\"blue\">bool</span> QueryPerformanceCounter(\n    <span class=\"blue\">out</span> <span class=\"blue\">long</span> lpPerformanceCount );\n \n  [<span class=\"teal\">DllImport</span>( <span class=\"maroon\">\"Kernel32.dll\"</span> )]\n  <span class=\"blue\">private</span> <span class=\"blue\">static</span> <span class=\"blue\">extern</span> <span class=\"blue\">bool</span> QueryPerformanceFrequency(\n    <span class=\"blue\">out</span> <span class=\"blue\">long</span> lpFrequency );\n \n  <span class=\"blue\">private</span> <span class=\"blue\">long</span> startTime, stopTime;\n  <span class=\"blue\">private</span> <span class=\"blue\">long</span> freq;\n \n  <span class=\"gray\">///</span><span class=\"green\"> </span><span class=\"gray\">&lt;summary&gt;</span>\n  <span class=\"gray\">///</span><span class=\"green\"> Constructor</span>\n  <span class=\"gray\">///</span><span class=\"green\"> </span><span class=\"gray\">&lt;/summary&gt;</span>\n  <span class=\"blue\">public</span> Timer()\n  {\n    startTime = 0;\n    stopTime = 0;\n    <span class=\"blue\">if</span>( !QueryPerformanceFrequency( <span class=\"blue\">out</span> freq ) )\n    {\n      <span class=\"blue\">throw</span> <span class=\"blue\">new</span> <span class=\"teal\">Win32Exception</span>(\n        <span class=\"maroon\">\"high-performance counter not supported\"</span> );\n    }\n  }\n \n  <span class=\"gray\">///</span><span class=\"green\"> </span><span class=\"gray\">&lt;summary&gt;</span>\n  <span class=\"gray\">///</span><span class=\"green\"> Start the timer</span>\n  <span class=\"gray\">///</span><span class=\"green\"> </span><span class=\"gray\">&lt;/summary&gt;</span>\n  <span class=\"blue\">public</span> <span class=\"blue\">void</span> Start()\n  {\n    <span class=\"teal\">Thread</span>.Sleep( 0 ); <span class=\"green\">// let waiting threads work</span>\n    QueryPerformanceCounter( <span class=\"blue\">out</span> startTime );\n  }\n \n  <span class=\"gray\">///</span><span class=\"green\"> </span><span class=\"gray\">&lt;summary&gt;</span>\n  <span class=\"gray\">///</span><span class=\"green\">Stop the timer </span>\n  <span class=\"gray\">///</span><span class=\"green\"> </span><span class=\"gray\">&lt;/summary&gt;</span>\n  <span class=\"blue\">public</span> <span class=\"blue\">void</span> Stop()\n  {\n    QueryPerformanceCounter( <span class=\"blue\">out</span> stopTime );\n  }\n \n  <span class=\"gray\">///</span><span class=\"green\"> </span><span class=\"gray\">&lt;summary&gt;</span>\n  <span class=\"gray\">///</span><span class=\"green\"> Return the duration of the timer in seconds</span>\n  <span class=\"gray\">///</span><span class=\"green\"> </span><span class=\"gray\">&lt;/summary&gt;</span>\n  <span class=\"blue\">public</span> <span class=\"blue\">double</span> Duration\n  {\n    <span class=\"blue\">get</span>\n    {\n      <span class=\"blue\">return</span> ( <span class=\"blue\">double</span> ) ( stopTime - startTime )\n        / ( <span class=\"blue\">double</span> ) freq;\n    }\n  }\n}\n</pre>\n<p>Marcelo implemented a PerfTimer class add some syntactic sugar and the IDisposable wrapper to the Timer class and make it easier and more automatic to start and stop for a specific call with a minimum of effort and coding. Here is the PerfTimer implementation:\n\n<pre class=\"code\">\n<span class=\"blue\">public</span> <span class=\"blue\">class</span> <span class=\"teal\">PerfTimer</span> : <span class=\"teal\">IDisposable</span>\n{\n  <span class=\"blue\">private</span> <span class=\"blue\">string</span> _key;\n  <span class=\"blue\">private</span> <span class=\"teal\">Timer</span> _timer;\n  <span class=\"blue\">private</span> <span class=\"blue\">double</span> _duration = 0;\n \n  <span class=\"gray\">///</span><span class=\"green\"> </span><span class=\"gray\">&lt;summary&gt;</span>\n  <span class=\"gray\">///</span><span class=\"green\"> Gets time in seconds</span>\n  <span class=\"gray\">///</span><span class=\"green\"> </span><span class=\"gray\">&lt;/summary&gt;</span>\n  <span class=\"blue\">public</span> <span class=\"blue\">double</span> Duration\n  {\n    <span class=\"blue\">get</span> { <span class=\"blue\">return</span> _duration; }\n  }\n  <span class=\"gray\">///</span><span class=\"green\"> </span><span class=\"gray\">&lt;summary&gt;</span>\n  <span class=\"gray\">///</span><span class=\"green\"> Performance timer</span>\n  <span class=\"gray\">///</span><span class=\"green\"> </span><span class=\"gray\">&lt;/summary&gt;</span>\n  <span class=\"gray\">///</span><span class=\"green\"> </span><span class=\"gray\">&lt;param name=\"what_are_we_testing_here\"&gt;</span>\n  <span class=\"gray\">///</span><span class=\"green\"> Key describing code to be timed</span><span class=\"gray\">&lt;/param&gt;</span>\n  <span class=\"blue\">public</span> PerfTimer( <span class=\"blue\">string</span> what_are_we_testing_here )\n  {\n    _key = what_are_we_testing_here;\n    _timer = <span class=\"blue\">new</span> <span class=\"teal\">Timer</span>();\n    _timer.Start(); <span class=\"green\">//starts the time</span>\n  }\n \n  <span class=\"blue\">void</span> <span class=\"teal\">IDisposable</span>.Dispose()\n  {\n    <span class=\"green\">// When the using statement block finishes, </span>\n    <span class=\"green\">// the timer is stopped, and the time is </span>\n    <span class=\"green\">// registered</span>\n \n    _timer.Stop();\n    _duration = _timer.Duration;\n    <span class=\"teal\">TimeRegister</span>.AddTime( _key, _duration );\n  }\n}\n</pre>\n<p>After preparing all this, I noticed the following comment on the CodeProject Timer class: \"System.Diagnostics.Stopwatch class: .NET 2.0 now provides this functionality as part of the framework. See class: System.Diagnostics.Stopwatch in System.dll.\"\nI rewrote the PerfTimer class to make use of the built-in stopwatch instead of reinventing the wheel, and it now looks like this:\n\n<pre class=\"code\">\n<span class=\"blue\">public</span> <span class=\"blue\">class</span> <span class=\"teal\">PerfTimer</span> : <span class=\"teal\">IDisposable</span>\n{\n<span class=\"grey\">  #region Internal TimeRegistry class\n  // . . .\n  #endregion // Internal TimeRegistry class</span>\n \n  <span class=\"blue\">string</span> _key;\n  <span class=\"teal\">Stopwatch</span> _timer;\n  <span class=\"blue\">double</span> _duration = 0;\n \n  <span class=\"gray\">///</span><span class=\"green\"> </span><span class=\"gray\">&lt;summary&gt;</span>\n  <span class=\"gray\">///</span><span class=\"green\"> Performance timer</span>\n  <span class=\"gray\">///</span><span class=\"green\"> </span><span class=\"gray\">&lt;/summary&gt;</span>\n  <span class=\"gray\">///</span><span class=\"green\"> </span><span class=\"gray\">&lt;param name=\"what_are_we_testing_here\"&gt;</span>\n  <span class=\"gray\">///</span><span class=\"green\"> Key describing code to be timed</span><span class=\"gray\">&lt;/param&gt;</span>\n  <span class=\"blue\">public</span> PerfTimer( <span class=\"blue\">string</span> what_are_we_testing_here )\n  {\n    _key = what_are_we_testing_here;\n    _timer = <span class=\"teal\">Stopwatch</span>.StartNew();\n  }\n \n  <span class=\"gray\">///</span><span class=\"green\"> </span><span class=\"gray\">&lt;summary&gt;</span>\n  <span class=\"gray\">///</span><span class=\"green\"> Automatic disposal when the the using statement </span>\n  <span class=\"gray\">///</span><span class=\"green\"> block finishes: the timer is stopped and the </span>\n  <span class=\"gray\">///</span><span class=\"green\"> time is registered.</span>\n  <span class=\"gray\">///</span><span class=\"green\"> </span><span class=\"gray\">&lt;/summary&gt;</span>\n  <span class=\"blue\">void</span> <span class=\"teal\">IDisposable</span>.Dispose()\n  {\n    _timer.Stop();\n    _duration = _timer.Elapsed.TotalSeconds;\n    <span class=\"teal\">TimeRegistry</span>.AddTime( _key, _duration );\n  }\n \n  <span class=\"blue\">public</span> <span class=\"blue\">void</span> Report()\n  {\n    <span class=\"teal\">TimeRegistry</span>.WriteResults( _duration );\n  }\n}\n</pre>\n<p>The internal TimeRegistry class was initially defined by Marcelo  and manages a collection of individual timer instances for measuring the time required by the various different Revit API methods.\nI pretty much rewrote it from scratch in various iterations.\nAt the end of the session, it reports the total times of the various operations, for instance like this:\n\n<pre>\n-----------------------------------------------------------\n Percentage   Seconds   Calls   Process\n-----------------------------------------------------------\n      2.76%      0.90    7200   Parameter.Set\n      3.29%      1.07    1200   NewFamilyInstance\n     15.44%      5.04       1   Creation.Document.NewGroup\n     18.02%      5.89    1200   Document.Rotate\n     59.19%     19.33    1201   Document.Regenerate\n    100.00%     32.67       1   TOTAL TIME\n-----------------------------------------------------------\n</pre>\n<p>The command mainline Execute method driving the whole operation now looks like this:\n\n<pre class=\"code\">\n<span class=\"blue\">public</span> <span class=\"teal\">Result</span> Execute( \n  <span class=\"teal\">ExternalCommandData</span> commandData, \n  <span class=\"blue\">ref</span> <span class=\"blue\">string</span> message, \n  <span class=\"teal\">ElementSet</span> elements )\n{\n  <span class=\"teal\">Result</span> result = <span class=\"teal\">Result</span>.Failed;\n  <span class=\"blue\">try</span>\n  {\n    m_document = commandData.Application.ActiveUIDocument.Document;\n    m_createDoc = m_document.Create;\n \n    <span class=\"green\">// Keep track of the total time used:</span>\n \n    <span class=\"teal\">PerfTimer</span> ptTotalTime = <span class=\"blue\">new</span> <span class=\"teal\">PerfTimer</span>( <span class=\"maroon\">\"TOTAL TIME\"</span> );\n    <span class=\"blue\">using</span>( ptTotalTime )\n    {\n      ModelColumns();\n      <span class=\"blue\">using</span>( <span class=\"teal\">PerfTimer</span> pt = <span class=\"blue\">new</span> <span class=\"teal\">PerfTimer</span>( <span class=\"maroon\">\"Document.Regenerate\"</span> ) )\n      {\n        m_document.Regenerate();\n      }\n    }\n \n    <span class=\"green\">// Report all resulting time delays in a text file:</span>\n \n    ptTotalTime.Report();\n    result = <span class=\"teal\">Result</span>.Succeeded;\n  }\n  <span class=\"blue\">catch</span>( System.<span class=\"teal\">Exception</span> e )\n  {\n    message = e.Message;\n    result = <span class=\"teal\">Result</span>.Failed;\n  }\n  <span class=\"blue\">return</span> result;\n}\n</pre>\n<p>As you can see, it defines a top level performance time measuring the total time, which includes all the detailed time measurements for the individual methods.\n\n<p>All the real action takes place in the ModelColumns method.\n\n<p>Some of the actions performed and timed by ModelColumns include:\n\n<ul>\n<li>Creating a large number of column instances.\n<li>Setting parameters on the column instances.\n<li>Rotating the column instances.\n<li>Creating groups.\n</li></li></li></li></ul>\n<p>You can see some of the others from the performance report displayed above.\n\n<p>Here is an example showing how easy it is to add a performance timer for a specific method and which generates the corresponding entry for Document.Rotate in the report listed above:\n\n<pre class=\"code\">\n  <span class=\"blue\">using</span>( <span class=\"teal\">PerfTimer</span> profiler \n    = <span class=\"blue\">new</span> <span class=\"teal\">PerfTimer</span>( <span class=\"maroon\">\"Document.Rotate\"</span> ) )\n  {\n    rotated = m_document.Rotate( \n      element, axis, dAngle );\n  }\n</pre>\n<a name=\"manual_regen\"></a>\n<h4>Manual Regeneration Mode</h4>\n<p>Another interesting issue that Marcelo encountered concerns the regeneration mode.\nThe regeneration mode for this command is set to Manual, which implies that Revit does not automatically regenerate the model after each modification.\nInstead, we are responsible for doing this ourselves manually by calling doc.Regenerate when required from within our plug-in:\n\n<p><strong>[M]</strong> If I set the regeneration mode to Manual, I need to call SetLocationPoint a second time after the call to Rotate, otherwise the column is modelled in a wrong position. \n\n<p><strong>[J]</strong> Try calling doc.Regenerate after modifying things before trying to read the results, or use automatic regeneration.\n\n<p><strong>[M]</strong> If I call doc.Regenerate after creating each column it works fine, so it is not necessary to set the start point twice anymore.\n\n<p>I cleaned it up bit more and deleted the unused SetLocationPoint method.\n\nBut doc.Regenerate is now called hundreds of times which causes a new delay. Is it ok to do this, or do you suggest some other alternative?\n\n<p><strong>[J]</strong> Yes, of course you should avoid calling doc.Regenerate hundreds of times if possible.\nYou should only call it at all if you have the following situation:\n\n<ol>\n<li>You have modified the model AND\n<li>You need to query the modified model.\n</li></li></ol>\n<p>I would assume that it is better to avoid this, or, if not possible, to make all the modifications in one go, then call doc.Regenerate once only, and then perform all the queries at once in a single second step.\nThis is a pure untested assumption at this time and needs testing and benchmarking.\n\n<h4>Generic Programming with Anonymous Methods</h4>\n<p>I am really getting into these neat little anonymous methods that go so well with the new LINQ and generic methods.\nIf you look at the little report above, you will note that I print the percentage of the total time used at the beginning of the line.\nI put it in that order to make it easy to sort the lines by percentage, since that is the most important aspect of the profiling results.\nI also wanted to add those separator lines and make them long enough to span the longest lines, but not too long.\nSo what is the maximum line length? \nHow can I ask the compiler to calculate the longest line length for me?\nUsing a generic template algorithm and an anonymous method, this is really easy:\n\n<pre class=\"code\">\n  <span class=\"blue\">string</span> header = \n    <span class=\"maroon\">\" Percentage   Seconds   Calls   Process\"</span>;\n \n  <span class=\"blue\">int</span> n = <span class=\"teal\">Math</span>.Max( header.Length, \n    lines.Max&lt;<span class=\"blue\">string</span>&gt;( x =&gt; x.Length ) );\n</pre>\n<p>Rather sweet, isn't it? The Max template algorithm takes a \n\n<a href=\"http://en.csharp-online.net/CSharp_Coding_Solutions%E2%80%94Understanding_and_Using_Functors\">\nfunctor</a> \n\nwhich transforms each string element into an integer, and then returns the maximum integer value as its result.\nIn this case, the functor is implemented using an \n\n<a href=\"http://en.wikipedia.org/wiki/Anonymous_function\">\nanonymous</a> or\n\n<a href=\"http://en.wikipedia.org/wiki/Anonymous_function\">\nlambda function</a>.\n\n<p>You will be seeing a lot more of these in upcoming posts, since I like to use them for succinctly post-processing Revit API filter collector results.\nI have already benchmarked some variations and established that they are neither more nor less effective than other mechanisms.\nBut once again I am getting ahead of myself and will slow down a bit.\nMore on this anon.\n\n<h4>Download</h4>\n<p>Here is the complete \n\n<a href=\"zip/ModelColumns.zip\">\nModelColumns</a>\n\nsource code and Visual Studio solution after the numerous iterations back and forth between Marcelo and Jeremy to perfect various aspects.</p>\n<p>Very many thanks to Marcelo for initiating the topic, sharing his code, the fruitful discussion and the many code improvement iterations!\n\n<p>I am very much looking forward to making use of this system to benchmark and compare the numerous different approaches that can be chosen to make use of the new Revit 2011 API functionality.\nI hope it will be useful for you as well, and may all your solutions be optimal.\n</p></p></p></p></p></p></p></p></p></p></p></p></p></p></p></p></p></p></p></p></p></p></p></p></p></p></p></p></p></p></p></p></p>"
  },
  {
    "original_filename": "0332_performance_profiling",
    "header_text": "Manual Regeneration Mode",
    "local_header_href": "#manual-regeneration-mode",
    "chunk_text": "<h4>Manual Regeneration Mode</h4><p>Another interesting issue that Marcelo encountered concerns the regeneration mode.\nThe regeneration mode for this command is set to Manual, which implies that Revit does not automatically regenerate the model after each modification.\nInstead, we are responsible for doing this ourselves manually by calling doc.Regenerate when required from within our plug-in:\n\n<p><strong>[M]</strong> If I set the regeneration mode to Manual, I need to call SetLocationPoint a second time after the call to Rotate, otherwise the column is modelled in a wrong position. \n\n<p><strong>[J]</strong> Try calling doc.Regenerate after modifying things before trying to read the results, or use automatic regeneration.\n\n<p><strong>[M]</strong> If I call doc.Regenerate after creating each column it works fine, so it is not necessary to set the start point twice anymore.\n\n<p>I cleaned it up bit more and deleted the unused SetLocationPoint method.\n\nBut doc.Regenerate is now called hundreds of times which causes a new delay. Is it ok to do this, or do you suggest some other alternative?\n\n<p><strong>[J]</strong> Yes, of course you should avoid calling doc.Regenerate hundreds of times if possible.\nYou should only call it at all if you have the following situation:\n\n<ol>\n<li>You have modified the model AND\n<li>You need to query the modified model.\n</li></li></ol>\n<p>I would assume that it is better to avoid this, or, if not possible, to make all the modifications in one go, then call doc.Regenerate once only, and then perform all the queries at once in a single second step.\nThis is a pure untested assumption at this time and needs testing and benchmarking.\n\n<h4>Generic Programming with Anonymous Methods</h4>\n<p>I am really getting into these neat little anonymous methods that go so well with the new LINQ and generic methods.\nIf you look at the little report above, you will note that I print the percentage of the total time used at the beginning of the line.\nI put it in that order to make it easy to sort the lines by percentage, since that is the most important aspect of the profiling results.\nI also wanted to add those separator lines and make them long enough to span the longest lines, but not too long.\nSo what is the maximum line length? \nHow can I ask the compiler to calculate the longest line length for me?\nUsing a generic template algorithm and an anonymous method, this is really easy:\n\n<pre class=\"code\">\n  <span class=\"blue\">string</span> header = \n    <span class=\"maroon\">\" Percentage   Seconds   Calls   Process\"</span>;\n \n  <span class=\"blue\">int</span> n = <span class=\"teal\">Math</span>.Max( header.Length, \n    lines.Max&lt;<span class=\"blue\">string</span>&gt;( x =&gt; x.Length ) );\n</pre>\n<p>Rather sweet, isn't it? The Max template algorithm takes a \n\n<a href=\"http://en.csharp-online.net/CSharp_Coding_Solutions%E2%80%94Understanding_and_Using_Functors\">\nfunctor</a> \n\nwhich transforms each string element into an integer, and then returns the maximum integer value as its result.\nIn this case, the functor is implemented using an \n\n<a href=\"http://en.wikipedia.org/wiki/Anonymous_function\">\nanonymous</a> or\n\n<a href=\"http://en.wikipedia.org/wiki/Anonymous_function\">\nlambda function</a>.\n\n<p>You will be seeing a lot more of these in upcoming posts, since I like to use them for succinctly post-processing Revit API filter collector results.\nI have already benchmarked some variations and established that they are neither more nor less effective than other mechanisms.\nBut once again I am getting ahead of myself and will slow down a bit.\nMore on this anon.\n\n<h4>Download</h4>\n<p>Here is the complete \n\n<a href=\"zip/ModelColumns.zip\">\nModelColumns</a>\n\nsource code and Visual Studio solution after the numerous iterations back and forth between Marcelo and Jeremy to perfect various aspects.</p>\n<p>Very many thanks to Marcelo for initiating the topic, sharing his code, the fruitful discussion and the many code improvement iterations!\n\n<p>I am very much looking forward to making use of this system to benchmark and compare the numerous different approaches that can be chosen to make use of the new Revit 2011 API functionality.\nI hope it will be useful for you as well, and may all your solutions be optimal.\n</p></p></p></p></p></p></p></p></p></p></p></p>"
  },
  {
    "original_filename": "0332_performance_profiling",
    "header_text": "Generic Programming with Anonymous Methods",
    "local_header_href": "#generic-programming-with-anonymous-methods",
    "chunk_text": "<h4>Generic Programming with Anonymous Methods</h4><p>I am really getting into these neat little anonymous methods that go so well with the new LINQ and generic methods.\nIf you look at the little report above, you will note that I print the percentage of the total time used at the beginning of the line.\nI put it in that order to make it easy to sort the lines by percentage, since that is the most important aspect of the profiling results.\nI also wanted to add those separator lines and make them long enough to span the longest lines, but not too long.\nSo what is the maximum line length? \nHow can I ask the compiler to calculate the longest line length for me?\nUsing a generic template algorithm and an anonymous method, this is really easy:\n\n<pre class=\"code\">\n  <span class=\"blue\">string</span> header = \n    <span class=\"maroon\">\" Percentage   Seconds   Calls   Process\"</span>;\n \n  <span class=\"blue\">int</span> n = <span class=\"teal\">Math</span>.Max( header.Length, \n    lines.Max&lt;<span class=\"blue\">string</span>&gt;( x =&gt; x.Length ) );\n</pre>\n<p>Rather sweet, isn't it? The Max template algorithm takes a \n\n<a href=\"http://en.csharp-online.net/CSharp_Coding_Solutions%E2%80%94Understanding_and_Using_Functors\">\nfunctor</a> \n\nwhich transforms each string element into an integer, and then returns the maximum integer value as its result.\nIn this case, the functor is implemented using an \n\n<a href=\"http://en.wikipedia.org/wiki/Anonymous_function\">\nanonymous</a> or\n\n<a href=\"http://en.wikipedia.org/wiki/Anonymous_function\">\nlambda function</a>.\n\n<p>You will be seeing a lot more of these in upcoming posts, since I like to use them for succinctly post-processing Revit API filter collector results.\nI have already benchmarked some variations and established that they are neither more nor less effective than other mechanisms.\nBut once again I am getting ahead of myself and will slow down a bit.\nMore on this anon.\n\n<h4>Download</h4>\n<p>Here is the complete \n\n<a href=\"zip/ModelColumns.zip\">\nModelColumns</a>\n\nsource code and Visual Studio solution after the numerous iterations back and forth between Marcelo and Jeremy to perfect various aspects.</p>\n<p>Very many thanks to Marcelo for initiating the topic, sharing his code, the fruitful discussion and the many code improvement iterations!\n\n<p>I am very much looking forward to making use of this system to benchmark and compare the numerous different approaches that can be chosen to make use of the new Revit 2011 API functionality.\nI hope it will be useful for you as well, and may all your solutions be optimal.\n</p></p></p></p></p>"
  },
  {
    "original_filename": "0332_performance_profiling",
    "header_text": "Download",
    "local_header_href": "#download",
    "chunk_text": "<h4>Download</h4><p>Here is the complete \n\n<a href=\"zip/ModelColumns.zip\">\nModelColumns</a>\n\nsource code and Visual Studio solution after the numerous iterations back and forth between Marcelo and Jeremy to perfect various aspects.</p><p>Very many thanks to Marcelo for initiating the topic, sharing his code, the fruitful discussion and the many code improvement iterations!\n\n<p>I am very much looking forward to making use of this system to benchmark and compare the numerous different approaches that can be chosen to make use of the new Revit 2011 API functionality.\nI hope it will be useful for you as well, and may all your solutions be optimal.\n</p></p>"
  }
]