[
  {
    "original_filename": "0341_revit_2011_sdk",
    "header_text": "Introduction",
    "local_header_href": "#introduction",
    "chunk_text": "<head>\n<link href=\"bc.css\" rel=\"stylesheet\" type=\"text/css\"/>\n</head>"
  },
  {
    "original_filename": "0341_revit_2011_sdk",
    "header_text": "Public Revit 2011 SDK Posting",
    "local_header_href": "#public-revit-2011-sdk-posting",
    "chunk_text": "<h3>Public Revit 2011 SDK Posting</h3><p>The Revit 2011 SDK is now available on the public \n\n<a href=\"http://www.autodesk.com/developrevit\">Revit Developer Center</a> site.\n\n<p>Here are some of the last-minute changes documented between the beta version and this one:\n\n<h5>Refactored Document properties related to transactions</h5>\n<p>Two existing properties have been re-implemented to better complement the changes in the transaction framework:\n\n<ul>\n<li>Document.IsReadOnly indicates that a document is in read-only state, either temporarily or permanently. \nIf it is read-only, new transactions may not be started in that document, and thus the model cannot be modified.\n\n<li>Document.IsModifiable indicates whether a document is currently modifiable or not. \nA document is not modifiable if either there is no transaction currently open or due to some temporary state lock modification for a certain operation. \nTaken from another perspective, a transaction may be started only when document is not yet modifiable, and is also not read-only.\n</li></li></ul>\n<h5>FamilyHostingBehavior</h5>\n<p>The FamilyHostingBehavior enumeration represents the type of host a family expects. The value for a particular family can be obtained from the familys built-in parameter FAMILY_HOSTING_BEHAVIOR.\n\n<h5>FamilyInstance.Host property improved</h5>\n<p>The FamilyInstance.Host property will now return the host element of faced-hosted family instances. Previously it returned null.\n</p></p></p></p></p>"
  },
  {
    "original_filename": "0341_revit_2011_sdk",
    "header_text": "Refactored Document properties related to transactions",
    "local_header_href": "#refactored-document-properties-related-to-transactions",
    "chunk_text": "<h5>Refactored Document properties related to transactions</h5><p>Two existing properties have been re-implemented to better complement the changes in the transaction framework:\n\n<ul>\n<li>Document.IsReadOnly indicates that a document is in read-only state, either temporarily or permanently. \nIf it is read-only, new transactions may not be started in that document, and thus the model cannot be modified.\n\n<li>Document.IsModifiable indicates whether a document is currently modifiable or not. \nA document is not modifiable if either there is no transaction currently open or due to some temporary state lock modification for a certain operation. \nTaken from another perspective, a transaction may be started only when document is not yet modifiable, and is also not read-only.\n</li></li></ul>\n<h5>FamilyHostingBehavior</h5>\n<p>The FamilyHostingBehavior enumeration represents the type of host a family expects. The value for a particular family can be obtained from the familys built-in parameter FAMILY_HOSTING_BEHAVIOR.\n\n<h5>FamilyInstance.Host property improved</h5>\n<p>The FamilyInstance.Host property will now return the host element of faced-hosted family instances. Previously it returned null.\n</p></p></p>"
  },
  {
    "original_filename": "0341_revit_2011_sdk",
    "header_text": "FamilyHostingBehavior",
    "local_header_href": "#familyhostingbehavior",
    "chunk_text": "<h5>FamilyHostingBehavior</h5><p>The FamilyHostingBehavior enumeration represents the type of host a family expects. The value for a particular family can be obtained from the familys built-in parameter FAMILY_HOSTING_BEHAVIOR.\n\n<h5>FamilyInstance.Host property improved</h5>\n<p>The FamilyInstance.Host property will now return the host element of faced-hosted family instances. Previously it returned null.\n</p></p>"
  },
  {
    "original_filename": "0341_revit_2011_sdk",
    "header_text": "FamilyInstance.Host property improved",
    "local_header_href": "#familyinstancehost-property-improved",
    "chunk_text": "<h5>FamilyInstance.Host property improved</h5><p>The FamilyInstance.Host property will now return the host element of faced-hosted family instances. Previously it returned null.\n</p>"
  }
]