[
  {
    "original_filename": "0342_visual_studio_2010",
    "header_text": "Introduction",
    "local_header_href": "#introduction",
    "chunk_text": "<head>\n<link href=\"bc.css\" rel=\"stylesheet\" type=\"text/css\"/>\n</head>"
  },
  {
    "original_filename": "0342_visual_studio_2010",
    "header_text": "Debugging with Visual Studio 2010 and RvtSamples.txt Update",
    "local_header_href": "#debugging-with-visual-studio-2010-and-rvtsamplestxt-update",
    "chunk_text": "<h3>Debugging with Visual Studio 2010 and RvtSamples.txt Update</h3><p>Rod Howarth just published a description of a problem \n\n<a href=\"http://blog.rodhowarth.com/2010/04/revit-api-visual-studio-2010-and-revit.html\">\ndebugging a Revit 2011 add-in with Visual Studio 2010</a>.\n\nHe found a related thread on the Microsoft Connect Visual Studio discussion forum describing the\n\n<a href=\"http://connect.microsoft.com/VisualStudio/feedback/details/487949/debugging-external-application\">\nsame issue with Revit 2010</a>  and \n\npresenting a solution for it:\n\n<span style=\"color:darkblue\">\n<p>The issue that you are encountering is that Visual Studio 2010 is launching Revit under the default debugger (v4.0) but since you are building a project against the 2.0 framework (3.5 runs on the CLR 2.0) in order to correctly debug your Revit plugin, Visual Studio must launch Revit under the 2.0 debugger, not the 4.0. \n\n<p>You can either launch Revit and manually attach to the Revit process with your Revit plugin open (the debugger will automatically attach with the correct engine once the process has already started), or you can add a &lt;supportedRuntime&gt; attribute to the &lt;startup&gt; section of the Revit.exe.config file that will allow Visual Studio to determine which debugger should be attached:\n\n</p></p></span>\n<p>As Rod says, the workaround is to edit your Revit.exe.config file which is located in the same directory as Revit.exe and add the following just before the &lt;/configuration&gt; part of it:\n\n<pre>\n&lt;startup&gt;\n&lt;supportedRuntime version=\"v2.0.50727\" /&gt;\n&lt;/startup&gt;\n</pre>\n<p>For more details, please refer to \n\n<a href=\"http://blog.rodhowarth.com/2010/04/revit-api-visual-studio-2010-and-revit.html\">\nRod's post</a>.\n\n\n<h4>RvtSamples.txt Update</h4>\n<p>In a separate thread, Rod also mentioned a problem loading the version of RvtSamples.txt included with the Revit 2011 SDK. \n\nThis is the text file read by the \n\n<a href=\"http://thebuildingcoder.typepad.com/blog/2008/09/loading-sdk-sam.html\">\nRvtSamples</a>\n\nSDK sample application \n\n(for <a href=\"http://thebuildingcoder.typepad.com/blog/2009/05/porting-the-building-coder-samples.html\">2010</a>)\n\nto load all the other Revit SDK sample commands as well as potentially process \n\n<a href=\"http://thebuildingcoder.typepad.com/blog/2008/11/loading-the-building-coder-samples.html\">\ninclude files</a> to \n\nload an additional set of own personal commands.\n\nI ran into the same issues Rod describes, so I thought it worthwhile to publish \n\n<span class=\"asset asset-generic at-xid-6a00e553e1689788330133ecb2e5b7970b\"><a href=\"http://thebuildingcoder.typepad.com/files/rvtsamples.txt\">my current version of RvtSamples.txt</a></span>\n\nfor Revit 2011 to save others the bother of having to explore what fixes need to be made.\n\n</p></p></p></p>"
  },
  {
    "original_filename": "0342_visual_studio_2010",
    "header_text": "RvtSamples.txt Update",
    "local_header_href": "#rvtsamplestxt-update",
    "chunk_text": "<h4>RvtSamples.txt Update</h4><p>In a separate thread, Rod also mentioned a problem loading the version of RvtSamples.txt included with the Revit 2011 SDK. \n\nThis is the text file read by the \n\n<a href=\"http://thebuildingcoder.typepad.com/blog/2008/09/loading-sdk-sam.html\">\nRvtSamples</a>\n\nSDK sample application \n\n(for <a href=\"http://thebuildingcoder.typepad.com/blog/2009/05/porting-the-building-coder-samples.html\">2010</a>)\n\nto load all the other Revit SDK sample commands as well as potentially process \n\n<a href=\"http://thebuildingcoder.typepad.com/blog/2008/11/loading-the-building-coder-samples.html\">\ninclude files</a> to \n\nload an additional set of own personal commands.\n\nI ran into the same issues Rod describes, so I thought it worthwhile to publish \n\n<span class=\"asset asset-generic at-xid-6a00e553e1689788330133ecb2e5b7970b\"><a href=\"http://thebuildingcoder.typepad.com/files/rvtsamples.txt\">my current version of RvtSamples.txt</a></span>\n\nfor Revit 2011 to save others the bother of having to explore what fixes need to be made.\n\n</p>"
  }
]