[
  {
    "original_filename": "0361_api_wishlist_survey",
    "header_text": "Introduction",
    "local_header_href": "#introduction",
    "chunk_text": "<head>\n<link href=\"bc.css\" rel=\"stylesheet\" type=\"text/css\"/>\n</head>"
  },
  {
    "original_filename": "0361_api_wishlist_survey",
    "header_text": "API Wishlist Survey",
    "local_header_href": "#api-wishlist-survey",
    "chunk_text": "<h3>API Wishlist Survey</h3><p>This year's \n\n<a href=\"http://through-the-interface.typepad.com/through_the_interface/2010/05/api-wishlist-surveys-for-autodesk-products.html\">\nAPI wishlist surveys</a> are \n\nnow ready for several Autodesk products, as Kean just pointed out, and will remain open until <strong>May 30<sup>th</sup>, 2010</strong>.\n\nHere is a direct link to the \n\n<a href=\"http://www.zoomerang.com/Survey/WEB22ALQSSG7LZ\">\nRevit API wishlist survey</a>.\n\n<p>The API wishlist surveys have a strong influence on the direction of the future API, as demonstrated by the \n\n<a href=\"http://thebuildingcoder.typepad.com/blog/2010/03/api-wish-list-survey-results.html\">\nresults</a> of \n\n<a href=\"http://thebuildingcoder.typepad.com/blog/2009/07/api-wishlist-survey.html\">\nlast year's Revit one</a>,\n\nso please take the time to fill it out. \n\n<p>To \n\n<a href=\"http://through-the-interface.typepad.com/through_the_interface/2010/05/api-wishlist-surveys-for-autodesk-products.html\">\nquote Kean</a>, \n\nit really is worth providing us with your input: it's one of the most direct ways to influence the direction of the Autodesk products you customize or for which you develop applications. \nTell us which APIs are most important to you: your feedback will not fall on deaf ears. \nAnd if you (optionally) provide your email address in the survey, Kean will send you a copy of the results once they've been compiled.\nThank you in advance for your feedback!\n</p></p></p>"
  }
]