[
  {
    "original_filename": "0373_addin_visibility_mode",
    "header_text": "Introduction",
    "local_header_href": "#introduction",
    "chunk_text": "<head>\n<link href=\"bc.css\" rel=\"stylesheet\" type=\"text/css\"/>\n</head>"
  },
  {
    "original_filename": "0373_addin_visibility_mode",
    "header_text": "Add-In Visibility Mode",
    "local_header_href": "#add-in-visibility-mode",
    "chunk_text": "<h3>Add-In Visibility Mode</h3><p>This Monday is the \n\n<a href=\"http://en.wikipedia.org/wiki/Pentecost\">\nPentecost holiday</a>\n\nin Neuchâtel.\nI  used it to make my first experiments using the add-in manifest visibility mode tag.\nThe developer guide has the following to say about it:\n\n<span style=\"color:darkblue\">\n<p>Provides the ability to specify if the command is visible in project documents, family documents, or no document at all.\n\n<p>Also provides the ability to specify the discipline(s) where the command should be visible. \nMultiple values may be set for this option. \nOptional; use this tag for ExternalCommands only. \nThe default is to display the command in all modes and disciplines, including when there is no active document. Previously written external commands which need to run against the active document should either be modified to ensure that the code deals with invocation of the command when there is no active document, or apply the NotVisibleWhenNoActiveDocument mode.\n\n</p></p></span>\n<p>It does not actually specify how to define multiple values for this tag, though.\nLuckily, the Code Region 3-9: 'Manifest .addin ExternalCommand' also provides an example of using it:\n\n<pre class=\"code\">\n<span class=\"blue\">&lt;?</span><span class=\"maroon\">xml</span><span class=\"blue\"> </span><span class=\"red\">version</span><span class=\"blue\">=</span>\"<span class=\"blue\">1.0</span>\"<span class=\"blue\"> </span><span class=\"red\">encoding</span><span class=\"blue\">=</span>\"<span class=\"blue\">utf-8</span>\"<span class=\"blue\"> </span><span class=\"red\">standalone</span><span class=\"blue\">=</span>\"<span class=\"blue\">no</span>\"<span class=\"blue\">?&gt;</span>\n<span class=\"blue\">&lt;</span><span class=\"maroon\">RevitAddIns</span><span class=\"blue\">&gt;</span>\n<span class=\"blue\">  &lt;</span><span class=\"maroon\">AddIn</span><span class=\"blue\"> </span><span class=\"red\">Type</span><span class=\"blue\">=</span>\"<span class=\"blue\">Command</span>\"<span class=\"blue\">&gt;</span>\n<span class=\"blue\">    &lt;</span><span class=\"maroon\">Assembly</span><span class=\"blue\">&gt;</span>c:\\MyProgram\\MyProgram.dll<span class=\"blue\">&lt;/</span><span class=\"maroon\">Assembly</span><span class=\"blue\">&gt;</span>\n<span class=\"blue\">    &lt;</span><span class=\"maroon\">AddInId</span><span class=\"blue\">&gt;</span>76eb700a-2c85-4888-a78d-31429ecae9ed<span class=\"blue\">&lt;/</span><span class=\"maroon\">AddInId</span><span class=\"blue\">&gt;</span>\n<span class=\"blue\">    &lt;</span><span class=\"maroon\">FullClassName</span><span class=\"blue\">&gt;</span>Revit.Samples.SampleCommand<span class=\"blue\">&lt;/</span><span class=\"maroon\">FullClassName</span><span class=\"blue\">&gt;</span>\n<span class=\"blue\">    &lt;</span><span class=\"maroon\">Text</span><span class=\"blue\">&gt;</span>Sample command<span class=\"blue\">&lt;/</span><span class=\"maroon\">Text</span><span class=\"blue\">&gt;</span>\n<span class=\"blue\">    &lt;</span><span class=\"maroon\">VisibilityMode</span><span class=\"blue\">&gt;</span>NotVisibleInFamily<span class=\"blue\">&lt;/</span><span class=\"maroon\">VisibilityMode</span><span class=\"blue\">&gt;</span>\n<span class=\"blue\">    &lt;</span><span class=\"maroon\">VisibilityMode</span><span class=\"blue\">&gt;</span>NotVisibleInMEP<span class=\"blue\">&lt;/</span><span class=\"maroon\">VisibilityMode</span><span class=\"blue\">&gt;</span>\n<span class=\"blue\">    &lt;</span><span class=\"maroon\">AvailabilityClassName</span><span class=\"blue\">&gt;</span>Revit.Samples.SampleAccessibilityCheck<span class=\"blue\">&lt;/</span><span class=\"maroon\">AvailabilityClassName</span><span class=\"blue\">&gt;</span>\n<span class=\"blue\">    &lt;</span><span class=\"maroon\">LongDescription</span><span class=\"blue\">&gt;</span>\n<span class=\"blue\">      &lt;</span><span class=\"maroon\">p</span><span class=\"blue\">&gt;</span>This is the long description for my command.<span class=\"blue\">&lt;/</span><span class=\"maroon\">p</span><span class=\"blue\">&gt;</span>\n<span class=\"blue\">      &lt;</span><span class=\"maroon\">p</span><span class=\"blue\">&gt;</span>This is another descriptive paragraph, with notes about how to use the command properly.<span class=\"blue\">&lt;/</span><span class=\"maroon\">p</span><span class=\"blue\">&gt;</span>\n<span class=\"blue\">    &lt;/</span><span class=\"maroon\">LongDescription</span><span class=\"blue\">&gt;</span>\n<span class=\"blue\">    &lt;</span><span class=\"maroon\">TooltipImage</span><span class=\"blue\">&gt;</span>c:\\MyProgram\\Autodesk.jpg<span class=\"blue\">&lt;/</span><span class=\"maroon\">TooltipImage</span><span class=\"blue\">&gt;</span>\n<span class=\"blue\">    &lt;</span><span class=\"maroon\">LargeImage</span><span class=\"blue\">&gt;</span>c:\\MyProgram\\MyProgramIcon.png<span class=\"blue\">&lt;/</span><span class=\"maroon\">LargeImage</span><span class=\"blue\">&gt;</span>\n<span class=\"blue\">  &lt;/</span><span class=\"maroon\">AddIn</span><span class=\"blue\">&gt;</span>\n<span class=\"blue\">&lt;/</span><span class=\"maroon\">RevitAddIns</span><span class=\"blue\">&gt;</span>\n</pre>\n<p>If the lines are truncated, please copy them to an editor to see them in full.\n\n<h4>VisibilityMode Enumeration</h4>\n<p>The list of all the possible values to use in this tag is currently not provided explicit in the API documentation, but we will be adding that information anon.\nThe values to use are simply the string representations of the VisibilityMode enumeration values, some of which are used in Code Region 3-11: 'Creating and editing a manifest file' in the developer guide:\n\n<pre class=\"code\">\n  <span class=\"green\">// this command only visible in Revit MEP, </span>\n  <span class=\"green\">// Structure, and only visible in Project </span>\n  <span class=\"green\">// document or when no document at all:</span>\n  command1.VisibilityMode \n    = VisibilityMode.NotVisibleInArchitecture \n    | VisibilityMode.NotVisibleInFamily;\n</pre>\n<p>The VisibilityMode enumeration is documented in the \n\n<a href=\"http://thebuildingcoder.typepad.com/blog/2010/04/revitaddinutility.html\">\nRevitAddInUtility</a> help file \n\nRevitAddInUtility.chm located in the SDK folder, so the full list can be found there:\n\n<span style=\"color:darkblue\">\n<p>Describes the conditions under which a particular external command will be visible in the Revit UI. \n\n<h5>Members</h5>\n<ul>\n<li>AlwaysVisible: The command is available in all possible modes supported by the Revit API.\n<li>NotVisibleInProject: The command is invisible when there is a project document active.\n<li>NotVisibleInFamily: The command is invisible when there is a family document active.\n<li>NotVisibleWhenNoActiveDocument: The command is invisible when there is no active document.\n<li>NotVisibleInArchitecture: The command is invisible in Autodesk Revit Architecture.\n<li>NotVisibleInStructure: The command is invisible in Autodesk Revit Structure.\n<li>NotVisibleInMechanical: The command is invisible when the Mechanical discipline editing tools are available, e.g. in Autodesk Revit MEP.\n<li>NotVisibleInElectrical: The command is invisible when the Electrical discipline editing tools are available, e.g. in Autodesk Revit MEP.\n<li>NotVisibleInPlumbing: The command is invisible when the Plumbing discipline editing tools are available, e.g. in Autodesk Revit MEP.\n<li>NotVisibleInMEP: The command is invisible in Autodesk Revit MEP.\n</li></li></li></li></li></li></li></li></li></li></ul>\n<h5>Remarks</h5>\n<p>Note that there are a few conditions where the Revit API framework prevents commands from being available always:\n\n<ol>\n<li>When the user has another Revit command active, e.g. creating Windows, Doors, or editing sketches.\n<li>When the active view is in perspective mode, or when the view is a Legend, Schedule, Walkthrough, Material Takeoffs, Drawings Lists, View Lists, Note Blocks, View Lists, etc.\n<li>When the user is editing an in-place family.\n</li></li></li></ol>\n</p></p></span>\n<h4>Loose Connector Utility</h4>\n<p>Now I implemented a little utility to check for unconnected MEP connectors.\nSince my list of add-ins is continuously growing, I thought it might be about time to start hiding as many as possible of them when they are not needed.\nIn this case, I only want access to this utility in the Revit MEP project context, i.e. I wanted to hide it in all other modes:\n\n<ul>\n<li>Architecture\n<li>Family editor\n<li>Structure\n<li>No active document\n</li></li></li></li></ul>\n<p>Using the couple of values mentioned in the developer guide and simply guessing what the missing ones might be, I ended up with the following manifest file:\n\n<pre class=\"code\">\n<span class=\"blue\">&lt;?</span><span class=\"maroon\">xml</span><span class=\"blue\"> </span><span class=\"red\">version</span><span class=\"blue\">=</span>\"<span class=\"blue\">1.0</span>\"<span class=\"blue\"> </span><span class=\"red\">encoding</span><span class=\"blue\">=</span>\"<span class=\"blue\">utf-8</span>\"<span class=\"blue\"> </span><span class=\"red\">standalone</span><span class=\"blue\">=</span>\"<span class=\"blue\">no</span>\"<span class=\"blue\">?&gt;</span>\n<span class=\"blue\">&lt;</span><span class=\"maroon\">RevitAddIn</span><span class=\"blue\">&gt;</span>\n<span class=\"blue\">  &lt;</span><span class=\"maroon\">AddIn</span><span class=\"blue\"> </span><span class=\"red\">Type</span><span class=\"blue\">=</span>\"<span class=\"blue\">Command</span>\"<span class=\"blue\">&gt;</span>\n<span class=\"blue\">    &lt;</span><span class=\"maroon\">Text</span><span class=\"blue\">&gt;</span>Loose Connectors<span class=\"blue\">&lt;/</span><span class=\"maroon\">Text</span><span class=\"blue\">&gt;</span>\n<span class=\"blue\">    &lt;</span><span class=\"maroon\">Description</span><span class=\"blue\">&gt;</span>List all unconnected Revit MEP connectors<span class=\"blue\">&lt;/</span><span class=\"maroon\">Description</span><span class=\"blue\">&gt;</span>\n<span class=\"blue\">    &lt;</span><span class=\"maroon\">VisibilityMode</span><span class=\"blue\">&gt;</span>NotVisibleInArchitecture<span class=\"blue\">&lt;/</span><span class=\"maroon\">VisibilityMode</span><span class=\"blue\">&gt;</span>\n<span class=\"blue\">    &lt;</span><span class=\"maroon\">VisibilityMode</span><span class=\"blue\">&gt;</span>NotVisibleInFamily<span class=\"blue\">&lt;/</span><span class=\"maroon\">VisibilityMode</span><span class=\"blue\">&gt;</span>\n<span class=\"blue\">    &lt;</span><span class=\"maroon\">VisibilityMode</span><span class=\"blue\">&gt;</span>NotVisibleInStructure<span class=\"blue\">&lt;/</span><span class=\"maroon\">VisibilityMode</span><span class=\"blue\">&gt;</span>\n<span class=\"blue\">    &lt;</span><span class=\"maroon\">VisibilityMode</span><span class=\"blue\">&gt;</span>NotVisibleWhenNoActiveDocument<span class=\"blue\">&lt;/</span><span class=\"maroon\">VisibilityMode</span><span class=\"blue\">&gt;</span>\n<span class=\"blue\">    &lt;</span><span class=\"maroon\">Assembly</span><span class=\"blue\">&gt;</span>C:\\bin\\LooseConnectors.dll<span class=\"blue\">&lt;/</span><span class=\"maroon\">Assembly</span><span class=\"blue\">&gt;</span>\n<span class=\"blue\">    &lt;</span><span class=\"maroon\">FullClassName</span><span class=\"blue\">&gt;</span>LooseConnectors.Command<span class=\"blue\">&lt;/</span><span class=\"maroon\">FullClassName</span><span class=\"blue\">&gt;</span>\n<span class=\"blue\">    &lt;</span><span class=\"maroon\">ClientId</span><span class=\"blue\">&gt;</span>fc508f72-84b2-4e82-942c-ad9ec07cbe4a<span class=\"blue\">&lt;/</span><span class=\"maroon\">ClientId</span><span class=\"blue\">&gt;</span>\n<span class=\"blue\">  &lt;/</span><span class=\"maroon\">AddIn</span><span class=\"blue\">&gt;</span>\n<span class=\"blue\">&lt;/</span><span class=\"maroon\">RevitAddIn</span><span class=\"blue\">&gt;</span>\n</pre>\n<p>I tested it in the contexts mentioned above, and lo and behold, my external command is not displayed, just as desired.\n</p></p></p></p></p></p></p></p>"
  },
  {
    "original_filename": "0373_addin_visibility_mode",
    "header_text": "VisibilityMode Enumeration",
    "local_header_href": "#visibilitymode-enumeration",
    "chunk_text": "<h4>VisibilityMode Enumeration</h4><p>The list of all the possible values to use in this tag is currently not provided explicit in the API documentation, but we will be adding that information anon.\nThe values to use are simply the string representations of the VisibilityMode enumeration values, some of which are used in Code Region 3-11: 'Creating and editing a manifest file' in the developer guide:\n\n<pre class=\"code\">\n  <span class=\"green\">// this command only visible in Revit MEP, </span>\n  <span class=\"green\">// Structure, and only visible in Project </span>\n  <span class=\"green\">// document or when no document at all:</span>\n  command1.VisibilityMode \n    = VisibilityMode.NotVisibleInArchitecture \n    | VisibilityMode.NotVisibleInFamily;\n</pre>\n<p>The VisibilityMode enumeration is documented in the \n\n<a href=\"http://thebuildingcoder.typepad.com/blog/2010/04/revitaddinutility.html\">\nRevitAddInUtility</a> help file \n\nRevitAddInUtility.chm located in the SDK folder, so the full list can be found there:\n\n<span style=\"color:darkblue\">\n<p>Describes the conditions under which a particular external command will be visible in the Revit UI. \n\n<h5>Members</h5>\n<ul>\n<li>AlwaysVisible: The command is available in all possible modes supported by the Revit API.\n<li>NotVisibleInProject: The command is invisible when there is a project document active.\n<li>NotVisibleInFamily: The command is invisible when there is a family document active.\n<li>NotVisibleWhenNoActiveDocument: The command is invisible when there is no active document.\n<li>NotVisibleInArchitecture: The command is invisible in Autodesk Revit Architecture.\n<li>NotVisibleInStructure: The command is invisible in Autodesk Revit Structure.\n<li>NotVisibleInMechanical: The command is invisible when the Mechanical discipline editing tools are available, e.g. in Autodesk Revit MEP.\n<li>NotVisibleInElectrical: The command is invisible when the Electrical discipline editing tools are available, e.g. in Autodesk Revit MEP.\n<li>NotVisibleInPlumbing: The command is invisible when the Plumbing discipline editing tools are available, e.g. in Autodesk Revit MEP.\n<li>NotVisibleInMEP: The command is invisible in Autodesk Revit MEP.\n</li></li></li></li></li></li></li></li></li></li></ul>\n<h5>Remarks</h5>\n<p>Note that there are a few conditions where the Revit API framework prevents commands from being available always:\n\n<ol>\n<li>When the user has another Revit command active, e.g. creating Windows, Doors, or editing sketches.\n<li>When the active view is in perspective mode, or when the view is a Legend, Schedule, Walkthrough, Material Takeoffs, Drawings Lists, View Lists, Note Blocks, View Lists, etc.\n<li>When the user is editing an in-place family.\n</li></li></li></ol>\n</p></p></span>\n<h4>Loose Connector Utility</h4>\n<p>Now I implemented a little utility to check for unconnected MEP connectors.\nSince my list of add-ins is continuously growing, I thought it might be about time to start hiding as many as possible of them when they are not needed.\nIn this case, I only want access to this utility in the Revit MEP project context, i.e. I wanted to hide it in all other modes:\n\n<ul>\n<li>Architecture\n<li>Family editor\n<li>Structure\n<li>No active document\n</li></li></li></li></ul>\n<p>Using the couple of values mentioned in the developer guide and simply guessing what the missing ones might be, I ended up with the following manifest file:\n\n<pre class=\"code\">\n<span class=\"blue\">&lt;?</span><span class=\"maroon\">xml</span><span class=\"blue\"> </span><span class=\"red\">version</span><span class=\"blue\">=</span>\"<span class=\"blue\">1.0</span>\"<span class=\"blue\"> </span><span class=\"red\">encoding</span><span class=\"blue\">=</span>\"<span class=\"blue\">utf-8</span>\"<span class=\"blue\"> </span><span class=\"red\">standalone</span><span class=\"blue\">=</span>\"<span class=\"blue\">no</span>\"<span class=\"blue\">?&gt;</span>\n<span class=\"blue\">&lt;</span><span class=\"maroon\">RevitAddIn</span><span class=\"blue\">&gt;</span>\n<span class=\"blue\">  &lt;</span><span class=\"maroon\">AddIn</span><span class=\"blue\"> </span><span class=\"red\">Type</span><span class=\"blue\">=</span>\"<span class=\"blue\">Command</span>\"<span class=\"blue\">&gt;</span>\n<span class=\"blue\">    &lt;</span><span class=\"maroon\">Text</span><span class=\"blue\">&gt;</span>Loose Connectors<span class=\"blue\">&lt;/</span><span class=\"maroon\">Text</span><span class=\"blue\">&gt;</span>\n<span class=\"blue\">    &lt;</span><span class=\"maroon\">Description</span><span class=\"blue\">&gt;</span>List all unconnected Revit MEP connectors<span class=\"blue\">&lt;/</span><span class=\"maroon\">Description</span><span class=\"blue\">&gt;</span>\n<span class=\"blue\">    &lt;</span><span class=\"maroon\">VisibilityMode</span><span class=\"blue\">&gt;</span>NotVisibleInArchitecture<span class=\"blue\">&lt;/</span><span class=\"maroon\">VisibilityMode</span><span class=\"blue\">&gt;</span>\n<span class=\"blue\">    &lt;</span><span class=\"maroon\">VisibilityMode</span><span class=\"blue\">&gt;</span>NotVisibleInFamily<span class=\"blue\">&lt;/</span><span class=\"maroon\">VisibilityMode</span><span class=\"blue\">&gt;</span>\n<span class=\"blue\">    &lt;</span><span class=\"maroon\">VisibilityMode</span><span class=\"blue\">&gt;</span>NotVisibleInStructure<span class=\"blue\">&lt;/</span><span class=\"maroon\">VisibilityMode</span><span class=\"blue\">&gt;</span>\n<span class=\"blue\">    &lt;</span><span class=\"maroon\">VisibilityMode</span><span class=\"blue\">&gt;</span>NotVisibleWhenNoActiveDocument<span class=\"blue\">&lt;/</span><span class=\"maroon\">VisibilityMode</span><span class=\"blue\">&gt;</span>\n<span class=\"blue\">    &lt;</span><span class=\"maroon\">Assembly</span><span class=\"blue\">&gt;</span>C:\\bin\\LooseConnectors.dll<span class=\"blue\">&lt;/</span><span class=\"maroon\">Assembly</span><span class=\"blue\">&gt;</span>\n<span class=\"blue\">    &lt;</span><span class=\"maroon\">FullClassName</span><span class=\"blue\">&gt;</span>LooseConnectors.Command<span class=\"blue\">&lt;/</span><span class=\"maroon\">FullClassName</span><span class=\"blue\">&gt;</span>\n<span class=\"blue\">    &lt;</span><span class=\"maroon\">ClientId</span><span class=\"blue\">&gt;</span>fc508f72-84b2-4e82-942c-ad9ec07cbe4a<span class=\"blue\">&lt;/</span><span class=\"maroon\">ClientId</span><span class=\"blue\">&gt;</span>\n<span class=\"blue\">  &lt;/</span><span class=\"maroon\">AddIn</span><span class=\"blue\">&gt;</span>\n<span class=\"blue\">&lt;/</span><span class=\"maroon\">RevitAddIn</span><span class=\"blue\">&gt;</span>\n</pre>\n<p>I tested it in the contexts mentioned above, and lo and behold, my external command is not displayed, just as desired.\n</p></p></p></p></p>"
  },
  {
    "original_filename": "0373_addin_visibility_mode",
    "header_text": "Members",
    "local_header_href": "#members",
    "chunk_text": "<h5>Members</h5><ul>\n<li>AlwaysVisible: The command is available in all possible modes supported by the Revit API.\n<li>NotVisibleInProject: The command is invisible when there is a project document active.\n<li>NotVisibleInFamily: The command is invisible when there is a family document active.\n<li>NotVisibleWhenNoActiveDocument: The command is invisible when there is no active document.\n<li>NotVisibleInArchitecture: The command is invisible in Autodesk Revit Architecture.\n<li>NotVisibleInStructure: The command is invisible in Autodesk Revit Structure.\n<li>NotVisibleInMechanical: The command is invisible when the Mechanical discipline editing tools are available, e.g. in Autodesk Revit MEP.\n<li>NotVisibleInElectrical: The command is invisible when the Electrical discipline editing tools are available, e.g. in Autodesk Revit MEP.\n<li>NotVisibleInPlumbing: The command is invisible when the Plumbing discipline editing tools are available, e.g. in Autodesk Revit MEP.\n<li>NotVisibleInMEP: The command is invisible in Autodesk Revit MEP.\n</li></li></li></li></li></li></li></li></li></li></ul>"
  },
  {
    "original_filename": "0373_addin_visibility_mode",
    "header_text": "Remarks",
    "local_header_href": "#remarks",
    "chunk_text": "<h5>Remarks</h5><p>Note that there are a few conditions where the Revit API framework prevents commands from being available always:\n\n<ol>\n<li>When the user has another Revit command active, e.g. creating Windows, Doors, or editing sketches.\n<li>When the active view is in perspective mode, or when the view is a Legend, Schedule, Walkthrough, Material Takeoffs, Drawings Lists, View Lists, Note Blocks, View Lists, etc.\n<li>When the user is editing an in-place family.\n</li></li></li></ol>\n</p>"
  },
  {
    "original_filename": "0373_addin_visibility_mode",
    "header_text": "Loose Connector Utility",
    "local_header_href": "#loose-connector-utility",
    "chunk_text": "<h4>Loose Connector Utility</h4><p>Now I implemented a little utility to check for unconnected MEP connectors.\nSince my list of add-ins is continuously growing, I thought it might be about time to start hiding as many as possible of them when they are not needed.\nIn this case, I only want access to this utility in the Revit MEP project context, i.e. I wanted to hide it in all other modes:\n\n<ul>\n<li>Architecture\n<li>Family editor\n<li>Structure\n<li>No active document\n</li></li></li></li></ul>\n<p>Using the couple of values mentioned in the developer guide and simply guessing what the missing ones might be, I ended up with the following manifest file:\n\n<pre class=\"code\">\n<span class=\"blue\">&lt;?</span><span class=\"maroon\">xml</span><span class=\"blue\"> </span><span class=\"red\">version</span><span class=\"blue\">=</span>\"<span class=\"blue\">1.0</span>\"<span class=\"blue\"> </span><span class=\"red\">encoding</span><span class=\"blue\">=</span>\"<span class=\"blue\">utf-8</span>\"<span class=\"blue\"> </span><span class=\"red\">standalone</span><span class=\"blue\">=</span>\"<span class=\"blue\">no</span>\"<span class=\"blue\">?&gt;</span>\n<span class=\"blue\">&lt;</span><span class=\"maroon\">RevitAddIn</span><span class=\"blue\">&gt;</span>\n<span class=\"blue\">  &lt;</span><span class=\"maroon\">AddIn</span><span class=\"blue\"> </span><span class=\"red\">Type</span><span class=\"blue\">=</span>\"<span class=\"blue\">Command</span>\"<span class=\"blue\">&gt;</span>\n<span class=\"blue\">    &lt;</span><span class=\"maroon\">Text</span><span class=\"blue\">&gt;</span>Loose Connectors<span class=\"blue\">&lt;/</span><span class=\"maroon\">Text</span><span class=\"blue\">&gt;</span>\n<span class=\"blue\">    &lt;</span><span class=\"maroon\">Description</span><span class=\"blue\">&gt;</span>List all unconnected Revit MEP connectors<span class=\"blue\">&lt;/</span><span class=\"maroon\">Description</span><span class=\"blue\">&gt;</span>\n<span class=\"blue\">    &lt;</span><span class=\"maroon\">VisibilityMode</span><span class=\"blue\">&gt;</span>NotVisibleInArchitecture<span class=\"blue\">&lt;/</span><span class=\"maroon\">VisibilityMode</span><span class=\"blue\">&gt;</span>\n<span class=\"blue\">    &lt;</span><span class=\"maroon\">VisibilityMode</span><span class=\"blue\">&gt;</span>NotVisibleInFamily<span class=\"blue\">&lt;/</span><span class=\"maroon\">VisibilityMode</span><span class=\"blue\">&gt;</span>\n<span class=\"blue\">    &lt;</span><span class=\"maroon\">VisibilityMode</span><span class=\"blue\">&gt;</span>NotVisibleInStructure<span class=\"blue\">&lt;/</span><span class=\"maroon\">VisibilityMode</span><span class=\"blue\">&gt;</span>\n<span class=\"blue\">    &lt;</span><span class=\"maroon\">VisibilityMode</span><span class=\"blue\">&gt;</span>NotVisibleWhenNoActiveDocument<span class=\"blue\">&lt;/</span><span class=\"maroon\">VisibilityMode</span><span class=\"blue\">&gt;</span>\n<span class=\"blue\">    &lt;</span><span class=\"maroon\">Assembly</span><span class=\"blue\">&gt;</span>C:\\bin\\LooseConnectors.dll<span class=\"blue\">&lt;/</span><span class=\"maroon\">Assembly</span><span class=\"blue\">&gt;</span>\n<span class=\"blue\">    &lt;</span><span class=\"maroon\">FullClassName</span><span class=\"blue\">&gt;</span>LooseConnectors.Command<span class=\"blue\">&lt;/</span><span class=\"maroon\">FullClassName</span><span class=\"blue\">&gt;</span>\n<span class=\"blue\">    &lt;</span><span class=\"maroon\">ClientId</span><span class=\"blue\">&gt;</span>fc508f72-84b2-4e82-942c-ad9ec07cbe4a<span class=\"blue\">&lt;/</span><span class=\"maroon\">ClientId</span><span class=\"blue\">&gt;</span>\n<span class=\"blue\">  &lt;/</span><span class=\"maroon\">AddIn</span><span class=\"blue\">&gt;</span>\n<span class=\"blue\">&lt;/</span><span class=\"maroon\">RevitAddIn</span><span class=\"blue\">&gt;</span>\n</pre>\n<p>I tested it in the contexts mentioned above, and lo and behold, my external command is not displayed, just as desired.\n</p></p></p>"
  }
]