[
  {
    "original_filename": "0375_model_curve_creator",
    "header_text": "Introduction",
    "local_header_href": "#introduction",
    "chunk_text": "<head>\n<link href=\"bc.css\" rel=\"stylesheet\" type=\"text/css\"/>\n</head>"
  },
  {
    "original_filename": "0375_model_curve_creator",
    "header_text": "Model Curve Creator",
    "local_header_href": "#model-curve-creator",
    "chunk_text": "<h3>Model Curve Creator</h3><p>I showed a screen snapshot in the discussion of the \n\n<a href=\"http://thebuildingcoder.typepad.com/blog/2010/05/curtain-wall-geometry.html.html\">\ncurtain wall geometry</a> that\n\nI generated by querying the curtain wall for its non-visible curves and generating model curves from those to visualise them, offset from the curtain wall itself by the curtain wall length to make them easier to distinguish.\n\n<p>I would now like to discuss the code and some new methods that I added to The Building Coder \n\n<a href=\"http://thebuildingcoder.typepad.com/blog/2008/11/model-line-creation.html\">\nmodel curve Creator class</a> in\n\norder to achieve that.\n\n<p>I started off by implementing a new Building Coder sample command CmdCurtainWallGeom to perform the following steps:\n\n<ul>\n<li>Select the curtain wall.\n<li>Extract its location line.\n<li>Determine the wall length vector v for offsetting the model line visualisation results.\n<li>Query the wall for its non-visible geometry.\n<li>For each curve returned, generate a model line offset by the vector v.\n</li></li></li></li></li></ul>\n<p>The offset curves are easy to generate at a high level by creating a translation Transform instance and using the Curve method get_Transformed. \n\n<p>In previous uses of the Creator class to display \n\n<a href=\"http://thebuildingcoder.typepad.com/blog/2008/11/slab-side-faces.html\">\nslab side faces</a>, \n\n<a href=\"http://thebuildingcoder.typepad.com/blog/2008/11/wall-compound-layers.html\">\nwall compound layers</a> and the\n\n<a href=\"http://thebuildingcoder.typepad.com/blog/2008/11/wall-elevation-profile.html\">\nwall elevation profile</a>,\n\nwe expended much more effort to much less effect by breaking down the curves into individual points, translating each point individually, and creating model lines between the points, i.e. losing support for all other non-linear curve types.\n\n<p>Noticing this inefficiency and information loss, I re-implemented the model curve creation to handle all curve types, not just straight lines. \nThe implementation was simultaneously enhanced, shortened and simplified.\n\n<p>One important new component for this is the GetCurveNormal method which I recently presented in the discussion \n\n<a href=\"http://thebuildingcoder.typepad.com/blog/2010/05/detail-curve-must-be-in-plane.html\">\nthe detail curve plane</a>.\n\nIt determines a normal vector to use to create a sketch plane for an arbitrary given curve.\nIf the curve is a straight line, the resulting plane can be any of many planes containing the curve.\nIf not, we use the curve tessellation points to determine a plane containing the curve, assuming it is planar.\n\n<p>With that method in place, it is extremely simple to create a sketch plane containing any given planar curve:\n\n<pre class=\"code\">\n<span class=\"teal\">SketchPlane</span> NewSketchPlaneContainCurve(\n  <span class=\"teal\">Curve</span> curve )\n{\n  <span class=\"teal\">XYZ</span> p = curve.get_EndPoint( 0 );\n  <span class=\"teal\">XYZ</span> normal = GetCurveNormal( curve );\n  <span class=\"teal\">Plane</span> plane = _app.NewPlane( normal, p );\n \n  <span class=\"blue\">return</span> _doc.NewSketchPlane( plane );\n}\n</pre>\n<p>With that method in place, it is simpler still, in fact completely trivial, to create a model curve from a given geometrical curve:\n\n<pre class=\"code\">\n<span class=\"blue\">public</span> <span class=\"blue\">void</span> CreateModelCurve( <span class=\"teal\">Curve</span> curve )\n{\n  _doc.NewModelCurve( curve,\n    NewSketchPlaneContainCurve( curve ) );\n}\n</pre>\n<p>With these two new methods on the Creator class in place, the code to implement the steps described above becomes quite short and sweet:\n\n<pre class=\"code\">\n[<span class=\"teal\">Transaction</span>( <span class=\"teal\">TransactionMode</span>.Automatic )]\n[<span class=\"teal\">Regeneration</span>( <span class=\"teal\">RegenerationOption</span>.Manual )]\n<span class=\"blue\">class</span> <span class=\"teal\">CmdCurtainWallGeom</span> : <span class=\"teal\">IExternalCommand</span>\n{\n  <span class=\"blue\">public</span> <span class=\"teal\">Result</span> Execute(\n    <span class=\"teal\">ExternalCommandData</span> commandData,\n    <span class=\"blue\">ref</span> <span class=\"blue\">string</span> message,\n    <span class=\"teal\">ElementSet</span> elements )\n  {\n    <span class=\"teal\">UIApplication</span> uiapp = commandData.Application;\n    <span class=\"teal\">UIDocument</span> uidoc = uiapp.ActiveUIDocument;\n    <span class=\"teal\">Application</span> app = uiapp.Application;\n    <span class=\"teal\">Document</span> doc = uidoc.Document;\n \n    <span class=\"teal\">Wall</span> wall = <span class=\"teal\">Util</span>.SelectSingleElementOfType(\n      uidoc, <span class=\"blue\">typeof</span>( <span class=\"teal\">Wall</span> ), <span class=\"maroon\">\"a curtain wall\"</span> ) \n      <span class=\"blue\">as</span> <span class=\"teal\">Wall</span>;\n \n    <span class=\"blue\">if</span>( <span class=\"blue\">null</span> == wall )\n    {\n      message = <span class=\"maroon\">\"Please select a single \"</span>\n        + <span class=\"maroon\">\"curtain wall element.\"</span>;\n    }\n    <span class=\"blue\">else</span>\n    {\n      <span class=\"teal\">LocationCurve</span> locationcurve\n        = wall.Location <span class=\"blue\">as</span> <span class=\"teal\">LocationCurve</span>;\n \n      <span class=\"teal\">Curve</span> curve = locationcurve.Curve;\n \n      <span class=\"green\">// move whole geometry over by length of wall:</span>\n \n      <span class=\"teal\">XYZ</span> p = curve.get_EndPoint( 0 );\n      <span class=\"teal\">XYZ</span> q = curve.get_EndPoint( 1 );\n      <span class=\"teal\">XYZ</span> v = q - p;\n \n      <span class=\"teal\">Transform</span> tv = <span class=\"teal\">Transform</span>.get_Translation( v );\n \n      curve = curve.get_Transformed( tv );\n \n      <span class=\"teal\">Creator</span> creator = <span class=\"blue\">new</span> <span class=\"teal\">Creator</span>( doc );\n      creator.CreateModelCurve( curve );\n \n      <span class=\"teal\">Options</span> opt = app.Create.NewGeometryOptions();\n      opt.IncludeNonVisibleObjects = <span class=\"blue\">true</span>;\n \n      <span class=\"teal\">GeometryElement</span> e = wall.get_Geometry( opt );\n \n      <span class=\"blue\">foreach</span>( <span class=\"teal\">GeometryObject</span> obj <span class=\"blue\">in</span> e.Objects )\n      {\n        curve = obj <span class=\"blue\">as</span> <span class=\"teal\">Curve</span>;\n \n        <span class=\"blue\">if</span>( <span class=\"blue\">null</span> != curve )\n        {\n          curve = curve.get_Transformed( tv );\n          creator.CreateModelCurve( curve );\n        }\n      }\n    }\n    <span class=\"blue\">return</span> <span class=\"teal\">Result</span>.Succeeded;\n  }\n}\n</pre>\n<p>I already showed the result of running this command and picking a curved curtain wall:</p>\n<center>\n<img alt=\"Model lines generated from curtain wall perimeter curves offset by wall length\" src=\"img/curtain_wall_offset_model_lines.png\"/>\n</center>\n<p>Here is\n\n<a href=\"zip/bc_11_69.zip\">\nversion 2011.0.69.0</a>\n\nof The Building Coder sample source code and Visual Studio solution including the new command.\n</p></p></p></p></p></p></p></p></p></p></p>"
  }
]