[
  {
    "original_filename": "0376_api_wishlist_survey",
    "header_text": "Introduction",
    "local_header_href": "#introduction",
    "chunk_text": "<head>\n<link href=\"bc.css\" rel=\"stylesheet\" type=\"text/css\"/>\n</head>"
  },
  {
    "original_filename": "0376_api_wishlist_survey",
    "header_text": "API Wish List Survey Reminder",
    "local_header_href": "#api-wish-list-survey-reminder",
    "chunk_text": "<h3>API Wish List Survey Reminder</h3><p>This year's \n\n<a href=\"http://www.zoomerang.com/Survey/WEB22ALQSSG7LZ\">\nRevit API wish list survey</a> \n\nthat I \n\n<a href=\"http://thebuildingcoder.typepad.com/blog/2010/05/api-wishlist-survey.html\">\nrecently pointed out</a>\n\nwas initially scheduled to close today.\n\n<p>Kean just informed us of the \n\n<a href=\"http://through-the-interface.typepad.com/through_the_interface/2010/05/theres-still-time-to-fill-out-the-2010-api-wishlist-surveys.html\">\ncurrent progress and a prolongation</a> until <strong>June 11<sup>th</sup>, 2010</strong>.\n\n<p>Please take the time to fill it out, if you have not already done so. \nThank you!\n</p></p></p>"
  }
]