[
  {
    "original_filename": "0379_webcam_image",
    "header_text": "Introduction",
    "local_header_href": "#introduction",
    "chunk_text": "<head>\n<link href=\"bc.css\" rel=\"stylesheet\" type=\"text/css\"/>\n</head>"
  },
  {
    "original_filename": "0379_webcam_image",
    "header_text": "Grabbing an Internet Webcam Image",
    "local_header_href": "#grabbing-an-internet-webcam-image",
    "chunk_text": "<h3>Grabbing an Internet Webcam Image</h3><p>I am in full tilt preparing for the \n\n<a href=\"http://thebuildingcoder.typepad.com/blog/2010/03/devcamp-devlabs-and-updated-api-training-schedule.html\">\nAEC DevCamp</a> conference \n\n(<a href=\"http://devcamps2010.autodeskevents.net/index.cfm?event=cms.page&amp;id=SID3FA5EEFA001D080A3456040FDD1BD93C\">web site</a>) in \n\nBoston next week, June 7-9, and the \n\n<a href=\"http://thebuildingcoder.typepad.com/blog/2010/03/devcamp-devlabs-and-updated-api-training-schedule.html#devlabs\">\nDevLabs</a> in Waltham following immediately afterwards\n\n(<a href=\"http://usa.autodesk.com/adsk/servlet/item?id=6703509&amp;siteID=123112&amp;cname=DevLab (AEC), Waltham, Jun 10 2010, 201039\">register</a>).\n\n<p>One of my sessions at the DevCamp discusses migration to and advanced use of the new Revit 2011 API features. \nSince some of the new features will be covered by other presentations held by members of the development team, I picked an area that was off their radar and ended up choosing the \n\n<a href=\"http://thebuildingcoder.typepad.com/blog/2010/04/idling-event.html\">\nIdling event</a> that I recently talked about.\n\nI mentioned that it provides some exciting new possibilities, since it allows more interaction with external applications and goes one step closer towards providing \n\n<a href=\"http://thebuildingcoder.typepad.com/blog/2010/04/asynchronous-api-calls-and-idling.html\">\nasynchronous access</a> to the Revit API.\n\n<p>Looking for an example of using this event, I pondered various potential providers of external graphical data that changes over time.\nOne obvious source of live images is an Internet webcam. \n\n<p>The idea of displaying a live image in the Revit model also has the added advantage of allowing me to try my hand at using the new analysis visualisation framework and setting up an own spatial field primitive to display pixel data on the face of a Revit model element.\nWe looked at one such example discussing the DistanceToSurfaces SDK sample making use of the \n\n<a href=\"http://thebuildingcoder.typepad.com/blog/2010/04/element-level-events.html#2\">\ndynamic model update</a> mechanism.\n\n<h4>Reading the Matterhorn Webcam JPEG Image Data</h4>\n<p>Before I dive into the Revit specific use of this, let me explain how I retrieve the image data that I plan to use from the Internet, since I spent some time myself exploring that issue. \nIt took me a while to discover that all I have to do to access a webcam image is establish what URL to use and then read the byte data from it to obtain the jpeg data to display.\n\n<p>For instance, one of the first webcam candidates that sprang to mind was the\n\n<a href=\"http://en.wikipedia.org/wiki/Matterhorn\">\nMatterhorn</a>, \n\nprobably the best-know Swiss mountain. \nOne Matterhorn webcam image is provided by the URL\n\n<a href=\"http://www.ggb.ch/webcam.php\">\nhttp://www.ggb.ch/webcam.php</a>.\n\nExploring the HTML information provided on that page, I discovered that the webcam image itself is read from the URL\n\n<a href=\"http://www.ggb.ch/webcam.php?e_1__getimage=1\">\nhttp://www.ggb.ch/webcam.php?e_1__getimage=1</a>.\n\n<p>Here is a short Python script that shows how easy it is to read this image data from the URL and create a JPEG file named 'a.jpg' from it:\n\n<pre class=\"code\">\nimport urllib\n\ndef get_html_content( url ):\n  f = urllib.urlopen( url )\n  s = f.read()\n  f.close()\n  return s\n\ndef main():\n  url = 'http://www.ggb.ch/webcam.php?e_1__getimage=1'\n  data = get_html_content( url )\n\n  f = open( 'a.jpg', 'wb' )\n  f.write( data )\n  f.close()\n\nmain()\n</pre>\n<h4>Grabbing the Matterhorn Webcam Image in .NET</h4>\n<p>Thanks to the powerful libraries provided by the .NET framework, reading the Matterhorn image data in .NET is not much less succinct than the minimalistic Python script.\nThis code also adds a call to Process.Start to test display the result in the default image viewer:\n\n<pre class=\"code\">\n<span class=\"blue\">using</span> System.Diagnostics;\n<span class=\"blue\">using</span> System.Drawing;\n<span class=\"blue\">using</span> System.Drawing.Imaging;\n<span class=\"blue\">using</span> System.Net;\n<span class=\"blue\">using</span> System.IO;\n \n<span class=\"blue\">namespace</span> GrabJpg\n{\n  <span class=\"blue\">class</span> <span class=\"teal\">Program</span>\n  {\n    <span class=\"blue\">const</span> <span class=\"blue\">string</span> _url =\n      <span class=\"maroon\">\"http://www.ggb.ch/webcam.php?e_1__getimage=1\"</span>;\n \n    <span class=\"blue\">static</span> <span class=\"blue\">void</span> Main( <span class=\"blue\">string</span>[] args )\n    {\n      <span class=\"blue\">using</span>( <span class=\"teal\">WebClient</span> client = <span class=\"blue\">new</span> <span class=\"teal\">WebClient</span>() )\n      {\n        <span class=\"blue\">byte</span>[] data = client.DownloadData( _url );\n \n        <span class=\"blue\">using</span>( <span class=\"teal\">Image</span> img = <span class=\"teal\">Image</span>.FromStream( \n          <span class=\"blue\">new</span> <span class=\"teal\">MemoryStream</span>( data ) ) )\n        {\n          <span class=\"blue\">string</span> filename = <span class=\"maroon\">\"a.jpg\"</span>;\n          img.Save( filename, <span class=\"teal\">ImageFormat</span>.Jpeg );\n          <span class=\"teal\">Process</span>.Start( filename ); <span class=\"green\">// test display</span>\n        }\n      }\n    }\n  }\n}\n</pre>\n<p>To ensure that all possible required information is available, here is\n\n<a href=\"zip/GrabJpg.zip\">\nGrabJpg.zip</a>\n\ncontaining the source code and Visual Studio solution for this sample.\n\n\n<h4>Picadilly Circus is More Dynamic</h4>\n<p>After looking at the Matterhorn image a couple of times and noticing that it does not change as much as I would like, since its main use it to show what the current weather is like up there, I looked around for something a little more dynamic.\n\n<p>My next candidate was \n\n<a href=\"http://en.wikipedia.org/wiki/Piccadilly_Circus\">\nPicadilly Circus</a> in London, since that tends to have some people and vehicles moving around it.\n\nI found a webcam displaying an image of it which required a slightly more convoluted path to access the final underlying image data, since its URL is embedded within a tag named 'snapshoturl' in an XML data stream. \nAnyway, the image data URL that one ends up with is \n\n<a href=\"http://cameras.camvista.com/webcams/cam2_Piccadilly.jpg\">\nhttp://cameras.camvista.com/webcams/cam2_Piccadilly.jpg</a>.\n\n<p>Here is a Python script accessing that image data, creating a JPEG file named 'a.jpg' from it, and starting up the default image viewer to display it on the screen:\n\n<pre class=\"code\">\nimport popen2, urllib\n\ndef get_html_content( url ):\n  f = urllib.urlopen( url )\n  s = f.read()\n  f.close()\n  return s\n\ndef main():\n  url = 'http://www.camvista.com/xml/10086.xml'\n  data = get_html_content( url )\n\n  # data is an xml file pointing to the jpg url\n\n  print data\n\n  tag = 'snapshoturl'\n  i = data.find( '&lt;' + tag + '&gt;' )\n  print i\n  if -1 &lt; i:\n    i = i + len(tag) + 2\n    print i\n    url = data[i:]\n    print url\n    i = url.find( '&lt;/' + tag + '&gt;' )\n    print i\n    url = url[:i]\n    print url\n\n    data = get_html_content( url )\n\n    f = open( 'a.jpg', 'wb' )\n    f.write( data )\n    f.close()\n\n    popen2.popen2( 'a.jpg' )\n\nmain()\n</pre>\n<p>A typical view of Picadilly Circus from this webcam on an early Thursday morning before too many people start milling around looks like this:</p>\n<center>\n<img alt=\"Webcam image of Picadilly Circus\" src=\"img/webcam_picadilly.jpg\"/>\n</center>\n<h4>Conversion to Greyscale Image</h4>\n<p>Another issue that I need to consider in order to display a bitmap image using the Revit analysis visualisation framework is that the latter is not designed to display RGB data.\nIn order to use it to display a colour image, one option would be to calculate a palette of selected colours based on the most common pixel colours in the given image, and then assign each display point in the Revit model one of the palette colours.\nAnother possibility, which seems a lot simpler to me initially, is to convert the colour image to a greyscale one, and then use values between zero and one for the analysis data to feed into the AVF spatial field primitive.\n\n<p>One method that I found to convert a bitmap to a greyscale image using the .NET framework is to make use of the FormatConvertedBitmap class.\nUnfortunately, it cannot be initialised directly from the Image instance that we created from the JPEG image data stream.\nIt does provide a constructor taking a BitmapSource argument, though, and I discovered that I can create such an instance from the Image that I have using the following method:\n\n<pre class=\"code\">\n<span class=\"blue\">static</span> <span class=\"teal\">BitmapSource</span> ConvertBitmapToBitmapSource( \n  <span class=\"teal\">Bitmap</span> bmp )\n{\n  <span class=\"blue\">return</span> System.Windows.Interop.<span class=\"teal\">Imaging</span>\n    .CreateBitmapSourceFromHBitmap( \n      bmp.GetHbitmap(), \n      <span class=\"teal\">IntPtr</span>.Zero, \n      <span class=\"teal\">Int32Rect</span>.Empty, \n      <span class=\"teal\">BitmapSizeOptions</span>.FromEmptyOptions() );\n}\n</pre>\n<p>With that method in place, I can pass the image data through the following conversion sequence to feed the format conversion:\n\n<ol>\n<li>byte[] from URL using DownloadData\n<li>MemoryStream from byte[] using constructor\n<li>Image from MemoryStream using Image.FromStream\n<li>Bitmap from Image using GetThumbnailImage\n<li>BitmapSource from Bitmap using ConvertBitmapToBitmapSource\n<li>Set FormatConvertedBitmap.Source using BitmapSource\n</li></li></li></li></li></li></ol>\n<p>I end up with the following little console application mainline to read the webcam image data from the specified URL, convert it to a greyscale image, save that to a JPEG file, and display it for test purposes:\n\n<pre class=\"code\">\n<span class=\"blue\">const</span> <span class=\"blue\">string</span> _url = \n  <span class=\"maroon\">\"http://www.ggb.ch/webcam.php?e_1__getimage=1\"</span>;\n \n<span class=\"blue\">static</span> <span class=\"blue\">void</span> Main( <span class=\"blue\">string</span>[] args )\n{\n  <span class=\"blue\">using</span>( <span class=\"teal\">WebClient</span> client = <span class=\"blue\">new</span> <span class=\"teal\">WebClient</span>() )\n  {\n    <span class=\"blue\">byte</span>[] data = client.DownloadData( _url );\n \n    <span class=\"blue\">using</span>( <span class=\"teal\">Image</span> img = <span class=\"teal\">Image</span>.FromStream( \n      <span class=\"blue\">new</span> <span class=\"teal\">MemoryStream</span>( data ) ) )\n    {\n      <span class=\"blue\">string</span> filename = <span class=\"maroon\">\"a.jpg\"</span>;\n      img.Save( filename, <span class=\"teal\">ImageFormat</span>.Jpeg );\n \n      <span class=\"green\">// test display original:</span>\n \n      <span class=\"teal\">Process</span>.Start( filename );\n \n      <span class=\"green\">// scale down to half size in each direction:</span>\n \n      <span class=\"blue\">int</span> w = img.Width &gt;&gt; 1; \n      <span class=\"blue\">int</span> h = img.Height &gt;&gt; 1;\n \n      <span class=\"teal\">Bitmap</span> bitmap = <span class=\"blue\">new</span> <span class=\"teal\">Bitmap</span>( \n        img.GetThumbnailImage( w, h, <span class=\"blue\">null</span>, \n          <span class=\"teal\">IntPtr</span>.Zero ) );\n \n      <span class=\"teal\">FormatConvertedBitmap</span> grey \n        = <span class=\"blue\">new</span> <span class=\"teal\">FormatConvertedBitmap</span>();\n \n      grey.BeginInit();\n \n      grey.Source \n        = ConvertBitmapToBitmapSource( bitmap );\n \n      grey.DestinationFormat \n        = <span class=\"teal\">PixelFormats</span>.Gray32Float;\n \n      grey.EndInit();\n \n      <span class=\"teal\">JpegBitmapEncoder</span> encoder \n        = <span class=\"blue\">new</span> <span class=\"teal\">JpegBitmapEncoder</span>();\n \n      encoder.Frames.Add( \n        <span class=\"teal\">BitmapFrame</span>.Create( grey ) );\n \n      encoder.QualityLevel = 25;\n \n      <span class=\"blue\">string</span> filename2 = <span class=\"maroon\">\"a2.jpg\"</span>;\n \n      <span class=\"teal\">FileStream</span> file = <span class=\"blue\">new</span> <span class=\"teal\">FileStream</span>( \n        filename2, <span class=\"teal\">FileMode</span>.Create, \n        <span class=\"teal\">FileAccess</span>.Write );\n \n      encoder.Save( file );\n      file.Close();\n \n      <span class=\"green\">// test display greyscale:</span>\n \n      <span class=\"teal\">Process</span>.Start( filename2 ); \n    }\n  }\n}\n</pre>\n<p>Here is \n\n<a href=\"zip/GrabGreyJpg.zip\">\nGrabGreyJpg.zip</a>\n\ncontaining the complete source code and Visual Studio solution for this console application.\n\n<p>With these preparations in place, we are all set to return to Revit and make use of these image grabbing methods to implement an Idling event handler to paint a real-time view onto a face of any arbitrary building element.\nFor instance, wouldn't it be neat to create a building model whose windows display a real-time view of some beautiful natural park?\n</p></p></p></p></p></p></p></p></p></p></p></p></p></p></p></p></p></p>"
  },
  {
    "original_filename": "0379_webcam_image",
    "header_text": "Reading the Matterhorn Webcam JPEG Image Data",
    "local_header_href": "#reading-the-matterhorn-webcam-jpeg-image-data",
    "chunk_text": "<h4>Reading the Matterhorn Webcam JPEG Image Data</h4><p>Before I dive into the Revit specific use of this, let me explain how I retrieve the image data that I plan to use from the Internet, since I spent some time myself exploring that issue. \nIt took me a while to discover that all I have to do to access a webcam image is establish what URL to use and then read the byte data from it to obtain the jpeg data to display.\n\n<p>For instance, one of the first webcam candidates that sprang to mind was the\n\n<a href=\"http://en.wikipedia.org/wiki/Matterhorn\">\nMatterhorn</a>, \n\nprobably the best-know Swiss mountain. \nOne Matterhorn webcam image is provided by the URL\n\n<a href=\"http://www.ggb.ch/webcam.php\">\nhttp://www.ggb.ch/webcam.php</a>.\n\nExploring the HTML information provided on that page, I discovered that the webcam image itself is read from the URL\n\n<a href=\"http://www.ggb.ch/webcam.php?e_1__getimage=1\">\nhttp://www.ggb.ch/webcam.php?e_1__getimage=1</a>.\n\n<p>Here is a short Python script that shows how easy it is to read this image data from the URL and create a JPEG file named 'a.jpg' from it:\n\n<pre class=\"code\">\nimport urllib\n\ndef get_html_content( url ):\n  f = urllib.urlopen( url )\n  s = f.read()\n  f.close()\n  return s\n\ndef main():\n  url = 'http://www.ggb.ch/webcam.php?e_1__getimage=1'\n  data = get_html_content( url )\n\n  f = open( 'a.jpg', 'wb' )\n  f.write( data )\n  f.close()\n\nmain()\n</pre>\n<h4>Grabbing the Matterhorn Webcam Image in .NET</h4>\n<p>Thanks to the powerful libraries provided by the .NET framework, reading the Matterhorn image data in .NET is not much less succinct than the minimalistic Python script.\nThis code also adds a call to Process.Start to test display the result in the default image viewer:\n\n<pre class=\"code\">\n<span class=\"blue\">using</span> System.Diagnostics;\n<span class=\"blue\">using</span> System.Drawing;\n<span class=\"blue\">using</span> System.Drawing.Imaging;\n<span class=\"blue\">using</span> System.Net;\n<span class=\"blue\">using</span> System.IO;\n \n<span class=\"blue\">namespace</span> GrabJpg\n{\n  <span class=\"blue\">class</span> <span class=\"teal\">Program</span>\n  {\n    <span class=\"blue\">const</span> <span class=\"blue\">string</span> _url =\n      <span class=\"maroon\">\"http://www.ggb.ch/webcam.php?e_1__getimage=1\"</span>;\n \n    <span class=\"blue\">static</span> <span class=\"blue\">void</span> Main( <span class=\"blue\">string</span>[] args )\n    {\n      <span class=\"blue\">using</span>( <span class=\"teal\">WebClient</span> client = <span class=\"blue\">new</span> <span class=\"teal\">WebClient</span>() )\n      {\n        <span class=\"blue\">byte</span>[] data = client.DownloadData( _url );\n \n        <span class=\"blue\">using</span>( <span class=\"teal\">Image</span> img = <span class=\"teal\">Image</span>.FromStream( \n          <span class=\"blue\">new</span> <span class=\"teal\">MemoryStream</span>( data ) ) )\n        {\n          <span class=\"blue\">string</span> filename = <span class=\"maroon\">\"a.jpg\"</span>;\n          img.Save( filename, <span class=\"teal\">ImageFormat</span>.Jpeg );\n          <span class=\"teal\">Process</span>.Start( filename ); <span class=\"green\">// test display</span>\n        }\n      }\n    }\n  }\n}\n</pre>\n<p>To ensure that all possible required information is available, here is\n\n<a href=\"zip/GrabJpg.zip\">\nGrabJpg.zip</a>\n\ncontaining the source code and Visual Studio solution for this sample.\n\n\n<h4>Picadilly Circus is More Dynamic</h4>\n<p>After looking at the Matterhorn image a couple of times and noticing that it does not change as much as I would like, since its main use it to show what the current weather is like up there, I looked around for something a little more dynamic.\n\n<p>My next candidate was \n\n<a href=\"http://en.wikipedia.org/wiki/Piccadilly_Circus\">\nPicadilly Circus</a> in London, since that tends to have some people and vehicles moving around it.\n\nI found a webcam displaying an image of it which required a slightly more convoluted path to access the final underlying image data, since its URL is embedded within a tag named 'snapshoturl' in an XML data stream. \nAnyway, the image data URL that one ends up with is \n\n<a href=\"http://cameras.camvista.com/webcams/cam2_Piccadilly.jpg\">\nhttp://cameras.camvista.com/webcams/cam2_Piccadilly.jpg</a>.\n\n<p>Here is a Python script accessing that image data, creating a JPEG file named 'a.jpg' from it, and starting up the default image viewer to display it on the screen:\n\n<pre class=\"code\">\nimport popen2, urllib\n\ndef get_html_content( url ):\n  f = urllib.urlopen( url )\n  s = f.read()\n  f.close()\n  return s\n\ndef main():\n  url = 'http://www.camvista.com/xml/10086.xml'\n  data = get_html_content( url )\n\n  # data is an xml file pointing to the jpg url\n\n  print data\n\n  tag = 'snapshoturl'\n  i = data.find( '&lt;' + tag + '&gt;' )\n  print i\n  if -1 &lt; i:\n    i = i + len(tag) + 2\n    print i\n    url = data[i:]\n    print url\n    i = url.find( '&lt;/' + tag + '&gt;' )\n    print i\n    url = url[:i]\n    print url\n\n    data = get_html_content( url )\n\n    f = open( 'a.jpg', 'wb' )\n    f.write( data )\n    f.close()\n\n    popen2.popen2( 'a.jpg' )\n\nmain()\n</pre>\n<p>A typical view of Picadilly Circus from this webcam on an early Thursday morning before too many people start milling around looks like this:</p>\n<center>\n<img alt=\"Webcam image of Picadilly Circus\" src=\"img/webcam_picadilly.jpg\"/>\n</center>\n<h4>Conversion to Greyscale Image</h4>\n<p>Another issue that I need to consider in order to display a bitmap image using the Revit analysis visualisation framework is that the latter is not designed to display RGB data.\nIn order to use it to display a colour image, one option would be to calculate a palette of selected colours based on the most common pixel colours in the given image, and then assign each display point in the Revit model one of the palette colours.\nAnother possibility, which seems a lot simpler to me initially, is to convert the colour image to a greyscale one, and then use values between zero and one for the analysis data to feed into the AVF spatial field primitive.\n\n<p>One method that I found to convert a bitmap to a greyscale image using the .NET framework is to make use of the FormatConvertedBitmap class.\nUnfortunately, it cannot be initialised directly from the Image instance that we created from the JPEG image data stream.\nIt does provide a constructor taking a BitmapSource argument, though, and I discovered that I can create such an instance from the Image that I have using the following method:\n\n<pre class=\"code\">\n<span class=\"blue\">static</span> <span class=\"teal\">BitmapSource</span> ConvertBitmapToBitmapSource( \n  <span class=\"teal\">Bitmap</span> bmp )\n{\n  <span class=\"blue\">return</span> System.Windows.Interop.<span class=\"teal\">Imaging</span>\n    .CreateBitmapSourceFromHBitmap( \n      bmp.GetHbitmap(), \n      <span class=\"teal\">IntPtr</span>.Zero, \n      <span class=\"teal\">Int32Rect</span>.Empty, \n      <span class=\"teal\">BitmapSizeOptions</span>.FromEmptyOptions() );\n}\n</pre>\n<p>With that method in place, I can pass the image data through the following conversion sequence to feed the format conversion:\n\n<ol>\n<li>byte[] from URL using DownloadData\n<li>MemoryStream from byte[] using constructor\n<li>Image from MemoryStream using Image.FromStream\n<li>Bitmap from Image using GetThumbnailImage\n<li>BitmapSource from Bitmap using ConvertBitmapToBitmapSource\n<li>Set FormatConvertedBitmap.Source using BitmapSource\n</li></li></li></li></li></li></ol>\n<p>I end up with the following little console application mainline to read the webcam image data from the specified URL, convert it to a greyscale image, save that to a JPEG file, and display it for test purposes:\n\n<pre class=\"code\">\n<span class=\"blue\">const</span> <span class=\"blue\">string</span> _url = \n  <span class=\"maroon\">\"http://www.ggb.ch/webcam.php?e_1__getimage=1\"</span>;\n \n<span class=\"blue\">static</span> <span class=\"blue\">void</span> Main( <span class=\"blue\">string</span>[] args )\n{\n  <span class=\"blue\">using</span>( <span class=\"teal\">WebClient</span> client = <span class=\"blue\">new</span> <span class=\"teal\">WebClient</span>() )\n  {\n    <span class=\"blue\">byte</span>[] data = client.DownloadData( _url );\n \n    <span class=\"blue\">using</span>( <span class=\"teal\">Image</span> img = <span class=\"teal\">Image</span>.FromStream( \n      <span class=\"blue\">new</span> <span class=\"teal\">MemoryStream</span>( data ) ) )\n    {\n      <span class=\"blue\">string</span> filename = <span class=\"maroon\">\"a.jpg\"</span>;\n      img.Save( filename, <span class=\"teal\">ImageFormat</span>.Jpeg );\n \n      <span class=\"green\">// test display original:</span>\n \n      <span class=\"teal\">Process</span>.Start( filename );\n \n      <span class=\"green\">// scale down to half size in each direction:</span>\n \n      <span class=\"blue\">int</span> w = img.Width &gt;&gt; 1; \n      <span class=\"blue\">int</span> h = img.Height &gt;&gt; 1;\n \n      <span class=\"teal\">Bitmap</span> bitmap = <span class=\"blue\">new</span> <span class=\"teal\">Bitmap</span>( \n        img.GetThumbnailImage( w, h, <span class=\"blue\">null</span>, \n          <span class=\"teal\">IntPtr</span>.Zero ) );\n \n      <span class=\"teal\">FormatConvertedBitmap</span> grey \n        = <span class=\"blue\">new</span> <span class=\"teal\">FormatConvertedBitmap</span>();\n \n      grey.BeginInit();\n \n      grey.Source \n        = ConvertBitmapToBitmapSource( bitmap );\n \n      grey.DestinationFormat \n        = <span class=\"teal\">PixelFormats</span>.Gray32Float;\n \n      grey.EndInit();\n \n      <span class=\"teal\">JpegBitmapEncoder</span> encoder \n        = <span class=\"blue\">new</span> <span class=\"teal\">JpegBitmapEncoder</span>();\n \n      encoder.Frames.Add( \n        <span class=\"teal\">BitmapFrame</span>.Create( grey ) );\n \n      encoder.QualityLevel = 25;\n \n      <span class=\"blue\">string</span> filename2 = <span class=\"maroon\">\"a2.jpg\"</span>;\n \n      <span class=\"teal\">FileStream</span> file = <span class=\"blue\">new</span> <span class=\"teal\">FileStream</span>( \n        filename2, <span class=\"teal\">FileMode</span>.Create, \n        <span class=\"teal\">FileAccess</span>.Write );\n \n      encoder.Save( file );\n      file.Close();\n \n      <span class=\"green\">// test display greyscale:</span>\n \n      <span class=\"teal\">Process</span>.Start( filename2 ); \n    }\n  }\n}\n</pre>\n<p>Here is \n\n<a href=\"zip/GrabGreyJpg.zip\">\nGrabGreyJpg.zip</a>\n\ncontaining the complete source code and Visual Studio solution for this console application.\n\n<p>With these preparations in place, we are all set to return to Revit and make use of these image grabbing methods to implement an Idling event handler to paint a real-time view onto a face of any arbitrary building element.\nFor instance, wouldn't it be neat to create a building model whose windows display a real-time view of some beautiful natural park?\n</p></p></p></p></p></p></p></p></p></p></p></p></p></p>"
  },
  {
    "original_filename": "0379_webcam_image",
    "header_text": "Grabbing the Matterhorn Webcam Image in .NET",
    "local_header_href": "#grabbing-the-matterhorn-webcam-image-in-net",
    "chunk_text": "<h4>Grabbing the Matterhorn Webcam Image in .NET</h4><p>Thanks to the powerful libraries provided by the .NET framework, reading the Matterhorn image data in .NET is not much less succinct than the minimalistic Python script.\nThis code also adds a call to Process.Start to test display the result in the default image viewer:\n\n<pre class=\"code\">\n<span class=\"blue\">using</span> System.Diagnostics;\n<span class=\"blue\">using</span> System.Drawing;\n<span class=\"blue\">using</span> System.Drawing.Imaging;\n<span class=\"blue\">using</span> System.Net;\n<span class=\"blue\">using</span> System.IO;\n \n<span class=\"blue\">namespace</span> GrabJpg\n{\n  <span class=\"blue\">class</span> <span class=\"teal\">Program</span>\n  {\n    <span class=\"blue\">const</span> <span class=\"blue\">string</span> _url =\n      <span class=\"maroon\">\"http://www.ggb.ch/webcam.php?e_1__getimage=1\"</span>;\n \n    <span class=\"blue\">static</span> <span class=\"blue\">void</span> Main( <span class=\"blue\">string</span>[] args )\n    {\n      <span class=\"blue\">using</span>( <span class=\"teal\">WebClient</span> client = <span class=\"blue\">new</span> <span class=\"teal\">WebClient</span>() )\n      {\n        <span class=\"blue\">byte</span>[] data = client.DownloadData( _url );\n \n        <span class=\"blue\">using</span>( <span class=\"teal\">Image</span> img = <span class=\"teal\">Image</span>.FromStream( \n          <span class=\"blue\">new</span> <span class=\"teal\">MemoryStream</span>( data ) ) )\n        {\n          <span class=\"blue\">string</span> filename = <span class=\"maroon\">\"a.jpg\"</span>;\n          img.Save( filename, <span class=\"teal\">ImageFormat</span>.Jpeg );\n          <span class=\"teal\">Process</span>.Start( filename ); <span class=\"green\">// test display</span>\n        }\n      }\n    }\n  }\n}\n</pre>\n<p>To ensure that all possible required information is available, here is\n\n<a href=\"zip/GrabJpg.zip\">\nGrabJpg.zip</a>\n\ncontaining the source code and Visual Studio solution for this sample.\n\n\n<h4>Picadilly Circus is More Dynamic</h4>\n<p>After looking at the Matterhorn image a couple of times and noticing that it does not change as much as I would like, since its main use it to show what the current weather is like up there, I looked around for something a little more dynamic.\n\n<p>My next candidate was \n\n<a href=\"http://en.wikipedia.org/wiki/Piccadilly_Circus\">\nPicadilly Circus</a> in London, since that tends to have some people and vehicles moving around it.\n\nI found a webcam displaying an image of it which required a slightly more convoluted path to access the final underlying image data, since its URL is embedded within a tag named 'snapshoturl' in an XML data stream. \nAnyway, the image data URL that one ends up with is \n\n<a href=\"http://cameras.camvista.com/webcams/cam2_Piccadilly.jpg\">\nhttp://cameras.camvista.com/webcams/cam2_Piccadilly.jpg</a>.\n\n<p>Here is a Python script accessing that image data, creating a JPEG file named 'a.jpg' from it, and starting up the default image viewer to display it on the screen:\n\n<pre class=\"code\">\nimport popen2, urllib\n\ndef get_html_content( url ):\n  f = urllib.urlopen( url )\n  s = f.read()\n  f.close()\n  return s\n\ndef main():\n  url = 'http://www.camvista.com/xml/10086.xml'\n  data = get_html_content( url )\n\n  # data is an xml file pointing to the jpg url\n\n  print data\n\n  tag = 'snapshoturl'\n  i = data.find( '&lt;' + tag + '&gt;' )\n  print i\n  if -1 &lt; i:\n    i = i + len(tag) + 2\n    print i\n    url = data[i:]\n    print url\n    i = url.find( '&lt;/' + tag + '&gt;' )\n    print i\n    url = url[:i]\n    print url\n\n    data = get_html_content( url )\n\n    f = open( 'a.jpg', 'wb' )\n    f.write( data )\n    f.close()\n\n    popen2.popen2( 'a.jpg' )\n\nmain()\n</pre>\n<p>A typical view of Picadilly Circus from this webcam on an early Thursday morning before too many people start milling around looks like this:</p>\n<center>\n<img alt=\"Webcam image of Picadilly Circus\" src=\"img/webcam_picadilly.jpg\"/>\n</center>\n<h4>Conversion to Greyscale Image</h4>\n<p>Another issue that I need to consider in order to display a bitmap image using the Revit analysis visualisation framework is that the latter is not designed to display RGB data.\nIn order to use it to display a colour image, one option would be to calculate a palette of selected colours based on the most common pixel colours in the given image, and then assign each display point in the Revit model one of the palette colours.\nAnother possibility, which seems a lot simpler to me initially, is to convert the colour image to a greyscale one, and then use values between zero and one for the analysis data to feed into the AVF spatial field primitive.\n\n<p>One method that I found to convert a bitmap to a greyscale image using the .NET framework is to make use of the FormatConvertedBitmap class.\nUnfortunately, it cannot be initialised directly from the Image instance that we created from the JPEG image data stream.\nIt does provide a constructor taking a BitmapSource argument, though, and I discovered that I can create such an instance from the Image that I have using the following method:\n\n<pre class=\"code\">\n<span class=\"blue\">static</span> <span class=\"teal\">BitmapSource</span> ConvertBitmapToBitmapSource( \n  <span class=\"teal\">Bitmap</span> bmp )\n{\n  <span class=\"blue\">return</span> System.Windows.Interop.<span class=\"teal\">Imaging</span>\n    .CreateBitmapSourceFromHBitmap( \n      bmp.GetHbitmap(), \n      <span class=\"teal\">IntPtr</span>.Zero, \n      <span class=\"teal\">Int32Rect</span>.Empty, \n      <span class=\"teal\">BitmapSizeOptions</span>.FromEmptyOptions() );\n}\n</pre>\n<p>With that method in place, I can pass the image data through the following conversion sequence to feed the format conversion:\n\n<ol>\n<li>byte[] from URL using DownloadData\n<li>MemoryStream from byte[] using constructor\n<li>Image from MemoryStream using Image.FromStream\n<li>Bitmap from Image using GetThumbnailImage\n<li>BitmapSource from Bitmap using ConvertBitmapToBitmapSource\n<li>Set FormatConvertedBitmap.Source using BitmapSource\n</li></li></li></li></li></li></ol>\n<p>I end up with the following little console application mainline to read the webcam image data from the specified URL, convert it to a greyscale image, save that to a JPEG file, and display it for test purposes:\n\n<pre class=\"code\">\n<span class=\"blue\">const</span> <span class=\"blue\">string</span> _url = \n  <span class=\"maroon\">\"http://www.ggb.ch/webcam.php?e_1__getimage=1\"</span>;\n \n<span class=\"blue\">static</span> <span class=\"blue\">void</span> Main( <span class=\"blue\">string</span>[] args )\n{\n  <span class=\"blue\">using</span>( <span class=\"teal\">WebClient</span> client = <span class=\"blue\">new</span> <span class=\"teal\">WebClient</span>() )\n  {\n    <span class=\"blue\">byte</span>[] data = client.DownloadData( _url );\n \n    <span class=\"blue\">using</span>( <span class=\"teal\">Image</span> img = <span class=\"teal\">Image</span>.FromStream( \n      <span class=\"blue\">new</span> <span class=\"teal\">MemoryStream</span>( data ) ) )\n    {\n      <span class=\"blue\">string</span> filename = <span class=\"maroon\">\"a.jpg\"</span>;\n      img.Save( filename, <span class=\"teal\">ImageFormat</span>.Jpeg );\n \n      <span class=\"green\">// test display original:</span>\n \n      <span class=\"teal\">Process</span>.Start( filename );\n \n      <span class=\"green\">// scale down to half size in each direction:</span>\n \n      <span class=\"blue\">int</span> w = img.Width &gt;&gt; 1; \n      <span class=\"blue\">int</span> h = img.Height &gt;&gt; 1;\n \n      <span class=\"teal\">Bitmap</span> bitmap = <span class=\"blue\">new</span> <span class=\"teal\">Bitmap</span>( \n        img.GetThumbnailImage( w, h, <span class=\"blue\">null</span>, \n          <span class=\"teal\">IntPtr</span>.Zero ) );\n \n      <span class=\"teal\">FormatConvertedBitmap</span> grey \n        = <span class=\"blue\">new</span> <span class=\"teal\">FormatConvertedBitmap</span>();\n \n      grey.BeginInit();\n \n      grey.Source \n        = ConvertBitmapToBitmapSource( bitmap );\n \n      grey.DestinationFormat \n        = <span class=\"teal\">PixelFormats</span>.Gray32Float;\n \n      grey.EndInit();\n \n      <span class=\"teal\">JpegBitmapEncoder</span> encoder \n        = <span class=\"blue\">new</span> <span class=\"teal\">JpegBitmapEncoder</span>();\n \n      encoder.Frames.Add( \n        <span class=\"teal\">BitmapFrame</span>.Create( grey ) );\n \n      encoder.QualityLevel = 25;\n \n      <span class=\"blue\">string</span> filename2 = <span class=\"maroon\">\"a2.jpg\"</span>;\n \n      <span class=\"teal\">FileStream</span> file = <span class=\"blue\">new</span> <span class=\"teal\">FileStream</span>( \n        filename2, <span class=\"teal\">FileMode</span>.Create, \n        <span class=\"teal\">FileAccess</span>.Write );\n \n      encoder.Save( file );\n      file.Close();\n \n      <span class=\"green\">// test display greyscale:</span>\n \n      <span class=\"teal\">Process</span>.Start( filename2 ); \n    }\n  }\n}\n</pre>\n<p>Here is \n\n<a href=\"zip/GrabGreyJpg.zip\">\nGrabGreyJpg.zip</a>\n\ncontaining the complete source code and Visual Studio solution for this console application.\n\n<p>With these preparations in place, we are all set to return to Revit and make use of these image grabbing methods to implement an Idling event handler to paint a real-time view onto a face of any arbitrary building element.\nFor instance, wouldn't it be neat to create a building model whose windows display a real-time view of some beautiful natural park?\n</p></p></p></p></p></p></p></p></p></p></p>"
  },
  {
    "original_filename": "0379_webcam_image",
    "header_text": "Picadilly Circus is More Dynamic",
    "local_header_href": "#picadilly-circus-is-more-dynamic",
    "chunk_text": "<h4>Picadilly Circus is More Dynamic</h4><p>After looking at the Matterhorn image a couple of times and noticing that it does not change as much as I would like, since its main use it to show what the current weather is like up there, I looked around for something a little more dynamic.\n\n<p>My next candidate was \n\n<a href=\"http://en.wikipedia.org/wiki/Piccadilly_Circus\">\nPicadilly Circus</a> in London, since that tends to have some people and vehicles moving around it.\n\nI found a webcam displaying an image of it which required a slightly more convoluted path to access the final underlying image data, since its URL is embedded within a tag named 'snapshoturl' in an XML data stream. \nAnyway, the image data URL that one ends up with is \n\n<a href=\"http://cameras.camvista.com/webcams/cam2_Piccadilly.jpg\">\nhttp://cameras.camvista.com/webcams/cam2_Piccadilly.jpg</a>.\n\n<p>Here is a Python script accessing that image data, creating a JPEG file named 'a.jpg' from it, and starting up the default image viewer to display it on the screen:\n\n<pre class=\"code\">\nimport popen2, urllib\n\ndef get_html_content( url ):\n  f = urllib.urlopen( url )\n  s = f.read()\n  f.close()\n  return s\n\ndef main():\n  url = 'http://www.camvista.com/xml/10086.xml'\n  data = get_html_content( url )\n\n  # data is an xml file pointing to the jpg url\n\n  print data\n\n  tag = 'snapshoturl'\n  i = data.find( '&lt;' + tag + '&gt;' )\n  print i\n  if -1 &lt; i:\n    i = i + len(tag) + 2\n    print i\n    url = data[i:]\n    print url\n    i = url.find( '&lt;/' + tag + '&gt;' )\n    print i\n    url = url[:i]\n    print url\n\n    data = get_html_content( url )\n\n    f = open( 'a.jpg', 'wb' )\n    f.write( data )\n    f.close()\n\n    popen2.popen2( 'a.jpg' )\n\nmain()\n</pre>\n<p>A typical view of Picadilly Circus from this webcam on an early Thursday morning before too many people start milling around looks like this:</p>\n<center>\n<img alt=\"Webcam image of Picadilly Circus\" src=\"img/webcam_picadilly.jpg\"/>\n</center>\n<h4>Conversion to Greyscale Image</h4>\n<p>Another issue that I need to consider in order to display a bitmap image using the Revit analysis visualisation framework is that the latter is not designed to display RGB data.\nIn order to use it to display a colour image, one option would be to calculate a palette of selected colours based on the most common pixel colours in the given image, and then assign each display point in the Revit model one of the palette colours.\nAnother possibility, which seems a lot simpler to me initially, is to convert the colour image to a greyscale one, and then use values between zero and one for the analysis data to feed into the AVF spatial field primitive.\n\n<p>One method that I found to convert a bitmap to a greyscale image using the .NET framework is to make use of the FormatConvertedBitmap class.\nUnfortunately, it cannot be initialised directly from the Image instance that we created from the JPEG image data stream.\nIt does provide a constructor taking a BitmapSource argument, though, and I discovered that I can create such an instance from the Image that I have using the following method:\n\n<pre class=\"code\">\n<span class=\"blue\">static</span> <span class=\"teal\">BitmapSource</span> ConvertBitmapToBitmapSource( \n  <span class=\"teal\">Bitmap</span> bmp )\n{\n  <span class=\"blue\">return</span> System.Windows.Interop.<span class=\"teal\">Imaging</span>\n    .CreateBitmapSourceFromHBitmap( \n      bmp.GetHbitmap(), \n      <span class=\"teal\">IntPtr</span>.Zero, \n      <span class=\"teal\">Int32Rect</span>.Empty, \n      <span class=\"teal\">BitmapSizeOptions</span>.FromEmptyOptions() );\n}\n</pre>\n<p>With that method in place, I can pass the image data through the following conversion sequence to feed the format conversion:\n\n<ol>\n<li>byte[] from URL using DownloadData\n<li>MemoryStream from byte[] using constructor\n<li>Image from MemoryStream using Image.FromStream\n<li>Bitmap from Image using GetThumbnailImage\n<li>BitmapSource from Bitmap using ConvertBitmapToBitmapSource\n<li>Set FormatConvertedBitmap.Source using BitmapSource\n</li></li></li></li></li></li></ol>\n<p>I end up with the following little console application mainline to read the webcam image data from the specified URL, convert it to a greyscale image, save that to a JPEG file, and display it for test purposes:\n\n<pre class=\"code\">\n<span class=\"blue\">const</span> <span class=\"blue\">string</span> _url = \n  <span class=\"maroon\">\"http://www.ggb.ch/webcam.php?e_1__getimage=1\"</span>;\n \n<span class=\"blue\">static</span> <span class=\"blue\">void</span> Main( <span class=\"blue\">string</span>[] args )\n{\n  <span class=\"blue\">using</span>( <span class=\"teal\">WebClient</span> client = <span class=\"blue\">new</span> <span class=\"teal\">WebClient</span>() )\n  {\n    <span class=\"blue\">byte</span>[] data = client.DownloadData( _url );\n \n    <span class=\"blue\">using</span>( <span class=\"teal\">Image</span> img = <span class=\"teal\">Image</span>.FromStream( \n      <span class=\"blue\">new</span> <span class=\"teal\">MemoryStream</span>( data ) ) )\n    {\n      <span class=\"blue\">string</span> filename = <span class=\"maroon\">\"a.jpg\"</span>;\n      img.Save( filename, <span class=\"teal\">ImageFormat</span>.Jpeg );\n \n      <span class=\"green\">// test display original:</span>\n \n      <span class=\"teal\">Process</span>.Start( filename );\n \n      <span class=\"green\">// scale down to half size in each direction:</span>\n \n      <span class=\"blue\">int</span> w = img.Width &gt;&gt; 1; \n      <span class=\"blue\">int</span> h = img.Height &gt;&gt; 1;\n \n      <span class=\"teal\">Bitmap</span> bitmap = <span class=\"blue\">new</span> <span class=\"teal\">Bitmap</span>( \n        img.GetThumbnailImage( w, h, <span class=\"blue\">null</span>, \n          <span class=\"teal\">IntPtr</span>.Zero ) );\n \n      <span class=\"teal\">FormatConvertedBitmap</span> grey \n        = <span class=\"blue\">new</span> <span class=\"teal\">FormatConvertedBitmap</span>();\n \n      grey.BeginInit();\n \n      grey.Source \n        = ConvertBitmapToBitmapSource( bitmap );\n \n      grey.DestinationFormat \n        = <span class=\"teal\">PixelFormats</span>.Gray32Float;\n \n      grey.EndInit();\n \n      <span class=\"teal\">JpegBitmapEncoder</span> encoder \n        = <span class=\"blue\">new</span> <span class=\"teal\">JpegBitmapEncoder</span>();\n \n      encoder.Frames.Add( \n        <span class=\"teal\">BitmapFrame</span>.Create( grey ) );\n \n      encoder.QualityLevel = 25;\n \n      <span class=\"blue\">string</span> filename2 = <span class=\"maroon\">\"a2.jpg\"</span>;\n \n      <span class=\"teal\">FileStream</span> file = <span class=\"blue\">new</span> <span class=\"teal\">FileStream</span>( \n        filename2, <span class=\"teal\">FileMode</span>.Create, \n        <span class=\"teal\">FileAccess</span>.Write );\n \n      encoder.Save( file );\n      file.Close();\n \n      <span class=\"green\">// test display greyscale:</span>\n \n      <span class=\"teal\">Process</span>.Start( filename2 ); \n    }\n  }\n}\n</pre>\n<p>Here is \n\n<a href=\"zip/GrabGreyJpg.zip\">\nGrabGreyJpg.zip</a>\n\ncontaining the complete source code and Visual Studio solution for this console application.\n\n<p>With these preparations in place, we are all set to return to Revit and make use of these image grabbing methods to implement an Idling event handler to paint a real-time view onto a face of any arbitrary building element.\nFor instance, wouldn't it be neat to create a building model whose windows display a real-time view of some beautiful natural park?\n</p></p></p></p></p></p></p></p></p>"
  },
  {
    "original_filename": "0379_webcam_image",
    "header_text": "Conversion to Greyscale Image",
    "local_header_href": "#conversion-to-greyscale-image",
    "chunk_text": "<h4>Conversion to Greyscale Image</h4><p>Another issue that I need to consider in order to display a bitmap image using the Revit analysis visualisation framework is that the latter is not designed to display RGB data.\nIn order to use it to display a colour image, one option would be to calculate a palette of selected colours based on the most common pixel colours in the given image, and then assign each display point in the Revit model one of the palette colours.\nAnother possibility, which seems a lot simpler to me initially, is to convert the colour image to a greyscale one, and then use values between zero and one for the analysis data to feed into the AVF spatial field primitive.\n\n<p>One method that I found to convert a bitmap to a greyscale image using the .NET framework is to make use of the FormatConvertedBitmap class.\nUnfortunately, it cannot be initialised directly from the Image instance that we created from the JPEG image data stream.\nIt does provide a constructor taking a BitmapSource argument, though, and I discovered that I can create such an instance from the Image that I have using the following method:\n\n<pre class=\"code\">\n<span class=\"blue\">static</span> <span class=\"teal\">BitmapSource</span> ConvertBitmapToBitmapSource( \n  <span class=\"teal\">Bitmap</span> bmp )\n{\n  <span class=\"blue\">return</span> System.Windows.Interop.<span class=\"teal\">Imaging</span>\n    .CreateBitmapSourceFromHBitmap( \n      bmp.GetHbitmap(), \n      <span class=\"teal\">IntPtr</span>.Zero, \n      <span class=\"teal\">Int32Rect</span>.Empty, \n      <span class=\"teal\">BitmapSizeOptions</span>.FromEmptyOptions() );\n}\n</pre>\n<p>With that method in place, I can pass the image data through the following conversion sequence to feed the format conversion:\n\n<ol>\n<li>byte[] from URL using DownloadData\n<li>MemoryStream from byte[] using constructor\n<li>Image from MemoryStream using Image.FromStream\n<li>Bitmap from Image using GetThumbnailImage\n<li>BitmapSource from Bitmap using ConvertBitmapToBitmapSource\n<li>Set FormatConvertedBitmap.Source using BitmapSource\n</li></li></li></li></li></li></ol>\n<p>I end up with the following little console application mainline to read the webcam image data from the specified URL, convert it to a greyscale image, save that to a JPEG file, and display it for test purposes:\n\n<pre class=\"code\">\n<span class=\"blue\">const</span> <span class=\"blue\">string</span> _url = \n  <span class=\"maroon\">\"http://www.ggb.ch/webcam.php?e_1__getimage=1\"</span>;\n \n<span class=\"blue\">static</span> <span class=\"blue\">void</span> Main( <span class=\"blue\">string</span>[] args )\n{\n  <span class=\"blue\">using</span>( <span class=\"teal\">WebClient</span> client = <span class=\"blue\">new</span> <span class=\"teal\">WebClient</span>() )\n  {\n    <span class=\"blue\">byte</span>[] data = client.DownloadData( _url );\n \n    <span class=\"blue\">using</span>( <span class=\"teal\">Image</span> img = <span class=\"teal\">Image</span>.FromStream( \n      <span class=\"blue\">new</span> <span class=\"teal\">MemoryStream</span>( data ) ) )\n    {\n      <span class=\"blue\">string</span> filename = <span class=\"maroon\">\"a.jpg\"</span>;\n      img.Save( filename, <span class=\"teal\">ImageFormat</span>.Jpeg );\n \n      <span class=\"green\">// test display original:</span>\n \n      <span class=\"teal\">Process</span>.Start( filename );\n \n      <span class=\"green\">// scale down to half size in each direction:</span>\n \n      <span class=\"blue\">int</span> w = img.Width &gt;&gt; 1; \n      <span class=\"blue\">int</span> h = img.Height &gt;&gt; 1;\n \n      <span class=\"teal\">Bitmap</span> bitmap = <span class=\"blue\">new</span> <span class=\"teal\">Bitmap</span>( \n        img.GetThumbnailImage( w, h, <span class=\"blue\">null</span>, \n          <span class=\"teal\">IntPtr</span>.Zero ) );\n \n      <span class=\"teal\">FormatConvertedBitmap</span> grey \n        = <span class=\"blue\">new</span> <span class=\"teal\">FormatConvertedBitmap</span>();\n \n      grey.BeginInit();\n \n      grey.Source \n        = ConvertBitmapToBitmapSource( bitmap );\n \n      grey.DestinationFormat \n        = <span class=\"teal\">PixelFormats</span>.Gray32Float;\n \n      grey.EndInit();\n \n      <span class=\"teal\">JpegBitmapEncoder</span> encoder \n        = <span class=\"blue\">new</span> <span class=\"teal\">JpegBitmapEncoder</span>();\n \n      encoder.Frames.Add( \n        <span class=\"teal\">BitmapFrame</span>.Create( grey ) );\n \n      encoder.QualityLevel = 25;\n \n      <span class=\"blue\">string</span> filename2 = <span class=\"maroon\">\"a2.jpg\"</span>;\n \n      <span class=\"teal\">FileStream</span> file = <span class=\"blue\">new</span> <span class=\"teal\">FileStream</span>( \n        filename2, <span class=\"teal\">FileMode</span>.Create, \n        <span class=\"teal\">FileAccess</span>.Write );\n \n      encoder.Save( file );\n      file.Close();\n \n      <span class=\"green\">// test display greyscale:</span>\n \n      <span class=\"teal\">Process</span>.Start( filename2 ); \n    }\n  }\n}\n</pre>\n<p>Here is \n\n<a href=\"zip/GrabGreyJpg.zip\">\nGrabGreyJpg.zip</a>\n\ncontaining the complete source code and Visual Studio solution for this console application.\n\n<p>With these preparations in place, we are all set to return to Revit and make use of these image grabbing methods to implement an Idling event handler to paint a real-time view onto a face of any arbitrary building element.\nFor instance, wouldn't it be neat to create a building model whose windows display a real-time view of some beautiful natural park?\n</p></p></p></p></p></p>"
  }
]