[
  {
    "original_filename": "0382_voltage_units",
    "header_text": "Introduction",
    "local_header_href": "#introduction",
    "chunk_text": "<head>\n<link href=\"bc.css\" rel=\"stylesheet\" type=\"text/css\"/>\n</head>"
  },
  {
    "original_filename": "0382_voltage_units",
    "header_text": "Voltage Units",
    "local_header_href": "#voltage-units",
    "chunk_text": "<h3>Voltage Units</h3><p>The last day before DevCamp!\n\n<p>I am happy to note that the articles on \n\n<a href=\"http://thebuildingcoder.typepad.com/blog/2010/06/grabbing-an-internet-webcam-image.html\">\ngrabbing a webcam image</a> and\n\n<a href=\"http://thebuildingcoder.typepad.com/blog/2010/06/display-webcam-image-on-building-element-face.html\">\ndisplaying it on a Revit element face</a> were \n\nso popular ... I will be demonstrating that and other samples using the \n\n<a href=\"http://thebuildingcoder.typepad.com/blog/2010/04/idling-event.html\">\nIdling event</a> and\n\n<a href=\"http://thebuildingcoder.typepad.com/blog/2010/04/asynchronous-api-calls-and-idling.html\">\nmodeless dialogues</a> at DevCamp.\n\n<p>Meanwhile, here is an interesting little item that my colleagues Jorgen Dahl and Martin Schmid (who by the way published a \n\n<a href=\"http://www.amazon.com/exec/obidos/tg/detail/-/1439057664/ref=ord_cart_shr?_encoding=UTF8&amp;m=ATVPDKIKX0DER&amp;v=glance\">\nbook on AutoCAD MEP 2010</a>)\n\ndug up, another nugget of information on the topic of Revit database units, an area that we looked at repeatedly in the past:\n\n<ul>\n<li><a href=\"http://thebuildingcoder.typepad.com/blog/2008/09/units.html\">Units</a>.</li>\n<li><a href=\"http://thebuildingcoder.typepad.com/blog/2008/11/formatting-units-strings.html\">Formatting unit strings</a>.</li>\n<li><a href=\"http://thebuildingcoder.typepad.com/blog/2009/01/unit-types-and-format-options.html\">Unit types and format options</a>.</li>\n<li><a href=\"http://thebuildingcoder.typepad.com/blog/2009/08/unit-conversion.html\">Unit conversion</a>.</li>\n<li><a href=\"http://thebuildingcoder.typepad.com/blog/2009/10/unit-suffix-and-the-projectunit-sdk-sample.html\">Unit Suffix and the ProjectUnit SDK sample</a>.</li>\n<li><a href=\"http://thebuildingcoder.typepad.com/blog/2009/10/dut-versus-ust.html\">DisplayUnitType and UnitSymbolType</a>.</li>\n<li><a href=\"http://thebuildingcoder.typepad.com/blog/2009/12/parameter-filter-units.html\">Parameter filter units</a>.</li>\n</ul>\n<p>Martin is an expert in the MEP domain, so one area of interest to him is the following:\n\n<p><strong>Question:</strong> What is the internal unit used by Revit for voltage?  \nIn the API, the ElectricalSystem.Voltage property returns a value that is about 10.76391 times the expected value in Volts, i.e., I get 1291.669 instead of 120 V.\nThe same applies to the TrueLoad property.\nSo I assume Revit is using some non-standard unit for voltage?\n\n<p><strong>Answer:</strong> Electrical potential can be defined using the following more fundamental units:\n\n<p>(Length<sup>2</sup> * Mass) / (Time<sup>3</sup> * Current).\n\n<p>In Revit, this formula makes use of the following units:\n\n<ul>\n<li>Length: feet\n<li>Mass: kg\n<li>Time: s\n<li>Current: A\n</li></li></li></li></ul>\n<p>The unit Volt is defined in the same way, of course, but uses the \n\n<a href=\"http://nostalgia.wikipedia.org/wiki/SI_unit\">\nSI unit</a> meters \n\ninstead of feet, as specified by the International System of Units SI.\n\n<p>As a result, to convert the Revit internal database voltage unit to Volts, you have to multiply it with 0.3048^2. \n\n<p>It would be nice to upgrade the internal Revit database unit to use meters as well, but the problem is that there are a lot of data fields on elements in Revit that dont know if they are just a number or a length. \nWe are working on it, though.\n\n<p>Every unit in Revit knows what base units it is built of, and data is stored in that format. \nThe base units used internally by Revit are currently:\n\n<pre class=\"code\">\n<span class=\"blue\">enum</span> <span class=\"teal\">BaseUnit</span>\n{\n  BU_Length = 0,         <span class=\"green\">// length, feet (ft)</span>\n  BU_Angle,              <span class=\"green\">// angle, radian (rad)</span>\n  BU_Mass,               <span class=\"green\">// mass, kilogram (kg)</span>\n  BU_Time,               <span class=\"green\">// time, second (s)</span>\n  BU_Electric_Current,   <span class=\"green\">// electric current, ampere (A)</span>\n  BU_Temperature,        <span class=\"green\">// temperature, kelvin (K)</span>\n  BU_Luminous_Intensity, <span class=\"green\">// luminous intensity, candela (cd)</span>\n  BU_Solid_Angle,        <span class=\"green\">// solid angle, steradian (sr)</span>\n};\n</pre>\n<p>Many thanks to Jorgen and Martin for this useful background information!\n</p></p></p></p></p></p></p></p></p></p></p></p></p>"
  }
]