[
  {
    "original_filename": "0383_param_filter",
    "header_text": "Introduction",
    "local_header_href": "#introduction",
    "chunk_text": "<head>\n<link href=\"bc.css\" rel=\"stylesheet\" type=\"text/css\"/>\n</head>"
  },
  {
    "original_filename": "0383_param_filter",
    "header_text": "Parameter Filter",
    "local_header_href": "#parameter-filter",
    "chunk_text": "<h3>Parameter Filter</h3><p>AEC DevCamp begins here in Boston today.\nI started writing this on Sunday evening, before it begins, waiting in the lobby for my colleagues.\n\n<p>Later on: finishing it off after a nice dinner with Mikako, Saikat, Partha amd Miro...\n\n<p>Later still: posting it first thing in the morning before breakfast...\n\n<p>One area that several people have recently been struggling with is the use of parameter filters.\nAs shown by the\n\n<a href=\"http://thebuildingcoder.typepad.com/blog/2010/04/collector-benchmark.html\">\nfiltered element collector benchmarking</a>,\n\nthe use of a parameter filter is significantly more efficient than manually postprocessing the results, even though the parameter filter is a slow filter, as opposed to quick filters such as OfClass and OfCategory.\n\n<p>Of course, you should always apply as many quick filters as possible first to narrow down the set of candidate elements before applying any slow or manual filtering.\n\n<p>We already looked at a few parameter filtering examples in the past, for instance to retrieve specific elements based on their\n\n<a href=\"http://thebuildingcoder.typepad.com/blog/2010/04/collector-benchmark.html\">\nelement name</a> in\n\nthe filtered element collector benchmark, their\n\n<a href=\"http://thebuildingcoder.typepad.com/blog/2010/04/retrieving-newly-created-elements-in-revit-2011.html\">\nelement id</a>,\n\nand stair elements\n\n<a href=\"http://thebuildingcoder.typepad.com/blog/2010/04/retrieve-stairs-on-level.html\">\non a specific level</a>.\n\nBelow are some other samples showing different ways to use parameter filters:\n\n<ul>\n<li><a href=\"#1\">Retrieving beams on a specific level</a>.\n<li><a href=\"#2\">Retrieving elements in a specific room</a>.\n<li><a href=\"#3\">Retrieving levels by name</a>.\n<li><a href=\"#4\">ElementId parameter</a>.\n<li><a href=\"#5\">Boolean parameter</a>.\n<li><a href=\"#6\">Double parameter</a>.\n<li><a href=\"#7\">String parameter</a>.\n</li></li></li></li></li></li></li></ul>\n<p>In hindsight, and analysing the differences and similarities between the different examples below, you will notice that it all boils down to ensuring that you know exactly what values you are looking for and which built-in parameters can be used to determine them.\nIn some cases, there may be exceptions and surprises lying in wait there for you, such as different built-in parameters being used to hold analogous data on different elements...\n\n\n<a name=\"1\"></a>\n<h4>Retrieving beams on a specific level</h4>\n<p><strong>Question:</strong> My model contains various elements such as walls, beams, slabs and columns on Level 1, and I am trying to retrieve them all using an ElementLevelFilter like this:\n\n<pre class=\"code\">\n  <span class=\"teal\">FilteredElementCollector</span> collector\n    = <span class=\"blue\">new</span> <span class=\"teal\">FilteredElementCollector</span>( doc );\n \n  <span class=\"teal\">ICollection</span>&lt;<span class=\"teal\">Element</span>&gt; levels\n    = collector.OfClass( <span class=\"blue\">typeof</span>( <span class=\"teal\">Level</span> ) )\n      .ToElements();\n \n  <span class=\"blue\">for</span>( <span class=\"blue\">int</span> i = 0; i &lt; levels.Count; i++ )\n  {\n    <span class=\"teal\">ElementId</span> levelId = levels.ElementAt( i ).Id;\n \n    <span class=\"teal\">ElementLevelFilter</span> levelFilter\n      = <span class=\"blue\">new</span> <span class=\"teal\">ElementLevelFilter</span>( levelId );\n \n    collector = <span class=\"blue\">new</span> <span class=\"teal\">FilteredElementCollector</span>( doc );\n \n    <span class=\"teal\">ICollection</span>&lt;<span class=\"teal\">Element</span>&gt; allOnLevel\n      = collector.WherePasses( levelFilter )\n        .ToElements();\n \n    <span class=\"green\">// . . .</span>\n  }\n</pre>\n<p>I am expecting all elements on Level 1 to be returned in this collection, but in fact I see that while the walls, slabs and columns are present, all the beam elements are missing.\n\n<p>Why are the beams not included?\n\n<p>How can I set up the filtered element collector to retrieve them as well?\n\n\n<p><strong>Answer:</strong> The elements returned by your collector are of wall, column and slab type.\nThese elements all have a valid value in their Level property.\n\n<p>However, the beams' Level property value is null, because the beam is not a level based component.\nA beam does not have a Base Level or Base Constraint parameter.\n\n<p>It does have a Reference Level parameter, however.\nYou can therefore retrieve beams on a specific Level using a parameter filter that checks its reference level.\n\n<p>Here is a code snippet to set up a filtered element collector and an appropriate parameter filter.\nYou can add the beams returned by this to the original collection:\n\n<pre class=\"code\">\n  <span class=\"teal\">FilteredElementCollector</span> collector\n    = <span class=\"blue\">new</span> <span class=\"teal\">FilteredElementCollector</span>( doc );\n \n  collector.OfCategory(\n    <span class=\"teal\">BuiltInCategory</span>.OST_StructuralFraming );\n \n  collector.OfClass( <span class=\"blue\">typeof</span>( <span class=\"teal\">FamilyInstance</span> ) );\n \n  <span class=\"teal\">BuiltInParameter</span> bip = <span class=\"teal\">BuiltInParameter</span>\n    .INSTANCE_REFERENCE_LEVEL_PARAM;\n \n  <span class=\"teal\">ParameterValueProvider</span> provider\n    = <span class=\"blue\">new</span> <span class=\"teal\">ParameterValueProvider</span>(\n      <span class=\"blue\">new</span> <span class=\"teal\">ElementId</span>( bip ) );\n \n  <span class=\"teal\">FilterNumericRuleEvaluator</span> evaluator\n    = <span class=\"blue\">new</span> <span class=\"teal\">FilterNumericGreater</span>();\n \n  <span class=\"teal\">ElementId</span> idRuleValue = level.Id;\n \n  <span class=\"teal\">FilterElementIdRule</span> rule\n    = <span class=\"blue\">new</span> <span class=\"teal\">FilterElementIdRule</span>(\n      provider, evaluator, idRuleValue );\n \n  <span class=\"teal\">ElementParameterFilter</span> filter\n    = <span class=\"blue\">new</span> <span class=\"teal\">ElementParameterFilter</span>( rule );\n \n  collector.WherePasses( filter );\n</pre>\n<a name=\"2\"></a>\n<h4>Retrieving Elements in a Specific Room</h4>\n<p><strong>Question:</strong> I have been able to scan a model manually to select elements, such as Furniture, and determine which room each item is in.\nI would like to efficiently find all the elements that are associated with a specific room, without manually scanning through all the elements in the model.\nIs there a structure in the API that will find me a list of elements that are in a room?\n\n<p><strong>Answer:</strong> The Revit 2011 API filtered element collector functionality includes parameter filters which can be used to conveniently retrieve all components located in a specified room.\nThe parameter filter can be used because the room location is available through the built-in parameter ELEM_ROOM_NUMBER.\nHere is a complete external command example demonstrating this:\n\n<pre class=\"code\">\n[<span class=\"teal\">TransactionAttribute</span>( <span class=\"teal\">TransactionMode</span>.ReadOnly )]\n[<span class=\"teal\">RegenerationAttribute</span>( <span class=\"teal\">RegenerationOption</span>.Manual )]\n<span class=\"blue\">public</span> <span class=\"blue\">class</span> <span class=\"teal\">RevitCommand</span> : <span class=\"teal\">IExternalCommand</span>\n{\n  <span class=\"blue\">public</span> <span class=\"teal\">Result</span> Execute(\n    <span class=\"teal\">ExternalCommandData</span> commandData,\n    <span class=\"blue\">ref</span> <span class=\"blue\">string</span> messages,\n    <span class=\"teal\">ElementSet</span> elements )\n  {\n    <span class=\"teal\">UIApplication</span> app = commandData.Application;\n    <span class=\"teal\">Document</span> doc = app.ActiveUIDocument.Document;\n \n    <span class=\"teal\">ElementId</span> id = <span class=\"blue\">new</span> <span class=\"teal\">ElementId</span>(\n      <span class=\"teal\">BuiltInParameter</span>.ELEM_ROOM_NUMBER );\n \n    <span class=\"teal\">ParameterValueProvider</span> provider\n      = <span class=\"blue\">new</span> <span class=\"teal\">ParameterValueProvider</span>( id );\n \n    <span class=\"teal\">FilterStringRuleEvaluator</span> evaluator\n      = <span class=\"blue\">new</span> <span class=\"teal\">FilterStringEquals</span>();\n \n    <span class=\"blue\">string</span> sRoomNumber = <span class=\"maroon\">\"1\"</span>;\n \n    <span class=\"teal\">FilterRule</span> rule = <span class=\"blue\">new</span> <span class=\"teal\">FilterStringRule</span>(\n      provider, evaluator, sRoomNumber, <span class=\"blue\">false</span> );\n \n    <span class=\"teal\">ElementParameterFilter</span> filter\n      = <span class=\"blue\">new</span> <span class=\"teal\">ElementParameterFilter</span>( rule );\n \n    <span class=\"teal\">FilteredElementCollector</span> collector\n      = <span class=\"blue\">new</span> <span class=\"teal\">FilteredElementCollector</span>( doc )\n        .WherePasses( filter );\n \n    <span class=\"blue\">string</span> s = <span class=\"blue\">string</span>.Empty;\n \n    <span class=\"blue\">foreach</span>( <span class=\"teal\">Element</span> elem <span class=\"blue\">in</span> collector )\n    {\n      s += elem.Name + elem.Category.Name.ToString() + <span class=\"maroon\">\"\\n\"</span>;\n \n    }\n    System.Windows.Forms.<span class=\"teal\">MessageBox</span>.Show( s );\n \n    <span class=\"blue\">return</span> <span class=\"teal\">Result</span>.Succeeded;\n  }\n}\n</pre>\n<a name=\"3\"></a>\n<h4>Retrieving levels by name</h4>\n<p>As mentioned above, we already looked at examples of retrieving\n\n<a href=\"http://thebuildingcoder.typepad.com/blog/2010/04/collector-benchmark.html\">\nelements by element name</a> and\n\n<a href=\"http://thebuildingcoder.typepad.com/blog/2010/04/retrieve-stairs-on-level.html\">\nstairs on a specific level</a>.\n\nHere is a slightly different issue, retrieving levels by name, encountered by Kevin Vandecar:\n\n<p><strong>Question:</strong> I am covering the parameter filter in my DevCamp presentation and I have to admit I have not used it before.\nI checked out the\n\n<a href=\"http://thebuildingcoder.typepad.com/blog/2010/04/collector-benchmark.html\">\nbenchmarking code</a> which\n\nuses a parameter filter to find level by name.\nHowever, when I ran it, it did not work for me and GetFirstNamedElementOfTypeUsingParameterFilter always returned null.\n\nI then moved on to trying some other examples, which are appended below.\nI got them working ok...\n\n<p><strong>Answer:</strong> So then I went back to the benchmarking code to see why I was not getting anything back.\nIt took some debugging, but for whatever reason, it appears that a Level object stores its Name parameter in the built-in parameter DATUM_TEXT parameter instead of ELEM_NAME_PARAM.\n\n<p>That leads me to another question:\nHow does an API user typically figure out which parameter to use?\nIf I use RevitLookup on Level, I can also see a parameter named 'Name' there, but...\n\n<p>WOW, hold on!\nI just tried RevitLookup again, and it does show the built-in parameter API name as well!\nCOOL!\nI clicked Level, selected a level, then clicked Parameters, then selected Name, then Definition, and then the dialog shows an entry: Built in Param = DATUM_TEXT.\nSo I guess that confirms it.\n\n<p>Wow, I wish I had known that last night!\n\n<p>Anyway, here\ns the final code I used to test to find all Levels containing the string \"Level\" in their Name parameter, i.e. in the built-in parameter DATUM_TEXT:\n\n<pre class=\"code\">\n  <span class=\"teal\">FilteredElementCollector</span> collector\n    = <span class=\"blue\">new</span> <span class=\"teal\">FilteredElementCollector</span>( doc );\n \n  collector.OfClass( <span class=\"blue\">typeof</span>( <span class=\"teal\">Level</span> ) );\n  <span class=\"teal\">ElementId</span> id = <span class=\"blue\">new</span> <span class=\"teal\">ElementId</span>(\n    <span class=\"teal\">BuiltInParameter</span>.DATUM_TEXT );\n \n  <span class=\"teal\">ParameterValueProvider</span> provider\n    = <span class=\"blue\">new</span> <span class=\"teal\">ParameterValueProvider</span>( id );\n \n  <span class=\"teal\">FilterStringRuleEvaluator</span> evaluator\n    = <span class=\"blue\">new</span> <span class=\"teal\">FilterStringContains</span>();\n \n  <span class=\"teal\">FilterRule</span> rule = <span class=\"blue\">new</span> <span class=\"teal\">FilterStringRule</span>(\n    provider, evaluator, <span class=\"maroon\">\"Level\"</span>, <span class=\"blue\">false</span> );\n \n  <span class=\"teal\">ElementParameterFilter</span> filter\n    = <span class=\"blue\">new</span> <span class=\"teal\">ElementParameterFilter</span>( rule );\n</pre>\n<p>Ok, I am on my way again, and hope this bit of research helps.\n\n<p>Here are the other examples that Kevin mentioned:\n\n\n<a name=\"4\"></a>\n<h4>ElementId Parameter</h4>\n<p>Use numeric evaluator and integer rule to test ElementId parameter;\nFilter levels whose id is greater than specified id value:\n\n<pre class=\"code\">\n  <span class=\"teal\">BuiltInParameter</span> testParam\n    = <span class=\"teal\">BuiltInParameter</span>.ID_PARAM;\n \n  <span class=\"teal\">ParameterValueProvider</span> pvp\n    = <span class=\"blue\">new</span> <span class=\"teal\">ParameterValueProvider</span>(\n      <span class=\"blue\">new</span> <span class=\"teal\">ElementId</span>( ( <span class=\"blue\">int</span> ) testParam ) );\n \n  <span class=\"teal\">FilterNumericRuleEvaluator</span> fnrv\n    = <span class=\"blue\">new</span> <span class=\"teal\">FilterNumericGreater</span>();\n \n  <span class=\"green\">// filter elements whose Id is greater than 99</span>\n \n  <span class=\"teal\">ElementId</span> ruleValId = <span class=\"blue\">new</span> <span class=\"teal\">ElementId</span>( 99 );\n \n  <span class=\"teal\">FilterRule</span> paramFr = <span class=\"blue\">new</span> <span class=\"teal\">FilterElementIdRule</span>(\n    pvp, fnrv, ruleValId );\n \n  <span class=\"teal\">ElementParameterFilter</span> epf\n    = <span class=\"blue\">new</span> <span class=\"teal\">ElementParameterFilter</span>( paramFr );\n \n  <span class=\"teal\">FilteredElementCollector</span> collector\n    = <span class=\"blue\">new</span> <span class=\"teal\">FilteredElementCollector</span>(  doc );\n \n  collector.OfClass( <span class=\"blue\">typeof</span>( <span class=\"teal\">ViewPlan</span> ) )\n    .WherePasses( epf ); <span class=\"green\">// only deal with ViewPlan</span>\n</pre>\n<a name=\"5\"></a>\n<h4>Boolean Parameter</h4>\n<p>Use numeric evaluator and integer rule to test Boolean parameter;\nFilter levels whose crop view is false:\n\n<pre class=\"code\">\n  <span class=\"blue\">int</span> ruleValInt = 0;\n \n  testParam = <span class=\"teal\">BuiltInParameter</span>.VIEWER_CROP_REGION;\n \n  pvp = <span class=\"blue\">new</span> <span class=\"teal\">ParameterValueProvider</span>(\n    <span class=\"blue\">new</span> <span class=\"teal\">ElementId</span>( ( <span class=\"blue\">int</span> ) testParam ) );\n \n  fnrv = <span class=\"blue\">new</span> <span class=\"teal\">FilterNumericEquals</span>();\n \n  paramFr = <span class=\"blue\">new</span> <span class=\"teal\">FilterIntegerRule</span>(\n    pvp, fnrv, ruleValInt );\n \n  epf = <span class=\"blue\">new</span> <span class=\"teal\">ElementParameterFilter</span>( paramFr );\n \n  collector = <span class=\"blue\">new</span> <span class=\"teal\">FilteredElementCollector</span>( doc );\n \n  collector.OfClass( <span class=\"blue\">typeof</span>( <span class=\"teal\">ViewPlan</span> ) )\n    .WherePasses( epf ); <span class=\"green\">// only deal with ViewPlan</span>\n</pre>\n<a name=\"6\"></a>\n<h4>Double Parameter</h4>\n<p>Use numeric evaluator and double rule to test double parameter;\nFilter levels whose top offset is greater than specified value:\n\n<pre class=\"code\">\n  <span class=\"blue\">double</span> ruleValDb = 10;\n \n  testParam =\n    <span class=\"teal\">BuiltInParameter</span>.VIEWER_BOUND_OFFSET_TOP;\n \n  pvp = <span class=\"blue\">new</span> <span class=\"teal\">ParameterValueProvider</span>(\n    <span class=\"blue\">new</span> <span class=\"teal\">ElementId</span>( ( <span class=\"blue\">int</span> ) testParam ) );\n \n  fnrv = <span class=\"blue\">new</span> <span class=\"teal\">FilterNumericGreater</span>();\n \n  paramFr = <span class=\"blue\">new</span> <span class=\"teal\">FilterDoubleRule</span>(\n    pvp, fnrv, ruleValDb, <span class=\"blue\">double</span>.Epsilon );\n \n  epf = new ElementParameterFilter( paramFr );\n \n  collector = <span class=\"blue\">new</span> <span class=\"teal\">FilteredElementCollector</span>( doc );\n \n  collector.OfClass( <span class=\"blue\">typeof</span>( <span class=\"teal\">ViewPlan</span> ) )\n    .WherePasses( epf ); <span class=\"green\">// only deal with ViewPlan</span>\n</pre>\n<a name=\"7\"></a>\n<h4>String Parameter</h4>\n<p>Use string evaluator and string rule to test string parameter;\nFilter all elements whose view name contains level:\n\n<pre class=\"code\">\n  <span class=\"teal\">String</span> ruleValStr = <span class=\"maroon\">\"Level\"</span>;\n \n  testParam = <span class=\"teal\">BuiltInParameter</span>.VIEW_NAME;\n \n  pvp = <span class=\"blue\">new</span> <span class=\"teal\">ParameterValueProvider</span>(\n    <span class=\"blue\">new</span> <span class=\"teal\">ElementId</span>( ( <span class=\"blue\">int</span> ) testParam ) );\n \n  <span class=\"teal\">FilterStringRuleEvaluator</span> fnrvStr\n    = <span class=\"blue\">new</span> <span class=\"teal\">FilterStringContains</span>();\n \n  paramFr = <span class=\"blue\">new</span> <span class=\"teal\">FilterStringRule</span>(\n    pvp, fnrvStr, ruleValStr, <span class=\"blue\">false</span> );\n \n  epf = new ElementParameterFilter( paramFr );\n \n  collector = <span class=\"blue\">new</span> <span class=\"teal\">FilteredElementCollector</span>( doc );\n \n  collector.OfClass( <span class=\"blue\">typeof</span>( <span class=\"teal\">ViewPlan</span> ) )\n    .WherePasses( epf ); <span class=\"green\">// only deal with ViewPlan</span>\n</pre>\n<p>Many thanks to Joe Ye and Kevin Vandecar for these new examples!\n\n<p>I hope we have collected and presented enough parameter filter samples now to cover all possible cases!\nIf not, I would not be surprised, and just let me know, please...\n</p></p></p></p></p></p></p></p></p></p></p></p></p></p></p></p></p></p></p></p></p></p></p></p></p></p></p></p></p></p></p></p>"
  },
  {
    "original_filename": "0383_param_filter",
    "header_text": "Retrieving beams on a specific level",
    "local_header_href": "#retrieving-beams-on-a-specific-level",
    "chunk_text": "<h4>Retrieving beams on a specific level</h4><p><strong>Question:</strong> My model contains various elements such as walls, beams, slabs and columns on Level 1, and I am trying to retrieve them all using an ElementLevelFilter like this:\n\n<pre class=\"code\">\n  <span class=\"teal\">FilteredElementCollector</span> collector\n    = <span class=\"blue\">new</span> <span class=\"teal\">FilteredElementCollector</span>( doc );\n \n  <span class=\"teal\">ICollection</span>&lt;<span class=\"teal\">Element</span>&gt; levels\n    = collector.OfClass( <span class=\"blue\">typeof</span>( <span class=\"teal\">Level</span> ) )\n      .ToElements();\n \n  <span class=\"blue\">for</span>( <span class=\"blue\">int</span> i = 0; i &lt; levels.Count; i++ )\n  {\n    <span class=\"teal\">ElementId</span> levelId = levels.ElementAt( i ).Id;\n \n    <span class=\"teal\">ElementLevelFilter</span> levelFilter\n      = <span class=\"blue\">new</span> <span class=\"teal\">ElementLevelFilter</span>( levelId );\n \n    collector = <span class=\"blue\">new</span> <span class=\"teal\">FilteredElementCollector</span>( doc );\n \n    <span class=\"teal\">ICollection</span>&lt;<span class=\"teal\">Element</span>&gt; allOnLevel\n      = collector.WherePasses( levelFilter )\n        .ToElements();\n \n    <span class=\"green\">// . . .</span>\n  }\n</pre>\n<p>I am expecting all elements on Level 1 to be returned in this collection, but in fact I see that while the walls, slabs and columns are present, all the beam elements are missing.\n\n<p>Why are the beams not included?\n\n<p>How can I set up the filtered element collector to retrieve them as well?\n\n\n<p><strong>Answer:</strong> The elements returned by your collector are of wall, column and slab type.\nThese elements all have a valid value in their Level property.\n\n<p>However, the beams' Level property value is null, because the beam is not a level based component.\nA beam does not have a Base Level or Base Constraint parameter.\n\n<p>It does have a Reference Level parameter, however.\nYou can therefore retrieve beams on a specific Level using a parameter filter that checks its reference level.\n\n<p>Here is a code snippet to set up a filtered element collector and an appropriate parameter filter.\nYou can add the beams returned by this to the original collection:\n\n<pre class=\"code\">\n  <span class=\"teal\">FilteredElementCollector</span> collector\n    = <span class=\"blue\">new</span> <span class=\"teal\">FilteredElementCollector</span>( doc );\n \n  collector.OfCategory(\n    <span class=\"teal\">BuiltInCategory</span>.OST_StructuralFraming );\n \n  collector.OfClass( <span class=\"blue\">typeof</span>( <span class=\"teal\">FamilyInstance</span> ) );\n \n  <span class=\"teal\">BuiltInParameter</span> bip = <span class=\"teal\">BuiltInParameter</span>\n    .INSTANCE_REFERENCE_LEVEL_PARAM;\n \n  <span class=\"teal\">ParameterValueProvider</span> provider\n    = <span class=\"blue\">new</span> <span class=\"teal\">ParameterValueProvider</span>(\n      <span class=\"blue\">new</span> <span class=\"teal\">ElementId</span>( bip ) );\n \n  <span class=\"teal\">FilterNumericRuleEvaluator</span> evaluator\n    = <span class=\"blue\">new</span> <span class=\"teal\">FilterNumericGreater</span>();\n \n  <span class=\"teal\">ElementId</span> idRuleValue = level.Id;\n \n  <span class=\"teal\">FilterElementIdRule</span> rule\n    = <span class=\"blue\">new</span> <span class=\"teal\">FilterElementIdRule</span>(\n      provider, evaluator, idRuleValue );\n \n  <span class=\"teal\">ElementParameterFilter</span> filter\n    = <span class=\"blue\">new</span> <span class=\"teal\">ElementParameterFilter</span>( rule );\n \n  collector.WherePasses( filter );\n</pre>\n<a name=\"2\"></a>\n<h4>Retrieving Elements in a Specific Room</h4>\n<p><strong>Question:</strong> I have been able to scan a model manually to select elements, such as Furniture, and determine which room each item is in.\nI would like to efficiently find all the elements that are associated with a specific room, without manually scanning through all the elements in the model.\nIs there a structure in the API that will find me a list of elements that are in a room?\n\n<p><strong>Answer:</strong> The Revit 2011 API filtered element collector functionality includes parameter filters which can be used to conveniently retrieve all components located in a specified room.\nThe parameter filter can be used because the room location is available through the built-in parameter ELEM_ROOM_NUMBER.\nHere is a complete external command example demonstrating this:\n\n<pre class=\"code\">\n[<span class=\"teal\">TransactionAttribute</span>( <span class=\"teal\">TransactionMode</span>.ReadOnly )]\n[<span class=\"teal\">RegenerationAttribute</span>( <span class=\"teal\">RegenerationOption</span>.Manual )]\n<span class=\"blue\">public</span> <span class=\"blue\">class</span> <span class=\"teal\">RevitCommand</span> : <span class=\"teal\">IExternalCommand</span>\n{\n  <span class=\"blue\">public</span> <span class=\"teal\">Result</span> Execute(\n    <span class=\"teal\">ExternalCommandData</span> commandData,\n    <span class=\"blue\">ref</span> <span class=\"blue\">string</span> messages,\n    <span class=\"teal\">ElementSet</span> elements )\n  {\n    <span class=\"teal\">UIApplication</span> app = commandData.Application;\n    <span class=\"teal\">Document</span> doc = app.ActiveUIDocument.Document;\n \n    <span class=\"teal\">ElementId</span> id = <span class=\"blue\">new</span> <span class=\"teal\">ElementId</span>(\n      <span class=\"teal\">BuiltInParameter</span>.ELEM_ROOM_NUMBER );\n \n    <span class=\"teal\">ParameterValueProvider</span> provider\n      = <span class=\"blue\">new</span> <span class=\"teal\">ParameterValueProvider</span>( id );\n \n    <span class=\"teal\">FilterStringRuleEvaluator</span> evaluator\n      = <span class=\"blue\">new</span> <span class=\"teal\">FilterStringEquals</span>();\n \n    <span class=\"blue\">string</span> sRoomNumber = <span class=\"maroon\">\"1\"</span>;\n \n    <span class=\"teal\">FilterRule</span> rule = <span class=\"blue\">new</span> <span class=\"teal\">FilterStringRule</span>(\n      provider, evaluator, sRoomNumber, <span class=\"blue\">false</span> );\n \n    <span class=\"teal\">ElementParameterFilter</span> filter\n      = <span class=\"blue\">new</span> <span class=\"teal\">ElementParameterFilter</span>( rule );\n \n    <span class=\"teal\">FilteredElementCollector</span> collector\n      = <span class=\"blue\">new</span> <span class=\"teal\">FilteredElementCollector</span>( doc )\n        .WherePasses( filter );\n \n    <span class=\"blue\">string</span> s = <span class=\"blue\">string</span>.Empty;\n \n    <span class=\"blue\">foreach</span>( <span class=\"teal\">Element</span> elem <span class=\"blue\">in</span> collector )\n    {\n      s += elem.Name + elem.Category.Name.ToString() + <span class=\"maroon\">\"\\n\"</span>;\n \n    }\n    System.Windows.Forms.<span class=\"teal\">MessageBox</span>.Show( s );\n \n    <span class=\"blue\">return</span> <span class=\"teal\">Result</span>.Succeeded;\n  }\n}\n</pre>\n<a name=\"3\"></a>\n<h4>Retrieving levels by name</h4>\n<p>As mentioned above, we already looked at examples of retrieving\n\n<a href=\"http://thebuildingcoder.typepad.com/blog/2010/04/collector-benchmark.html\">\nelements by element name</a> and\n\n<a href=\"http://thebuildingcoder.typepad.com/blog/2010/04/retrieve-stairs-on-level.html\">\nstairs on a specific level</a>.\n\nHere is a slightly different issue, retrieving levels by name, encountered by Kevin Vandecar:\n\n<p><strong>Question:</strong> I am covering the parameter filter in my DevCamp presentation and I have to admit I have not used it before.\nI checked out the\n\n<a href=\"http://thebuildingcoder.typepad.com/blog/2010/04/collector-benchmark.html\">\nbenchmarking code</a> which\n\nuses a parameter filter to find level by name.\nHowever, when I ran it, it did not work for me and GetFirstNamedElementOfTypeUsingParameterFilter always returned null.\n\nI then moved on to trying some other examples, which are appended below.\nI got them working ok...\n\n<p><strong>Answer:</strong> So then I went back to the benchmarking code to see why I was not getting anything back.\nIt took some debugging, but for whatever reason, it appears that a Level object stores its Name parameter in the built-in parameter DATUM_TEXT parameter instead of ELEM_NAME_PARAM.\n\n<p>That leads me to another question:\nHow does an API user typically figure out which parameter to use?\nIf I use RevitLookup on Level, I can also see a parameter named 'Name' there, but...\n\n<p>WOW, hold on!\nI just tried RevitLookup again, and it does show the built-in parameter API name as well!\nCOOL!\nI clicked Level, selected a level, then clicked Parameters, then selected Name, then Definition, and then the dialog shows an entry: Built in Param = DATUM_TEXT.\nSo I guess that confirms it.\n\n<p>Wow, I wish I had known that last night!\n\n<p>Anyway, here\ns the final code I used to test to find all Levels containing the string \"Level\" in their Name parameter, i.e. in the built-in parameter DATUM_TEXT:\n\n<pre class=\"code\">\n  <span class=\"teal\">FilteredElementCollector</span> collector\n    = <span class=\"blue\">new</span> <span class=\"teal\">FilteredElementCollector</span>( doc );\n \n  collector.OfClass( <span class=\"blue\">typeof</span>( <span class=\"teal\">Level</span> ) );\n  <span class=\"teal\">ElementId</span> id = <span class=\"blue\">new</span> <span class=\"teal\">ElementId</span>(\n    <span class=\"teal\">BuiltInParameter</span>.DATUM_TEXT );\n \n  <span class=\"teal\">ParameterValueProvider</span> provider\n    = <span class=\"blue\">new</span> <span class=\"teal\">ParameterValueProvider</span>( id );\n \n  <span class=\"teal\">FilterStringRuleEvaluator</span> evaluator\n    = <span class=\"blue\">new</span> <span class=\"teal\">FilterStringContains</span>();\n \n  <span class=\"teal\">FilterRule</span> rule = <span class=\"blue\">new</span> <span class=\"teal\">FilterStringRule</span>(\n    provider, evaluator, <span class=\"maroon\">\"Level\"</span>, <span class=\"blue\">false</span> );\n \n  <span class=\"teal\">ElementParameterFilter</span> filter\n    = <span class=\"blue\">new</span> <span class=\"teal\">ElementParameterFilter</span>( rule );\n</pre>\n<p>Ok, I am on my way again, and hope this bit of research helps.\n\n<p>Here are the other examples that Kevin mentioned:\n\n\n<a name=\"4\"></a>\n<h4>ElementId Parameter</h4>\n<p>Use numeric evaluator and integer rule to test ElementId parameter;\nFilter levels whose id is greater than specified id value:\n\n<pre class=\"code\">\n  <span class=\"teal\">BuiltInParameter</span> testParam\n    = <span class=\"teal\">BuiltInParameter</span>.ID_PARAM;\n \n  <span class=\"teal\">ParameterValueProvider</span> pvp\n    = <span class=\"blue\">new</span> <span class=\"teal\">ParameterValueProvider</span>(\n      <span class=\"blue\">new</span> <span class=\"teal\">ElementId</span>( ( <span class=\"blue\">int</span> ) testParam ) );\n \n  <span class=\"teal\">FilterNumericRuleEvaluator</span> fnrv\n    = <span class=\"blue\">new</span> <span class=\"teal\">FilterNumericGreater</span>();\n \n  <span class=\"green\">// filter elements whose Id is greater than 99</span>\n \n  <span class=\"teal\">ElementId</span> ruleValId = <span class=\"blue\">new</span> <span class=\"teal\">ElementId</span>( 99 );\n \n  <span class=\"teal\">FilterRule</span> paramFr = <span class=\"blue\">new</span> <span class=\"teal\">FilterElementIdRule</span>(\n    pvp, fnrv, ruleValId );\n \n  <span class=\"teal\">ElementParameterFilter</span> epf\n    = <span class=\"blue\">new</span> <span class=\"teal\">ElementParameterFilter</span>( paramFr );\n \n  <span class=\"teal\">FilteredElementCollector</span> collector\n    = <span class=\"blue\">new</span> <span class=\"teal\">FilteredElementCollector</span>(  doc );\n \n  collector.OfClass( <span class=\"blue\">typeof</span>( <span class=\"teal\">ViewPlan</span> ) )\n    .WherePasses( epf ); <span class=\"green\">// only deal with ViewPlan</span>\n</pre>\n<a name=\"5\"></a>\n<h4>Boolean Parameter</h4>\n<p>Use numeric evaluator and integer rule to test Boolean parameter;\nFilter levels whose crop view is false:\n\n<pre class=\"code\">\n  <span class=\"blue\">int</span> ruleValInt = 0;\n \n  testParam = <span class=\"teal\">BuiltInParameter</span>.VIEWER_CROP_REGION;\n \n  pvp = <span class=\"blue\">new</span> <span class=\"teal\">ParameterValueProvider</span>(\n    <span class=\"blue\">new</span> <span class=\"teal\">ElementId</span>( ( <span class=\"blue\">int</span> ) testParam ) );\n \n  fnrv = <span class=\"blue\">new</span> <span class=\"teal\">FilterNumericEquals</span>();\n \n  paramFr = <span class=\"blue\">new</span> <span class=\"teal\">FilterIntegerRule</span>(\n    pvp, fnrv, ruleValInt );\n \n  epf = <span class=\"blue\">new</span> <span class=\"teal\">ElementParameterFilter</span>( paramFr );\n \n  collector = <span class=\"blue\">new</span> <span class=\"teal\">FilteredElementCollector</span>( doc );\n \n  collector.OfClass( <span class=\"blue\">typeof</span>( <span class=\"teal\">ViewPlan</span> ) )\n    .WherePasses( epf ); <span class=\"green\">// only deal with ViewPlan</span>\n</pre>\n<a name=\"6\"></a>\n<h4>Double Parameter</h4>\n<p>Use numeric evaluator and double rule to test double parameter;\nFilter levels whose top offset is greater than specified value:\n\n<pre class=\"code\">\n  <span class=\"blue\">double</span> ruleValDb = 10;\n \n  testParam =\n    <span class=\"teal\">BuiltInParameter</span>.VIEWER_BOUND_OFFSET_TOP;\n \n  pvp = <span class=\"blue\">new</span> <span class=\"teal\">ParameterValueProvider</span>(\n    <span class=\"blue\">new</span> <span class=\"teal\">ElementId</span>( ( <span class=\"blue\">int</span> ) testParam ) );\n \n  fnrv = <span class=\"blue\">new</span> <span class=\"teal\">FilterNumericGreater</span>();\n \n  paramFr = <span class=\"blue\">new</span> <span class=\"teal\">FilterDoubleRule</span>(\n    pvp, fnrv, ruleValDb, <span class=\"blue\">double</span>.Epsilon );\n \n  epf = new ElementParameterFilter( paramFr );\n \n  collector = <span class=\"blue\">new</span> <span class=\"teal\">FilteredElementCollector</span>( doc );\n \n  collector.OfClass( <span class=\"blue\">typeof</span>( <span class=\"teal\">ViewPlan</span> ) )\n    .WherePasses( epf ); <span class=\"green\">// only deal with ViewPlan</span>\n</pre>\n<a name=\"7\"></a>\n<h4>String Parameter</h4>\n<p>Use string evaluator and string rule to test string parameter;\nFilter all elements whose view name contains level:\n\n<pre class=\"code\">\n  <span class=\"teal\">String</span> ruleValStr = <span class=\"maroon\">\"Level\"</span>;\n \n  testParam = <span class=\"teal\">BuiltInParameter</span>.VIEW_NAME;\n \n  pvp = <span class=\"blue\">new</span> <span class=\"teal\">ParameterValueProvider</span>(\n    <span class=\"blue\">new</span> <span class=\"teal\">ElementId</span>( ( <span class=\"blue\">int</span> ) testParam ) );\n \n  <span class=\"teal\">FilterStringRuleEvaluator</span> fnrvStr\n    = <span class=\"blue\">new</span> <span class=\"teal\">FilterStringContains</span>();\n \n  paramFr = <span class=\"blue\">new</span> <span class=\"teal\">FilterStringRule</span>(\n    pvp, fnrvStr, ruleValStr, <span class=\"blue\">false</span> );\n \n  epf = new ElementParameterFilter( paramFr );\n \n  collector = <span class=\"blue\">new</span> <span class=\"teal\">FilteredElementCollector</span>( doc );\n \n  collector.OfClass( <span class=\"blue\">typeof</span>( <span class=\"teal\">ViewPlan</span> ) )\n    .WherePasses( epf ); <span class=\"green\">// only deal with ViewPlan</span>\n</pre>\n<p>Many thanks to Joe Ye and Kevin Vandecar for these new examples!\n\n<p>I hope we have collected and presented enough parameter filter samples now to cover all possible cases!\nIf not, I would not be surprised, and just let me know, please...\n</p></p></p></p></p></p></p></p></p></p></p></p></p></p></p></p></p></p></p></p></p></p></p></p></p>"
  },
  {
    "original_filename": "0383_param_filter",
    "header_text": "Retrieving Elements in a Specific Room",
    "local_header_href": "#retrieving-elements-in-a-specific-room",
    "chunk_text": "<h4>Retrieving Elements in a Specific Room</h4><p><strong>Question:</strong> I have been able to scan a model manually to select elements, such as Furniture, and determine which room each item is in.\nI would like to efficiently find all the elements that are associated with a specific room, without manually scanning through all the elements in the model.\nIs there a structure in the API that will find me a list of elements that are in a room?\n\n<p><strong>Answer:</strong> The Revit 2011 API filtered element collector functionality includes parameter filters which can be used to conveniently retrieve all components located in a specified room.\nThe parameter filter can be used because the room location is available through the built-in parameter ELEM_ROOM_NUMBER.\nHere is a complete external command example demonstrating this:\n\n<pre class=\"code\">\n[<span class=\"teal\">TransactionAttribute</span>( <span class=\"teal\">TransactionMode</span>.ReadOnly )]\n[<span class=\"teal\">RegenerationAttribute</span>( <span class=\"teal\">RegenerationOption</span>.Manual )]\n<span class=\"blue\">public</span> <span class=\"blue\">class</span> <span class=\"teal\">RevitCommand</span> : <span class=\"teal\">IExternalCommand</span>\n{\n  <span class=\"blue\">public</span> <span class=\"teal\">Result</span> Execute(\n    <span class=\"teal\">ExternalCommandData</span> commandData,\n    <span class=\"blue\">ref</span> <span class=\"blue\">string</span> messages,\n    <span class=\"teal\">ElementSet</span> elements )\n  {\n    <span class=\"teal\">UIApplication</span> app = commandData.Application;\n    <span class=\"teal\">Document</span> doc = app.ActiveUIDocument.Document;\n \n    <span class=\"teal\">ElementId</span> id = <span class=\"blue\">new</span> <span class=\"teal\">ElementId</span>(\n      <span class=\"teal\">BuiltInParameter</span>.ELEM_ROOM_NUMBER );\n \n    <span class=\"teal\">ParameterValueProvider</span> provider\n      = <span class=\"blue\">new</span> <span class=\"teal\">ParameterValueProvider</span>( id );\n \n    <span class=\"teal\">FilterStringRuleEvaluator</span> evaluator\n      = <span class=\"blue\">new</span> <span class=\"teal\">FilterStringEquals</span>();\n \n    <span class=\"blue\">string</span> sRoomNumber = <span class=\"maroon\">\"1\"</span>;\n \n    <span class=\"teal\">FilterRule</span> rule = <span class=\"blue\">new</span> <span class=\"teal\">FilterStringRule</span>(\n      provider, evaluator, sRoomNumber, <span class=\"blue\">false</span> );\n \n    <span class=\"teal\">ElementParameterFilter</span> filter\n      = <span class=\"blue\">new</span> <span class=\"teal\">ElementParameterFilter</span>( rule );\n \n    <span class=\"teal\">FilteredElementCollector</span> collector\n      = <span class=\"blue\">new</span> <span class=\"teal\">FilteredElementCollector</span>( doc )\n        .WherePasses( filter );\n \n    <span class=\"blue\">string</span> s = <span class=\"blue\">string</span>.Empty;\n \n    <span class=\"blue\">foreach</span>( <span class=\"teal\">Element</span> elem <span class=\"blue\">in</span> collector )\n    {\n      s += elem.Name + elem.Category.Name.ToString() + <span class=\"maroon\">\"\\n\"</span>;\n \n    }\n    System.Windows.Forms.<span class=\"teal\">MessageBox</span>.Show( s );\n \n    <span class=\"blue\">return</span> <span class=\"teal\">Result</span>.Succeeded;\n  }\n}\n</pre>\n<a name=\"3\"></a>\n<h4>Retrieving levels by name</h4>\n<p>As mentioned above, we already looked at examples of retrieving\n\n<a href=\"http://thebuildingcoder.typepad.com/blog/2010/04/collector-benchmark.html\">\nelements by element name</a> and\n\n<a href=\"http://thebuildingcoder.typepad.com/blog/2010/04/retrieve-stairs-on-level.html\">\nstairs on a specific level</a>.\n\nHere is a slightly different issue, retrieving levels by name, encountered by Kevin Vandecar:\n\n<p><strong>Question:</strong> I am covering the parameter filter in my DevCamp presentation and I have to admit I have not used it before.\nI checked out the\n\n<a href=\"http://thebuildingcoder.typepad.com/blog/2010/04/collector-benchmark.html\">\nbenchmarking code</a> which\n\nuses a parameter filter to find level by name.\nHowever, when I ran it, it did not work for me and GetFirstNamedElementOfTypeUsingParameterFilter always returned null.\n\nI then moved on to trying some other examples, which are appended below.\nI got them working ok...\n\n<p><strong>Answer:</strong> So then I went back to the benchmarking code to see why I was not getting anything back.\nIt took some debugging, but for whatever reason, it appears that a Level object stores its Name parameter in the built-in parameter DATUM_TEXT parameter instead of ELEM_NAME_PARAM.\n\n<p>That leads me to another question:\nHow does an API user typically figure out which parameter to use?\nIf I use RevitLookup on Level, I can also see a parameter named 'Name' there, but...\n\n<p>WOW, hold on!\nI just tried RevitLookup again, and it does show the built-in parameter API name as well!\nCOOL!\nI clicked Level, selected a level, then clicked Parameters, then selected Name, then Definition, and then the dialog shows an entry: Built in Param = DATUM_TEXT.\nSo I guess that confirms it.\n\n<p>Wow, I wish I had known that last night!\n\n<p>Anyway, here\ns the final code I used to test to find all Levels containing the string \"Level\" in their Name parameter, i.e. in the built-in parameter DATUM_TEXT:\n\n<pre class=\"code\">\n  <span class=\"teal\">FilteredElementCollector</span> collector\n    = <span class=\"blue\">new</span> <span class=\"teal\">FilteredElementCollector</span>( doc );\n \n  collector.OfClass( <span class=\"blue\">typeof</span>( <span class=\"teal\">Level</span> ) );\n  <span class=\"teal\">ElementId</span> id = <span class=\"blue\">new</span> <span class=\"teal\">ElementId</span>(\n    <span class=\"teal\">BuiltInParameter</span>.DATUM_TEXT );\n \n  <span class=\"teal\">ParameterValueProvider</span> provider\n    = <span class=\"blue\">new</span> <span class=\"teal\">ParameterValueProvider</span>( id );\n \n  <span class=\"teal\">FilterStringRuleEvaluator</span> evaluator\n    = <span class=\"blue\">new</span> <span class=\"teal\">FilterStringContains</span>();\n \n  <span class=\"teal\">FilterRule</span> rule = <span class=\"blue\">new</span> <span class=\"teal\">FilterStringRule</span>(\n    provider, evaluator, <span class=\"maroon\">\"Level\"</span>, <span class=\"blue\">false</span> );\n \n  <span class=\"teal\">ElementParameterFilter</span> filter\n    = <span class=\"blue\">new</span> <span class=\"teal\">ElementParameterFilter</span>( rule );\n</pre>\n<p>Ok, I am on my way again, and hope this bit of research helps.\n\n<p>Here are the other examples that Kevin mentioned:\n\n\n<a name=\"4\"></a>\n<h4>ElementId Parameter</h4>\n<p>Use numeric evaluator and integer rule to test ElementId parameter;\nFilter levels whose id is greater than specified id value:\n\n<pre class=\"code\">\n  <span class=\"teal\">BuiltInParameter</span> testParam\n    = <span class=\"teal\">BuiltInParameter</span>.ID_PARAM;\n \n  <span class=\"teal\">ParameterValueProvider</span> pvp\n    = <span class=\"blue\">new</span> <span class=\"teal\">ParameterValueProvider</span>(\n      <span class=\"blue\">new</span> <span class=\"teal\">ElementId</span>( ( <span class=\"blue\">int</span> ) testParam ) );\n \n  <span class=\"teal\">FilterNumericRuleEvaluator</span> fnrv\n    = <span class=\"blue\">new</span> <span class=\"teal\">FilterNumericGreater</span>();\n \n  <span class=\"green\">// filter elements whose Id is greater than 99</span>\n \n  <span class=\"teal\">ElementId</span> ruleValId = <span class=\"blue\">new</span> <span class=\"teal\">ElementId</span>( 99 );\n \n  <span class=\"teal\">FilterRule</span> paramFr = <span class=\"blue\">new</span> <span class=\"teal\">FilterElementIdRule</span>(\n    pvp, fnrv, ruleValId );\n \n  <span class=\"teal\">ElementParameterFilter</span> epf\n    = <span class=\"blue\">new</span> <span class=\"teal\">ElementParameterFilter</span>( paramFr );\n \n  <span class=\"teal\">FilteredElementCollector</span> collector\n    = <span class=\"blue\">new</span> <span class=\"teal\">FilteredElementCollector</span>(  doc );\n \n  collector.OfClass( <span class=\"blue\">typeof</span>( <span class=\"teal\">ViewPlan</span> ) )\n    .WherePasses( epf ); <span class=\"green\">// only deal with ViewPlan</span>\n</pre>\n<a name=\"5\"></a>\n<h4>Boolean Parameter</h4>\n<p>Use numeric evaluator and integer rule to test Boolean parameter;\nFilter levels whose crop view is false:\n\n<pre class=\"code\">\n  <span class=\"blue\">int</span> ruleValInt = 0;\n \n  testParam = <span class=\"teal\">BuiltInParameter</span>.VIEWER_CROP_REGION;\n \n  pvp = <span class=\"blue\">new</span> <span class=\"teal\">ParameterValueProvider</span>(\n    <span class=\"blue\">new</span> <span class=\"teal\">ElementId</span>( ( <span class=\"blue\">int</span> ) testParam ) );\n \n  fnrv = <span class=\"blue\">new</span> <span class=\"teal\">FilterNumericEquals</span>();\n \n  paramFr = <span class=\"blue\">new</span> <span class=\"teal\">FilterIntegerRule</span>(\n    pvp, fnrv, ruleValInt );\n \n  epf = <span class=\"blue\">new</span> <span class=\"teal\">ElementParameterFilter</span>( paramFr );\n \n  collector = <span class=\"blue\">new</span> <span class=\"teal\">FilteredElementCollector</span>( doc );\n \n  collector.OfClass( <span class=\"blue\">typeof</span>( <span class=\"teal\">ViewPlan</span> ) )\n    .WherePasses( epf ); <span class=\"green\">// only deal with ViewPlan</span>\n</pre>\n<a name=\"6\"></a>\n<h4>Double Parameter</h4>\n<p>Use numeric evaluator and double rule to test double parameter;\nFilter levels whose top offset is greater than specified value:\n\n<pre class=\"code\">\n  <span class=\"blue\">double</span> ruleValDb = 10;\n \n  testParam =\n    <span class=\"teal\">BuiltInParameter</span>.VIEWER_BOUND_OFFSET_TOP;\n \n  pvp = <span class=\"blue\">new</span> <span class=\"teal\">ParameterValueProvider</span>(\n    <span class=\"blue\">new</span> <span class=\"teal\">ElementId</span>( ( <span class=\"blue\">int</span> ) testParam ) );\n \n  fnrv = <span class=\"blue\">new</span> <span class=\"teal\">FilterNumericGreater</span>();\n \n  paramFr = <span class=\"blue\">new</span> <span class=\"teal\">FilterDoubleRule</span>(\n    pvp, fnrv, ruleValDb, <span class=\"blue\">double</span>.Epsilon );\n \n  epf = new ElementParameterFilter( paramFr );\n \n  collector = <span class=\"blue\">new</span> <span class=\"teal\">FilteredElementCollector</span>( doc );\n \n  collector.OfClass( <span class=\"blue\">typeof</span>( <span class=\"teal\">ViewPlan</span> ) )\n    .WherePasses( epf ); <span class=\"green\">// only deal with ViewPlan</span>\n</pre>\n<a name=\"7\"></a>\n<h4>String Parameter</h4>\n<p>Use string evaluator and string rule to test string parameter;\nFilter all elements whose view name contains level:\n\n<pre class=\"code\">\n  <span class=\"teal\">String</span> ruleValStr = <span class=\"maroon\">\"Level\"</span>;\n \n  testParam = <span class=\"teal\">BuiltInParameter</span>.VIEW_NAME;\n \n  pvp = <span class=\"blue\">new</span> <span class=\"teal\">ParameterValueProvider</span>(\n    <span class=\"blue\">new</span> <span class=\"teal\">ElementId</span>( ( <span class=\"blue\">int</span> ) testParam ) );\n \n  <span class=\"teal\">FilterStringRuleEvaluator</span> fnrvStr\n    = <span class=\"blue\">new</span> <span class=\"teal\">FilterStringContains</span>();\n \n  paramFr = <span class=\"blue\">new</span> <span class=\"teal\">FilterStringRule</span>(\n    pvp, fnrvStr, ruleValStr, <span class=\"blue\">false</span> );\n \n  epf = new ElementParameterFilter( paramFr );\n \n  collector = <span class=\"blue\">new</span> <span class=\"teal\">FilteredElementCollector</span>( doc );\n \n  collector.OfClass( <span class=\"blue\">typeof</span>( <span class=\"teal\">ViewPlan</span> ) )\n    .WherePasses( epf ); <span class=\"green\">// only deal with ViewPlan</span>\n</pre>\n<p>Many thanks to Joe Ye and Kevin Vandecar for these new examples!\n\n<p>I hope we have collected and presented enough parameter filter samples now to cover all possible cases!\nIf not, I would not be surprised, and just let me know, please...\n</p></p></p></p></p></p></p></p></p></p></p></p></p></p></p></p></p>"
  },
  {
    "original_filename": "0383_param_filter",
    "header_text": "Retrieving levels by name",
    "local_header_href": "#retrieving-levels-by-name",
    "chunk_text": "<h4>Retrieving levels by name</h4><p>As mentioned above, we already looked at examples of retrieving\n\n<a href=\"http://thebuildingcoder.typepad.com/blog/2010/04/collector-benchmark.html\">\nelements by element name</a> and\n\n<a href=\"http://thebuildingcoder.typepad.com/blog/2010/04/retrieve-stairs-on-level.html\">\nstairs on a specific level</a>.\n\nHere is a slightly different issue, retrieving levels by name, encountered by Kevin Vandecar:\n\n<p><strong>Question:</strong> I am covering the parameter filter in my DevCamp presentation and I have to admit I have not used it before.\nI checked out the\n\n<a href=\"http://thebuildingcoder.typepad.com/blog/2010/04/collector-benchmark.html\">\nbenchmarking code</a> which\n\nuses a parameter filter to find level by name.\nHowever, when I ran it, it did not work for me and GetFirstNamedElementOfTypeUsingParameterFilter always returned null.\n\nI then moved on to trying some other examples, which are appended below.\nI got them working ok...\n\n<p><strong>Answer:</strong> So then I went back to the benchmarking code to see why I was not getting anything back.\nIt took some debugging, but for whatever reason, it appears that a Level object stores its Name parameter in the built-in parameter DATUM_TEXT parameter instead of ELEM_NAME_PARAM.\n\n<p>That leads me to another question:\nHow does an API user typically figure out which parameter to use?\nIf I use RevitLookup on Level, I can also see a parameter named 'Name' there, but...\n\n<p>WOW, hold on!\nI just tried RevitLookup again, and it does show the built-in parameter API name as well!\nCOOL!\nI clicked Level, selected a level, then clicked Parameters, then selected Name, then Definition, and then the dialog shows an entry: Built in Param = DATUM_TEXT.\nSo I guess that confirms it.\n\n<p>Wow, I wish I had known that last night!\n\n<p>Anyway, here\ns the final code I used to test to find all Levels containing the string \"Level\" in their Name parameter, i.e. in the built-in parameter DATUM_TEXT:\n\n<pre class=\"code\">\n  <span class=\"teal\">FilteredElementCollector</span> collector\n    = <span class=\"blue\">new</span> <span class=\"teal\">FilteredElementCollector</span>( doc );\n \n  collector.OfClass( <span class=\"blue\">typeof</span>( <span class=\"teal\">Level</span> ) );\n  <span class=\"teal\">ElementId</span> id = <span class=\"blue\">new</span> <span class=\"teal\">ElementId</span>(\n    <span class=\"teal\">BuiltInParameter</span>.DATUM_TEXT );\n \n  <span class=\"teal\">ParameterValueProvider</span> provider\n    = <span class=\"blue\">new</span> <span class=\"teal\">ParameterValueProvider</span>( id );\n \n  <span class=\"teal\">FilterStringRuleEvaluator</span> evaluator\n    = <span class=\"blue\">new</span> <span class=\"teal\">FilterStringContains</span>();\n \n  <span class=\"teal\">FilterRule</span> rule = <span class=\"blue\">new</span> <span class=\"teal\">FilterStringRule</span>(\n    provider, evaluator, <span class=\"maroon\">\"Level\"</span>, <span class=\"blue\">false</span> );\n \n  <span class=\"teal\">ElementParameterFilter</span> filter\n    = <span class=\"blue\">new</span> <span class=\"teal\">ElementParameterFilter</span>( rule );\n</pre>\n<p>Ok, I am on my way again, and hope this bit of research helps.\n\n<p>Here are the other examples that Kevin mentioned:\n\n\n<a name=\"4\"></a>\n<h4>ElementId Parameter</h4>\n<p>Use numeric evaluator and integer rule to test ElementId parameter;\nFilter levels whose id is greater than specified id value:\n\n<pre class=\"code\">\n  <span class=\"teal\">BuiltInParameter</span> testParam\n    = <span class=\"teal\">BuiltInParameter</span>.ID_PARAM;\n \n  <span class=\"teal\">ParameterValueProvider</span> pvp\n    = <span class=\"blue\">new</span> <span class=\"teal\">ParameterValueProvider</span>(\n      <span class=\"blue\">new</span> <span class=\"teal\">ElementId</span>( ( <span class=\"blue\">int</span> ) testParam ) );\n \n  <span class=\"teal\">FilterNumericRuleEvaluator</span> fnrv\n    = <span class=\"blue\">new</span> <span class=\"teal\">FilterNumericGreater</span>();\n \n  <span class=\"green\">// filter elements whose Id is greater than 99</span>\n \n  <span class=\"teal\">ElementId</span> ruleValId = <span class=\"blue\">new</span> <span class=\"teal\">ElementId</span>( 99 );\n \n  <span class=\"teal\">FilterRule</span> paramFr = <span class=\"blue\">new</span> <span class=\"teal\">FilterElementIdRule</span>(\n    pvp, fnrv, ruleValId );\n \n  <span class=\"teal\">ElementParameterFilter</span> epf\n    = <span class=\"blue\">new</span> <span class=\"teal\">ElementParameterFilter</span>( paramFr );\n \n  <span class=\"teal\">FilteredElementCollector</span> collector\n    = <span class=\"blue\">new</span> <span class=\"teal\">FilteredElementCollector</span>(  doc );\n \n  collector.OfClass( <span class=\"blue\">typeof</span>( <span class=\"teal\">ViewPlan</span> ) )\n    .WherePasses( epf ); <span class=\"green\">// only deal with ViewPlan</span>\n</pre>\n<a name=\"5\"></a>\n<h4>Boolean Parameter</h4>\n<p>Use numeric evaluator and integer rule to test Boolean parameter;\nFilter levels whose crop view is false:\n\n<pre class=\"code\">\n  <span class=\"blue\">int</span> ruleValInt = 0;\n \n  testParam = <span class=\"teal\">BuiltInParameter</span>.VIEWER_CROP_REGION;\n \n  pvp = <span class=\"blue\">new</span> <span class=\"teal\">ParameterValueProvider</span>(\n    <span class=\"blue\">new</span> <span class=\"teal\">ElementId</span>( ( <span class=\"blue\">int</span> ) testParam ) );\n \n  fnrv = <span class=\"blue\">new</span> <span class=\"teal\">FilterNumericEquals</span>();\n \n  paramFr = <span class=\"blue\">new</span> <span class=\"teal\">FilterIntegerRule</span>(\n    pvp, fnrv, ruleValInt );\n \n  epf = <span class=\"blue\">new</span> <span class=\"teal\">ElementParameterFilter</span>( paramFr );\n \n  collector = <span class=\"blue\">new</span> <span class=\"teal\">FilteredElementCollector</span>( doc );\n \n  collector.OfClass( <span class=\"blue\">typeof</span>( <span class=\"teal\">ViewPlan</span> ) )\n    .WherePasses( epf ); <span class=\"green\">// only deal with ViewPlan</span>\n</pre>\n<a name=\"6\"></a>\n<h4>Double Parameter</h4>\n<p>Use numeric evaluator and double rule to test double parameter;\nFilter levels whose top offset is greater than specified value:\n\n<pre class=\"code\">\n  <span class=\"blue\">double</span> ruleValDb = 10;\n \n  testParam =\n    <span class=\"teal\">BuiltInParameter</span>.VIEWER_BOUND_OFFSET_TOP;\n \n  pvp = <span class=\"blue\">new</span> <span class=\"teal\">ParameterValueProvider</span>(\n    <span class=\"blue\">new</span> <span class=\"teal\">ElementId</span>( ( <span class=\"blue\">int</span> ) testParam ) );\n \n  fnrv = <span class=\"blue\">new</span> <span class=\"teal\">FilterNumericGreater</span>();\n \n  paramFr = <span class=\"blue\">new</span> <span class=\"teal\">FilterDoubleRule</span>(\n    pvp, fnrv, ruleValDb, <span class=\"blue\">double</span>.Epsilon );\n \n  epf = new ElementParameterFilter( paramFr );\n \n  collector = <span class=\"blue\">new</span> <span class=\"teal\">FilteredElementCollector</span>( doc );\n \n  collector.OfClass( <span class=\"blue\">typeof</span>( <span class=\"teal\">ViewPlan</span> ) )\n    .WherePasses( epf ); <span class=\"green\">// only deal with ViewPlan</span>\n</pre>\n<a name=\"7\"></a>\n<h4>String Parameter</h4>\n<p>Use string evaluator and string rule to test string parameter;\nFilter all elements whose view name contains level:\n\n<pre class=\"code\">\n  <span class=\"teal\">String</span> ruleValStr = <span class=\"maroon\">\"Level\"</span>;\n \n  testParam = <span class=\"teal\">BuiltInParameter</span>.VIEW_NAME;\n \n  pvp = <span class=\"blue\">new</span> <span class=\"teal\">ParameterValueProvider</span>(\n    <span class=\"blue\">new</span> <span class=\"teal\">ElementId</span>( ( <span class=\"blue\">int</span> ) testParam ) );\n \n  <span class=\"teal\">FilterStringRuleEvaluator</span> fnrvStr\n    = <span class=\"blue\">new</span> <span class=\"teal\">FilterStringContains</span>();\n \n  paramFr = <span class=\"blue\">new</span> <span class=\"teal\">FilterStringRule</span>(\n    pvp, fnrvStr, ruleValStr, <span class=\"blue\">false</span> );\n \n  epf = new ElementParameterFilter( paramFr );\n \n  collector = <span class=\"blue\">new</span> <span class=\"teal\">FilteredElementCollector</span>( doc );\n \n  collector.OfClass( <span class=\"blue\">typeof</span>( <span class=\"teal\">ViewPlan</span> ) )\n    .WherePasses( epf ); <span class=\"green\">// only deal with ViewPlan</span>\n</pre>\n<p>Many thanks to Joe Ye and Kevin Vandecar for these new examples!\n\n<p>I hope we have collected and presented enough parameter filter samples now to cover all possible cases!\nIf not, I would not be surprised, and just let me know, please...\n</p></p></p></p></p></p></p></p></p></p></p></p></p></p></p>"
  },
  {
    "original_filename": "0383_param_filter",
    "header_text": "ElementId Parameter",
    "local_header_href": "#elementid-parameter",
    "chunk_text": "<h4>ElementId Parameter</h4><p>Use numeric evaluator and integer rule to test ElementId parameter;\nFilter levels whose id is greater than specified id value:\n\n<pre class=\"code\">\n  <span class=\"teal\">BuiltInParameter</span> testParam\n    = <span class=\"teal\">BuiltInParameter</span>.ID_PARAM;\n \n  <span class=\"teal\">ParameterValueProvider</span> pvp\n    = <span class=\"blue\">new</span> <span class=\"teal\">ParameterValueProvider</span>(\n      <span class=\"blue\">new</span> <span class=\"teal\">ElementId</span>( ( <span class=\"blue\">int</span> ) testParam ) );\n \n  <span class=\"teal\">FilterNumericRuleEvaluator</span> fnrv\n    = <span class=\"blue\">new</span> <span class=\"teal\">FilterNumericGreater</span>();\n \n  <span class=\"green\">// filter elements whose Id is greater than 99</span>\n \n  <span class=\"teal\">ElementId</span> ruleValId = <span class=\"blue\">new</span> <span class=\"teal\">ElementId</span>( 99 );\n \n  <span class=\"teal\">FilterRule</span> paramFr = <span class=\"blue\">new</span> <span class=\"teal\">FilterElementIdRule</span>(\n    pvp, fnrv, ruleValId );\n \n  <span class=\"teal\">ElementParameterFilter</span> epf\n    = <span class=\"blue\">new</span> <span class=\"teal\">ElementParameterFilter</span>( paramFr );\n \n  <span class=\"teal\">FilteredElementCollector</span> collector\n    = <span class=\"blue\">new</span> <span class=\"teal\">FilteredElementCollector</span>(  doc );\n \n  collector.OfClass( <span class=\"blue\">typeof</span>( <span class=\"teal\">ViewPlan</span> ) )\n    .WherePasses( epf ); <span class=\"green\">// only deal with ViewPlan</span>\n</pre>\n<a name=\"5\"></a>\n<h4>Boolean Parameter</h4>\n<p>Use numeric evaluator and integer rule to test Boolean parameter;\nFilter levels whose crop view is false:\n\n<pre class=\"code\">\n  <span class=\"blue\">int</span> ruleValInt = 0;\n \n  testParam = <span class=\"teal\">BuiltInParameter</span>.VIEWER_CROP_REGION;\n \n  pvp = <span class=\"blue\">new</span> <span class=\"teal\">ParameterValueProvider</span>(\n    <span class=\"blue\">new</span> <span class=\"teal\">ElementId</span>( ( <span class=\"blue\">int</span> ) testParam ) );\n \n  fnrv = <span class=\"blue\">new</span> <span class=\"teal\">FilterNumericEquals</span>();\n \n  paramFr = <span class=\"blue\">new</span> <span class=\"teal\">FilterIntegerRule</span>(\n    pvp, fnrv, ruleValInt );\n \n  epf = <span class=\"blue\">new</span> <span class=\"teal\">ElementParameterFilter</span>( paramFr );\n \n  collector = <span class=\"blue\">new</span> <span class=\"teal\">FilteredElementCollector</span>( doc );\n \n  collector.OfClass( <span class=\"blue\">typeof</span>( <span class=\"teal\">ViewPlan</span> ) )\n    .WherePasses( epf ); <span class=\"green\">// only deal with ViewPlan</span>\n</pre>\n<a name=\"6\"></a>\n<h4>Double Parameter</h4>\n<p>Use numeric evaluator and double rule to test double parameter;\nFilter levels whose top offset is greater than specified value:\n\n<pre class=\"code\">\n  <span class=\"blue\">double</span> ruleValDb = 10;\n \n  testParam =\n    <span class=\"teal\">BuiltInParameter</span>.VIEWER_BOUND_OFFSET_TOP;\n \n  pvp = <span class=\"blue\">new</span> <span class=\"teal\">ParameterValueProvider</span>(\n    <span class=\"blue\">new</span> <span class=\"teal\">ElementId</span>( ( <span class=\"blue\">int</span> ) testParam ) );\n \n  fnrv = <span class=\"blue\">new</span> <span class=\"teal\">FilterNumericGreater</span>();\n \n  paramFr = <span class=\"blue\">new</span> <span class=\"teal\">FilterDoubleRule</span>(\n    pvp, fnrv, ruleValDb, <span class=\"blue\">double</span>.Epsilon );\n \n  epf = new ElementParameterFilter( paramFr );\n \n  collector = <span class=\"blue\">new</span> <span class=\"teal\">FilteredElementCollector</span>( doc );\n \n  collector.OfClass( <span class=\"blue\">typeof</span>( <span class=\"teal\">ViewPlan</span> ) )\n    .WherePasses( epf ); <span class=\"green\">// only deal with ViewPlan</span>\n</pre>\n<a name=\"7\"></a>\n<h4>String Parameter</h4>\n<p>Use string evaluator and string rule to test string parameter;\nFilter all elements whose view name contains level:\n\n<pre class=\"code\">\n  <span class=\"teal\">String</span> ruleValStr = <span class=\"maroon\">\"Level\"</span>;\n \n  testParam = <span class=\"teal\">BuiltInParameter</span>.VIEW_NAME;\n \n  pvp = <span class=\"blue\">new</span> <span class=\"teal\">ParameterValueProvider</span>(\n    <span class=\"blue\">new</span> <span class=\"teal\">ElementId</span>( ( <span class=\"blue\">int</span> ) testParam ) );\n \n  <span class=\"teal\">FilterStringRuleEvaluator</span> fnrvStr\n    = <span class=\"blue\">new</span> <span class=\"teal\">FilterStringContains</span>();\n \n  paramFr = <span class=\"blue\">new</span> <span class=\"teal\">FilterStringRule</span>(\n    pvp, fnrvStr, ruleValStr, <span class=\"blue\">false</span> );\n \n  epf = new ElementParameterFilter( paramFr );\n \n  collector = <span class=\"blue\">new</span> <span class=\"teal\">FilteredElementCollector</span>( doc );\n \n  collector.OfClass( <span class=\"blue\">typeof</span>( <span class=\"teal\">ViewPlan</span> ) )\n    .WherePasses( epf ); <span class=\"green\">// only deal with ViewPlan</span>\n</pre>\n<p>Many thanks to Joe Ye and Kevin Vandecar for these new examples!\n\n<p>I hope we have collected and presented enough parameter filter samples now to cover all possible cases!\nIf not, I would not be surprised, and just let me know, please...\n</p></p></p></p></p></p>"
  },
  {
    "original_filename": "0383_param_filter",
    "header_text": "Boolean Parameter",
    "local_header_href": "#boolean-parameter",
    "chunk_text": "<h4>Boolean Parameter</h4><p>Use numeric evaluator and integer rule to test Boolean parameter;\nFilter levels whose crop view is false:\n\n<pre class=\"code\">\n  <span class=\"blue\">int</span> ruleValInt = 0;\n \n  testParam = <span class=\"teal\">BuiltInParameter</span>.VIEWER_CROP_REGION;\n \n  pvp = <span class=\"blue\">new</span> <span class=\"teal\">ParameterValueProvider</span>(\n    <span class=\"blue\">new</span> <span class=\"teal\">ElementId</span>( ( <span class=\"blue\">int</span> ) testParam ) );\n \n  fnrv = <span class=\"blue\">new</span> <span class=\"teal\">FilterNumericEquals</span>();\n \n  paramFr = <span class=\"blue\">new</span> <span class=\"teal\">FilterIntegerRule</span>(\n    pvp, fnrv, ruleValInt );\n \n  epf = <span class=\"blue\">new</span> <span class=\"teal\">ElementParameterFilter</span>( paramFr );\n \n  collector = <span class=\"blue\">new</span> <span class=\"teal\">FilteredElementCollector</span>( doc );\n \n  collector.OfClass( <span class=\"blue\">typeof</span>( <span class=\"teal\">ViewPlan</span> ) )\n    .WherePasses( epf ); <span class=\"green\">// only deal with ViewPlan</span>\n</pre>\n<a name=\"6\"></a>\n<h4>Double Parameter</h4>\n<p>Use numeric evaluator and double rule to test double parameter;\nFilter levels whose top offset is greater than specified value:\n\n<pre class=\"code\">\n  <span class=\"blue\">double</span> ruleValDb = 10;\n \n  testParam =\n    <span class=\"teal\">BuiltInParameter</span>.VIEWER_BOUND_OFFSET_TOP;\n \n  pvp = <span class=\"blue\">new</span> <span class=\"teal\">ParameterValueProvider</span>(\n    <span class=\"blue\">new</span> <span class=\"teal\">ElementId</span>( ( <span class=\"blue\">int</span> ) testParam ) );\n \n  fnrv = <span class=\"blue\">new</span> <span class=\"teal\">FilterNumericGreater</span>();\n \n  paramFr = <span class=\"blue\">new</span> <span class=\"teal\">FilterDoubleRule</span>(\n    pvp, fnrv, ruleValDb, <span class=\"blue\">double</span>.Epsilon );\n \n  epf = new ElementParameterFilter( paramFr );\n \n  collector = <span class=\"blue\">new</span> <span class=\"teal\">FilteredElementCollector</span>( doc );\n \n  collector.OfClass( <span class=\"blue\">typeof</span>( <span class=\"teal\">ViewPlan</span> ) )\n    .WherePasses( epf ); <span class=\"green\">// only deal with ViewPlan</span>\n</pre>\n<a name=\"7\"></a>\n<h4>String Parameter</h4>\n<p>Use string evaluator and string rule to test string parameter;\nFilter all elements whose view name contains level:\n\n<pre class=\"code\">\n  <span class=\"teal\">String</span> ruleValStr = <span class=\"maroon\">\"Level\"</span>;\n \n  testParam = <span class=\"teal\">BuiltInParameter</span>.VIEW_NAME;\n \n  pvp = <span class=\"blue\">new</span> <span class=\"teal\">ParameterValueProvider</span>(\n    <span class=\"blue\">new</span> <span class=\"teal\">ElementId</span>( ( <span class=\"blue\">int</span> ) testParam ) );\n \n  <span class=\"teal\">FilterStringRuleEvaluator</span> fnrvStr\n    = <span class=\"blue\">new</span> <span class=\"teal\">FilterStringContains</span>();\n \n  paramFr = <span class=\"blue\">new</span> <span class=\"teal\">FilterStringRule</span>(\n    pvp, fnrvStr, ruleValStr, <span class=\"blue\">false</span> );\n \n  epf = new ElementParameterFilter( paramFr );\n \n  collector = <span class=\"blue\">new</span> <span class=\"teal\">FilteredElementCollector</span>( doc );\n \n  collector.OfClass( <span class=\"blue\">typeof</span>( <span class=\"teal\">ViewPlan</span> ) )\n    .WherePasses( epf ); <span class=\"green\">// only deal with ViewPlan</span>\n</pre>\n<p>Many thanks to Joe Ye and Kevin Vandecar for these new examples!\n\n<p>I hope we have collected and presented enough parameter filter samples now to cover all possible cases!\nIf not, I would not be surprised, and just let me know, please...\n</p></p></p></p></p>"
  },
  {
    "original_filename": "0383_param_filter",
    "header_text": "Double Parameter",
    "local_header_href": "#double-parameter",
    "chunk_text": "<h4>Double Parameter</h4><p>Use numeric evaluator and double rule to test double parameter;\nFilter levels whose top offset is greater than specified value:\n\n<pre class=\"code\">\n  <span class=\"blue\">double</span> ruleValDb = 10;\n \n  testParam =\n    <span class=\"teal\">BuiltInParameter</span>.VIEWER_BOUND_OFFSET_TOP;\n \n  pvp = <span class=\"blue\">new</span> <span class=\"teal\">ParameterValueProvider</span>(\n    <span class=\"blue\">new</span> <span class=\"teal\">ElementId</span>( ( <span class=\"blue\">int</span> ) testParam ) );\n \n  fnrv = <span class=\"blue\">new</span> <span class=\"teal\">FilterNumericGreater</span>();\n \n  paramFr = <span class=\"blue\">new</span> <span class=\"teal\">FilterDoubleRule</span>(\n    pvp, fnrv, ruleValDb, <span class=\"blue\">double</span>.Epsilon );\n \n  epf = new ElementParameterFilter( paramFr );\n \n  collector = <span class=\"blue\">new</span> <span class=\"teal\">FilteredElementCollector</span>( doc );\n \n  collector.OfClass( <span class=\"blue\">typeof</span>( <span class=\"teal\">ViewPlan</span> ) )\n    .WherePasses( epf ); <span class=\"green\">// only deal with ViewPlan</span>\n</pre>\n<a name=\"7\"></a>\n<h4>String Parameter</h4>\n<p>Use string evaluator and string rule to test string parameter;\nFilter all elements whose view name contains level:\n\n<pre class=\"code\">\n  <span class=\"teal\">String</span> ruleValStr = <span class=\"maroon\">\"Level\"</span>;\n \n  testParam = <span class=\"teal\">BuiltInParameter</span>.VIEW_NAME;\n \n  pvp = <span class=\"blue\">new</span> <span class=\"teal\">ParameterValueProvider</span>(\n    <span class=\"blue\">new</span> <span class=\"teal\">ElementId</span>( ( <span class=\"blue\">int</span> ) testParam ) );\n \n  <span class=\"teal\">FilterStringRuleEvaluator</span> fnrvStr\n    = <span class=\"blue\">new</span> <span class=\"teal\">FilterStringContains</span>();\n \n  paramFr = <span class=\"blue\">new</span> <span class=\"teal\">FilterStringRule</span>(\n    pvp, fnrvStr, ruleValStr, <span class=\"blue\">false</span> );\n \n  epf = new ElementParameterFilter( paramFr );\n \n  collector = <span class=\"blue\">new</span> <span class=\"teal\">FilteredElementCollector</span>( doc );\n \n  collector.OfClass( <span class=\"blue\">typeof</span>( <span class=\"teal\">ViewPlan</span> ) )\n    .WherePasses( epf ); <span class=\"green\">// only deal with ViewPlan</span>\n</pre>\n<p>Many thanks to Joe Ye and Kevin Vandecar for these new examples!\n\n<p>I hope we have collected and presented enough parameter filter samples now to cover all possible cases!\nIf not, I would not be surprised, and just let me know, please...\n</p></p></p></p>"
  },
  {
    "original_filename": "0383_param_filter",
    "header_text": "String Parameter",
    "local_header_href": "#string-parameter",
    "chunk_text": "<h4>String Parameter</h4><p>Use string evaluator and string rule to test string parameter;\nFilter all elements whose view name contains level:\n\n<pre class=\"code\">\n  <span class=\"teal\">String</span> ruleValStr = <span class=\"maroon\">\"Level\"</span>;\n \n  testParam = <span class=\"teal\">BuiltInParameter</span>.VIEW_NAME;\n \n  pvp = <span class=\"blue\">new</span> <span class=\"teal\">ParameterValueProvider</span>(\n    <span class=\"blue\">new</span> <span class=\"teal\">ElementId</span>( ( <span class=\"blue\">int</span> ) testParam ) );\n \n  <span class=\"teal\">FilterStringRuleEvaluator</span> fnrvStr\n    = <span class=\"blue\">new</span> <span class=\"teal\">FilterStringContains</span>();\n \n  paramFr = <span class=\"blue\">new</span> <span class=\"teal\">FilterStringRule</span>(\n    pvp, fnrvStr, ruleValStr, <span class=\"blue\">false</span> );\n \n  epf = new ElementParameterFilter( paramFr );\n \n  collector = <span class=\"blue\">new</span> <span class=\"teal\">FilteredElementCollector</span>( doc );\n \n  collector.OfClass( <span class=\"blue\">typeof</span>( <span class=\"teal\">ViewPlan</span> ) )\n    .WherePasses( epf ); <span class=\"green\">// only deal with ViewPlan</span>\n</pre>\n<p>Many thanks to Joe Ye and Kevin Vandecar for these new examples!\n\n<p>I hope we have collected and presented enough parameter filter samples now to cover all possible cases!\nIf not, I would not be surprised, and just let me know, please...\n</p></p></p>"
  }
]