[
  {
    "original_filename": "0385_devcamp_whats_new",
    "header_text": "Introduction",
    "local_header_href": "#introduction",
    "chunk_text": "<head>\n<link href=\"bc.css\" rel=\"stylesheet\" type=\"text/css\"/>\n</head>"
  },
  {
    "original_filename": "0385_devcamp_whats_new",
    "header_text": "DevCamp Session on What's New",
    "local_header_href": "#devcamp-session-on-whats-new",
    "chunk_text": "<h3>DevCamp Session on What's New</h3><p>Yesterday we had a great start to the AEC DevCamp here in Boston with lots of great presentations and meetings, and ending with the traditional beer bust at the Autodesk offices in Waltham half an hour's bus ride away from the convention centre here in Boston.\n\n<p>Today is packed with more presentations, obviously, some of which I will hate to miss since there are multiple tracks and I cannot attend all of them simultaneously.\nSome sessions will be presented by members of the Revit development team and include unique information and insights not available anywhere else.\n\n<p>I'll also present the first of my own sessions, on what's new in the Revit 2011 API and how to use it.\nSeveral of the areas I cover have already been discussed here in the blog.\nMy main topics in that session will be:\n\n<ul>\n<li><a href=\"http://thebuildingcoder.typepad.com/blog/2010/05/pipe-to-conduit-converter.html\">My first Revit 2011 add-in</a>\n<li><a href=\"http://thebuildingcoder.typepad.com/blog/2010/04/plugin-migration-steps.html\">Migration of Revit 2010 add-ins</a>\n<li>New Revit SDK sample applications\n<li><a href=\"http://thebuildingcoder.typepad.com/blog/2010/04/idling-event.html\">Idling event</a> and samples\n<ul>\n<li><a href=\"http://thebuildingcoder.typepad.com/blog/2010/06/display-webcam-image-on-building-element-face.html\">RevitWebcam</a>\n<li>RST live link\n<li>RME loose connectors\n</li></li></li></ul>\n<li>Learning More\n</li></li></li></li></li></ul>\n<p>I plan to publish details on the new Idling event samples here as well as soon as I can get to it.\nRight here and now, let me at least complete the overview of the new SDK samples.\n\n<h4>New SDK Samples in Revit 2011</h4>\n<p>I have already mentioned a number of the new SDK samples provided in the Revit 2011 SDK in previous posts, and in some cases described their use and implementation in detail as well, but I notice that a complete overview listing them all is still missing so far.\n\n<p>So here it is.\nThe following samples are completely new:\n\n<ul>\n<li>AnalysisVisualizationFramework\n<ul>\n<li><a href=\"http://thebuildingcoder.typepad.com/blog/2010/04/element-level-events.html\">DistanceToSurfaces</a>\n<li><a href=\"http://thebuildingcoder.typepad.com/blog/2010/06/display-webcam-image-on-building-element-face.html\">SpatialFieldGradient</a>\n</li></li></ul>\n<li>ConceptualDesign\n<ul>\n<li>DividedSurfaceByIntersects\n</li></ul>\n<li>ElementFilter\n<ul>\n<li>ViewFilters\n</li></ul>\n<li><a href=\"http://thebuildingcoder.typepad.com/blog/2010/01/findreferencesbydirection.html\">FindReferencesByDirection</a>\n<ul>\n<li><a href=\"http://thebuildingcoder.typepad.com/blog/2010/01/findreferencesbydirection.html\">FindColumns</a>\n<li><a href=\"http://thebuildingcoder.typepad.com/blog/2010/01/findreferencesbydirection.html\">MeasureHeight</a>\n</li></li></ul>\n<li>Massing\n<ul>\n<li>ParameterValuesFromImage\n<li>PointCurveCreation\n</li></li></ul>\n<li>DirectionCalculation\n<li><a href=\"http://thebuildingcoder.typepad.com/blog/2010/04/element-level-events.html\">DocumentChanged</a>\n<ul>\n<li>Also known as ChangesMonitor\n</li></ul>\n<li><a href=\"http://thebuildingcoder.typepad.com/blog/2010/04/element-level-events.html\">DynamicModelUpdate</a>\n<li><a href=\"http://thebuildingcoder.typepad.com/blog/2010/04/failure-api.html\">ErrorHandling</a>\n<li><a href=\"http://thebuildingcoder.typepad.com/blog/2010/04/revitaddinutility.html\">ExternalCommand2011</a>\n<li><a href=\"http://thebuildingcoder.typepad.com/blog/2010/02/material-quantity-extraction.html\">MaterialQuantities</a>\n<li><a href=\"http://thebuildingcoder.typepad.com/blog/2010/05/the-revit-mep-2011-api.html\">PanelSchedule</a>\n<li>Selections\n<li>SolidSolidCut\n</li></li></li></li></li></li></li></li></li></li></li></li></li></li></ul>\n<p>I added links to existing blog posts on the ones I already discussed.</p>\n<p>We also have these three SDK samples which existed in previous incarnations and were rewritten from scratch because the underlying API functionality was completely changed:\n\n<ul>\n<li>HelloRevit\n<li>ImportExport\n<li>TransactionControl\n</li></li></li></ul>\n<h4>SDK Sample Spreadsheet</h4>\n<p>I also updated my\n\n<a href=\"zip/Revit_2011_SDK_Samples.xlsx\">\nRevit SDK sample spreadsheet</a> which\n\nprovides an overview and classification of all SDK samples into various categories.\n\nI initially created it to keep track of all the external command registration data required for Revit.ini entries to load the samples, and to automatically generate the text file read by the first incarnation of\n\n<a href=\"http://thebuildingcoder.typepad.com/blog/2008/09/loading-sdk-sam.html\">\nRvtSamples</a>\n\nto handle all of them in one go.\nNowadays RvtSamples in included in the SDK itself, and the development team creates the text file to drive it, but I still keep my spreadsheet up to date.\nI also used this way back for the DE101-3 Revit SDK Sample Smörgåsbord presentation at\n\n<a href=\"http://thebuildingcoder.typepad.com/blog/2008/10/au-2008.html\">\nAU 2008</a>.\nAnyway, here is the updated\n\n<a href=\"zip/Revit_2011_SDK_Samples.xlsx\">version for Revit 2011</a>.\n\n<p>Time for breakfast.\nI am on the nineteenth floor looking out at another wonderful day outside the window with a beautiful view northward over the Charles River, Cambridge and the MIT, a huge and completely cloudless blue sky after heavy thunderstorms in the past days.\nPainful to spend a day like this cooped up in a convention centre, however exciting the topic may be...</p>\n</p></p></p></p></p></p></p></p>"
  },
  {
    "original_filename": "0385_devcamp_whats_new",
    "header_text": "New SDK Samples in Revit 2011",
    "local_header_href": "#new-sdk-samples-in-revit-2011",
    "chunk_text": "<h4>New SDK Samples in Revit 2011</h4><p>I have already mentioned a number of the new SDK samples provided in the Revit 2011 SDK in previous posts, and in some cases described their use and implementation in detail as well, but I notice that a complete overview listing them all is still missing so far.\n\n<p>So here it is.\nThe following samples are completely new:\n\n<ul>\n<li>AnalysisVisualizationFramework\n<ul>\n<li><a href=\"http://thebuildingcoder.typepad.com/blog/2010/04/element-level-events.html\">DistanceToSurfaces</a>\n<li><a href=\"http://thebuildingcoder.typepad.com/blog/2010/06/display-webcam-image-on-building-element-face.html\">SpatialFieldGradient</a>\n</li></li></ul>\n<li>ConceptualDesign\n<ul>\n<li>DividedSurfaceByIntersects\n</li></ul>\n<li>ElementFilter\n<ul>\n<li>ViewFilters\n</li></ul>\n<li><a href=\"http://thebuildingcoder.typepad.com/blog/2010/01/findreferencesbydirection.html\">FindReferencesByDirection</a>\n<ul>\n<li><a href=\"http://thebuildingcoder.typepad.com/blog/2010/01/findreferencesbydirection.html\">FindColumns</a>\n<li><a href=\"http://thebuildingcoder.typepad.com/blog/2010/01/findreferencesbydirection.html\">MeasureHeight</a>\n</li></li></ul>\n<li>Massing\n<ul>\n<li>ParameterValuesFromImage\n<li>PointCurveCreation\n</li></li></ul>\n<li>DirectionCalculation\n<li><a href=\"http://thebuildingcoder.typepad.com/blog/2010/04/element-level-events.html\">DocumentChanged</a>\n<ul>\n<li>Also known as ChangesMonitor\n</li></ul>\n<li><a href=\"http://thebuildingcoder.typepad.com/blog/2010/04/element-level-events.html\">DynamicModelUpdate</a>\n<li><a href=\"http://thebuildingcoder.typepad.com/blog/2010/04/failure-api.html\">ErrorHandling</a>\n<li><a href=\"http://thebuildingcoder.typepad.com/blog/2010/04/revitaddinutility.html\">ExternalCommand2011</a>\n<li><a href=\"http://thebuildingcoder.typepad.com/blog/2010/02/material-quantity-extraction.html\">MaterialQuantities</a>\n<li><a href=\"http://thebuildingcoder.typepad.com/blog/2010/05/the-revit-mep-2011-api.html\">PanelSchedule</a>\n<li>Selections\n<li>SolidSolidCut\n</li></li></li></li></li></li></li></li></li></li></li></li></li></li></ul>\n<p>I added links to existing blog posts on the ones I already discussed.</p>\n<p>We also have these three SDK samples which existed in previous incarnations and were rewritten from scratch because the underlying API functionality was completely changed:\n\n<ul>\n<li>HelloRevit\n<li>ImportExport\n<li>TransactionControl\n</li></li></li></ul>\n<h4>SDK Sample Spreadsheet</h4>\n<p>I also updated my\n\n<a href=\"zip/Revit_2011_SDK_Samples.xlsx\">\nRevit SDK sample spreadsheet</a> which\n\nprovides an overview and classification of all SDK samples into various categories.\n\nI initially created it to keep track of all the external command registration data required for Revit.ini entries to load the samples, and to automatically generate the text file read by the first incarnation of\n\n<a href=\"http://thebuildingcoder.typepad.com/blog/2008/09/loading-sdk-sam.html\">\nRvtSamples</a>\n\nto handle all of them in one go.\nNowadays RvtSamples in included in the SDK itself, and the development team creates the text file to drive it, but I still keep my spreadsheet up to date.\nI also used this way back for the DE101-3 Revit SDK Sample Smörgåsbord presentation at\n\n<a href=\"http://thebuildingcoder.typepad.com/blog/2008/10/au-2008.html\">\nAU 2008</a>.\nAnyway, here is the updated\n\n<a href=\"zip/Revit_2011_SDK_Samples.xlsx\">version for Revit 2011</a>.\n\n<p>Time for breakfast.\nI am on the nineteenth floor looking out at another wonderful day outside the window with a beautiful view northward over the Charles River, Cambridge and the MIT, a huge and completely cloudless blue sky after heavy thunderstorms in the past days.\nPainful to spend a day like this cooped up in a convention centre, however exciting the topic may be...</p>\n</p></p></p></p>"
  },
  {
    "original_filename": "0385_devcamp_whats_new",
    "header_text": "SDK Sample Spreadsheet",
    "local_header_href": "#sdk-sample-spreadsheet",
    "chunk_text": "<h4>SDK Sample Spreadsheet</h4><p>I also updated my\n\n<a href=\"zip/Revit_2011_SDK_Samples.xlsx\">\nRevit SDK sample spreadsheet</a> which\n\nprovides an overview and classification of all SDK samples into various categories.\n\nI initially created it to keep track of all the external command registration data required for Revit.ini entries to load the samples, and to automatically generate the text file read by the first incarnation of\n\n<a href=\"http://thebuildingcoder.typepad.com/blog/2008/09/loading-sdk-sam.html\">\nRvtSamples</a>\n\nto handle all of them in one go.\nNowadays RvtSamples in included in the SDK itself, and the development team creates the text file to drive it, but I still keep my spreadsheet up to date.\nI also used this way back for the DE101-3 Revit SDK Sample Smörgåsbord presentation at\n\n<a href=\"http://thebuildingcoder.typepad.com/blog/2008/10/au-2008.html\">\nAU 2008</a>.\nAnyway, here is the updated\n\n<a href=\"zip/Revit_2011_SDK_Samples.xlsx\">version for Revit 2011</a>.\n\n<p>Time for breakfast.\nI am on the nineteenth floor looking out at another wonderful day outside the window with a beautiful view northward over the Charles River, Cambridge and the MIT, a huge and completely cloudless blue sky after heavy thunderstorms in the past days.\nPainful to spend a day like this cooped up in a convention centre, however exciting the topic may be...</p>\n</p>"
  }
]