[
  {
    "original_filename": "0387_hashing_devlab",
    "header_text": "Introduction",
    "local_header_href": "#introduction",
    "chunk_text": "<head>\n<link href=\"bc.css\" rel=\"stylesheet\" type=\"text/css\"/>\n</head>"
  },
  {
    "original_filename": "0387_hashing_devlab",
    "header_text": "Hashing and DevLabs",
    "local_header_href": "#hashing-and-devlabs",
    "chunk_text": "<h3>Hashing and DevLabs</h3><p>We successfully finished DevCamp yesterday.\nIt ended after lunch, so we had time to drive out to our new hotel and the Autodesk office in Waltham.\n\n<p>The AEC workgroup that I belong meets every week in a phone conference, since we are spread out all across the world.\nIt was great to be able to sit down and talk face to face for a change, even though we sadly were not complete since not all were able to travel over here.\n\n<p>I spent the evening with Michael Priestman, lead developer of the Navisworks core team, who very kindly introduced me to the joys and rituals of\n\n<a href=\"http://en.wikipedia.org/wiki/Hash_House_Harriers\">\nhashing</a>.\n\nMichael is a long-time member of the \n\n<a href=\"http://www.clearbase.co.uk/hashsite/index.htm\">\nSheffield hashers</a>,\n\nand he had found out when and where the \n\n<a href=\"http://bostonhash.com\">\nBoston hashers</a> were \n\nholding their weekly meeting.\n\n<p>After completing my first hash I am no longer Virgin Jeremy, but promoted to Just Jeremy.\nI liked it very much and will definitely look up possibilities to go hashing back home in Switzerland.\nAn evening very well spent.\nRunning cross-country like that, rain does not matter anymore in the least.\n\n<p>Now I am looking forward to seeing what surprises today will bring.\n\n17 developers have registered for the \n\n<a href=\"http://thebuildingcoder.typepad.com/blog/2010/03/devcamp-devlabs-and-updated-api-training-schedule.html#devlabs\">\nDevLab</a> taking \n\nplace today and tomorrow here in Waltham.\n\nWe will sit down together and discuss any issues that they may be having with their products and programming and our APIs.\n\nI am sure that will be very interesting and hope that there will be some resulting titbits that can be shared here later during the day.\n</p></p></p></p></p>"
  }
]