[
  {
    "original_filename": "0389_devlab_birthday",
    "header_text": "Introduction",
    "local_header_href": "#introduction",
    "chunk_text": "<head>\n<link href=\"bc.css\" rel=\"stylesheet\" type=\"text/css\"/>\n</head>"
  },
  {
    "original_filename": "0389_devlab_birthday",
    "header_text": "DevLab and Birthday",
    "local_header_href": "#devlab-and-birthday",
    "chunk_text": "<h3>DevLab and Birthday</h3><p>It is Saikat's birthday today, and he is far away from home and family.\nWe prepared a small celebration with flags and cake and a birthday song for him last night:</p><center>\n<img alt=\"Saikat and his birthday cake\" src=\"img/saikat_birthday_cake.jpg\"/>\n</center><p>Here is the part of the ADN DevTech AEC workgroup that is present to support the DevLab here in Waltham.\nFrom the left: Augusto, Partha, Saikat, Michael (Navisworks team), Mikako, Adam, Jeremy:\n\n<center>\n<img alt=\"Saikat's birthday party\" src=\"img/saikat_birthday_party.jpg\"/>\n</center>\n<p>Happy birthday Saikat!\n\n<p>Meanwhile, we are back at DevLab again with a host of exciting developers and their issues, lots going on and many things entering the pipeline for future posts.\nOne little item that we talked about yesterday and that I have heard about a couple of times in the past is the requirement to open a transaction:\n\n<h4>Transaction Required</h4>\n<p>In Revit 2010, one had the possibility and sometimes the need to \n\n<a href=\"http://thebuildingcoder.typepad.com/blog/2010/01/extra-transaction-required.html\">\nopen an own transaction</a>.\n\nIn general, this was not necessary in Revit 2010 when working within the active document, since Revit automatically started up a transaction when launching a new command.\n\n<p>In Revit 2011, this behaviour is still available if the command is compiled with the automatic transaction mode attribute.\nHowever, you have more control over transactions if you manage them yourself, setting the manual mode instead.\n\n<p>And you obviously still have no choice but to start your own transaction when manipulating other documents than the current active one.\n\n<p>A number of people have reported seeing the error message 'Sub-Transaction can only be active inside an open Transaction' and other ones similar to it.\nIn every case, the reason really has been the lack of a transaction.\nOne of the DevLab participants was struggling with such an error yesterday, saying:\n\"I am sure I have a transaction open, and yet I get this error message about lacking transactions when I try to add new elements to the family document.\"\n\n<p>Again, there really was a missing transaction, because the open transaction was for the active project document.\nThe family document opened in the background is a completely different animal, and if you wish to modify it in any way, it will require its own transaction before you can do so.\nThat fixed the problem.\n</p></p></p></p></p></p></p></p>"
  },
  {
    "original_filename": "0389_devlab_birthday",
    "header_text": "Transaction Required",
    "local_header_href": "#transaction-required",
    "chunk_text": "<h4>Transaction Required</h4><p>In Revit 2010, one had the possibility and sometimes the need to \n\n<a href=\"http://thebuildingcoder.typepad.com/blog/2010/01/extra-transaction-required.html\">\nopen an own transaction</a>.\n\nIn general, this was not necessary in Revit 2010 when working within the active document, since Revit automatically started up a transaction when launching a new command.\n\n<p>In Revit 2011, this behaviour is still available if the command is compiled with the automatic transaction mode attribute.\nHowever, you have more control over transactions if you manage them yourself, setting the manual mode instead.\n\n<p>And you obviously still have no choice but to start your own transaction when manipulating other documents than the current active one.\n\n<p>A number of people have reported seeing the error message 'Sub-Transaction can only be active inside an open Transaction' and other ones similar to it.\nIn every case, the reason really has been the lack of a transaction.\nOne of the DevLab participants was struggling with such an error yesterday, saying:\n\"I am sure I have a transaction open, and yet I get this error message about lacking transactions when I try to add new elements to the family document.\"\n\n<p>Again, there really was a missing transaction, because the open transaction was for the active project document.\nThe family document opened in the background is a completely different animal, and if you wish to modify it in any way, it will require its own transaction before you can do so.\nThat fixed the problem.\n</p></p></p></p></p>"
  }
]