[
  {
    "original_filename": "0401_adn_partner_channel",
    "header_text": "Introduction",
    "local_header_href": "#introduction",
    "chunk_text": "<head>\n<link href=\"bc.css\" rel=\"stylesheet\" type=\"text/css\"/>\n</head>"
  },
  {
    "original_filename": "0401_adn_partner_channel",
    "header_text": "YouTube ADN Partner Channel",
    "local_header_href": "#youtube-adn-partner-channel",
    "chunk_text": "<h3>YouTube ADN Partner Channel</h3><p>As Kean Walmsley pointed out, a new \n\n<a href=\"http://through-the-interface.typepad.com/through_the_interface/2010/06/adn-partner-channel-on-youtube.html\">\nYouTube ADN Partner Channel</a> has\n\nbeen created to showcase solutions created by ADN partners.\n\n<p>ADN Members can upload videos to it, and Autodesk customers can view it to get an impression of the breadth of available add-on products.\n\n<p>ADN is an acronym for the \n\n<a href=\"http://www.autodesk.com/joinadn\">\nAutodesk Developer Network</a>,\n\nwhose members make use of Autodesk products and their application programming interfaces (APIs) and receive support from the DevTech team that I work in.\n\n</p></p></p>"
  }
]