[
  {
    "original_filename": "0404_structural_elements",
    "header_text": "Introduction",
    "local_header_href": "#introduction",
    "chunk_text": "<head>\n<link href=\"bc.css\" rel=\"stylesheet\" type=\"text/css\"/>\n</head>"
  },
  {
    "original_filename": "0404_structural_elements",
    "header_text": "Retrieve Structural Elements",
    "local_header_href": "#retrieve-structural-elements",
    "chunk_text": "<h3>Retrieve Structural Elements</h3><p>I recently discussed the retrieval of all Revit \n\n<a href=\"http://thebuildingcoder.typepad.com/blog/2010/06/retrieve-mep-elements-and-connectors.html\">\nMEP elements and their connectors</a>.\n\nHere is a similar question on retrieving structural elements:\n\n<p><strong>Question:</strong> How can I get all the structural elements like structural walls, slabs, columns, and beams from the model? \nI have a problem with the columns and beams because they are family instances and I cannot just check only their type. \nI currently have to go through all the family instances and check whether they are a column or beam to be modified in my model. \n\n<p><strong>Answer:</strong> Yes, certainly you can efficiently and directly retrieve all structural elements from a Revit model database. \nThe key to doing so is to use the filtered element collectors. \nAll you need to do is identify certain criteria by which to identify all your elements and encode these into filters to apply to the collector.\n\n<p>One approach to achieve this is described for the \n\n<a href=\"http://thebuildingcoder.typepad.com/blog/2010/06/retrieve-mep-elements-and-connectors.html\">\nretrieval of MEP elements</a>,\n\nwhich shows how to set up a combined filtered element collector which restricts the categories of the family instances.\n\n<p>In that solution, some elements such as ducts and pipes that can be directly identified by their System.Type. \n\n<p>Others such as equipment and fittings are represented by family instances and can be further identified by their category. For instance, for the MEP elements, we specified both the System.Type FamilyInstance as well as categories such as duct fitting, duct terminal, and pipe fitting.\n\n<p>To set up a similar filter for your structural elements, you will have to analyse your model to determine exactly which categories your columns and beams have.\n\n<p>Here is an example to retrieve certain structural elements that I make use of for the RST link application:\n\n<pre class=\"code\">\n<span class=\"teal\">FilteredElementCollector</span> GetStructuralElements(\n  <span class=\"teal\">Document</span> doc )\n{\n  <span class=\"green\">// what categories of family instances</span>\n  <span class=\"green\">// are we interested in?</span>\n \n  <span class=\"teal\">BuiltInCategory</span>[] bics = <span class=\"blue\">new</span> <span class=\"teal\">BuiltInCategory</span>[] {\n    <span class=\"teal\">BuiltInCategory</span>.OST_StructuralColumns,\n    <span class=\"teal\">BuiltInCategory</span>.OST_StructuralFraming,\n    <span class=\"teal\">BuiltInCategory</span>.OST_StructuralFoundation\n  };\n \n  <span class=\"teal\">IList</span>&lt;<span class=\"teal\">ElementFilter</span>&gt; a\n    = <span class=\"blue\">new</span> <span class=\"teal\">List</span>&lt;<span class=\"teal\">ElementFilter</span>&gt;( bics.Count() );\n \n  <span class=\"blue\">foreach</span>( <span class=\"teal\">BuiltInCategory</span> bic <span class=\"blue\">in</span> bics )\n  {\n    a.Add( <span class=\"blue\">new</span> <span class=\"teal\">ElementCategoryFilter</span>( bic ) );\n  }\n \n  <span class=\"teal\">LogicalOrFilter</span> categoryFilter\n    = <span class=\"blue\">new</span> <span class=\"teal\">LogicalOrFilter</span>( a );\n \n  <span class=\"teal\">LogicalAndFilter</span> familyInstanceFilter\n    = <span class=\"blue\">new</span> <span class=\"teal\">LogicalAndFilter</span>( categoryFilter,\n      <span class=\"blue\">new</span> <span class=\"teal\">ElementClassFilter</span>(\n        <span class=\"blue\">typeof</span>( <span class=\"teal\">FamilyInstance</span> ) ) );\n \n  <span class=\"teal\">IList</span>&lt;<span class=\"teal\">ElementFilter</span>&gt; b\n    = <span class=\"blue\">new</span> <span class=\"teal\">List</span>&lt;<span class=\"teal\">ElementFilter</span>&gt;( 6 );\n \n  b.Add( <span class=\"blue\">new</span> <span class=\"teal\">ElementClassFilter</span>( \n    <span class=\"blue\">typeof</span>( <span class=\"teal\">Wall</span> ) ) );\n \n  b.Add( <span class=\"blue\">new</span> <span class=\"teal\">ElementClassFilter</span>( \n    <span class=\"blue\">typeof</span>( <span class=\"teal\">Floor</span> ) ) );\n \n  b.Add( <span class=\"blue\">new</span> <span class=\"teal\">ElementClassFilter</span>( \n    <span class=\"blue\">typeof</span>( <span class=\"teal\">ContFooting</span> ) ) );\n \n  b.Add( <span class=\"blue\">new</span> <span class=\"teal\">ElementClassFilter</span>( \n    <span class=\"blue\">typeof</span>( <span class=\"teal\">PointLoad</span> ) ) );\n \n  b.Add( <span class=\"blue\">new</span> <span class=\"teal\">ElementClassFilter</span>( \n    <span class=\"blue\">typeof</span>( <span class=\"teal\">LineLoad</span> ) ) );\n \n  b.Add( <span class=\"blue\">new</span> <span class=\"teal\">ElementClassFilter</span>( \n    <span class=\"blue\">typeof</span>( <span class=\"teal\">AreaLoad</span> ) ) );\n \n  b.Add( familyInstanceFilter );\n \n  <span class=\"teal\">LogicalOrFilter</span> classFilter\n    = <span class=\"blue\">new</span> <span class=\"teal\">LogicalOrFilter</span>( b );\n \n  <span class=\"teal\">FilteredElementCollector</span> collector\n    = <span class=\"blue\">new</span> <span class=\"teal\">FilteredElementCollector</span>( doc );\n \n  collector.WherePasses( classFilter );\n \n  <span class=\"blue\">return</span> collector;\n}\n</pre>\n<p>You will have to analyse your model and see whether this filtering really suits your needs and whether all elements you are interested in are covered.\n\n<p>In addition to the explicit filtering demonstrated here, which gives you full and detailed control over what exactly is retrieved, the StructuralInstanceUsageFilter might fit your needs more exactly with less effort. \nYou might also find the StructuralMaterialTypeFilter useful.\nIn any case, you will have to test them in your specific models.\n\n<p>Please refer to the \n\n<a href=\"http://thebuildingcoder.typepad.com/blog/2010/06/retrieve-mep-elements-and-connectors.html\">\nMEP element retrieval</a> for\n\nlinks to further discussions and examples of filtered element collectors.\n</p></p></p></p></p></p></p></p></p></p></p>"
  }
]