[
  {
    "original_filename": "0408_aec_devcamp_material",
    "header_text": "Introduction",
    "local_header_href": "#introduction",
    "chunk_text": "<head>\n<link href=\"bc.css\" rel=\"stylesheet\" type=\"text/css\"/>\n</head>"
  },
  {
    "original_filename": "0408_aec_devcamp_material",
    "header_text": "API Training and AEC DevCamp Material",
    "local_header_href": "#api-training-and-aec-devcamp-material",
    "chunk_text": "<h3>API Training and AEC DevCamp Material</h3><p>I am back again from a wonderful holiday in Greece!\nI spent one week in a retreat centre in the village of Kissos, and then a couple of days on the Banika beach north of Agios Ioannis and south of Chorefton. \nI was there with a friend, we had a little cooking stove and food for a couple of days, slept on our mats in the sand in a little cave, went swimming and played with the stones on the beach.\nOne nice novel experience was building a little raft with a couple of empty bottles, sticks and string to carry a five litre canister and swim with it to the neighbouring beach to get some water to live on.\n\n<h4>Revit API Training</h4>\n<p>Anyway, now I am back and getting up to speed again with current issues surrounding the Revit API.\nThis summer, my colleagues and I are holding a number of Revit API trainings around the world.\nAs always, you can see and register for them in the \n\n<a href=\"http://www.adskconsulting.com/adn/cs/api_course_sched.php\">\nADN API training schedule</a>. \n\nSimply filter for 'Revit API' to see the following 2 day Revit API introduction courses:\n\n<ul>\n<li>2010-07-15: Waltham, USA, English (today)\n<li>2010-07-22: Beijing, China, Chinese (<a href=\"http://usa.autodesk.com/adsk/servlet/item?id=6703509&amp;siteID=123112&amp;cname=Revit API, Beijing, Jul 22 2010, 201050\">register</a>)\n<li>2010-07-27: Munich, Germany, English (<a href=\"http://usa.autodesk.com/adsk/servlet/item?id=6703509&amp;siteID=123112&amp;cname=Revit API, Munich, Jul 27 2010, 201052\">register</a>)\n<li>2010-08-12: Sao Paulo, Brazil, Portuguese (<a href=\"http://usa.autodesk.com/adsk/servlet/item?id=6703509&amp;siteID=123112&amp;cname=Revit API, Sao Paulo, Aug 12 2010, 201076\">register</a>)\n<li>2010-08-12: Chennai, India, English (<a href=\"http://usa.autodesk.com/adsk/servlet/item?id=6703509&amp;siteID=123112&amp;cname=Revit API, Chennai, Aug 12 2010, 201057\">register</a>)\n</li></li></li></li></li></ul>\n<p>I will be holding the one in Munich, the others are led by Mikako, Joe, Augusto and Saikat.\n\n<h4>AEC DevCamp Material</h4>\n\nThe material from the \n\n<a href=\"http://thebuildingcoder.typepad.com/blog/2010/03/devcamp-devlabs-and-updated-api-training-schedule.html\">\nAEC DevCamp</a> conference \n\nthat we held in Boston in June is now available.\n\nHere is a direct public link to \n\n<a href=\"http://download.autodesk.com/media/adn/Autodesk_AEC_DevCamp_2010.zip\">\nAutodesk_AEC_DevCamp_2010.zip</a> (161 MB).\n\nYou can also access this link through the Developer Center \n\n<a href=\"http://www.adskconsulting.com/adn/cs/api_course_webcast_archive.php\">\ntraining schedule archives</a> page,\n\nfiltering for 'AEC DevCamp'.\n\n</p></p></p>"
  },
  {
    "original_filename": "0408_aec_devcamp_material",
    "header_text": "Revit API Training",
    "local_header_href": "#revit-api-training",
    "chunk_text": "<h4>Revit API Training</h4><p>Anyway, now I am back and getting up to speed again with current issues surrounding the Revit API.\nThis summer, my colleagues and I are holding a number of Revit API trainings around the world.\nAs always, you can see and register for them in the \n\n<a href=\"http://www.adskconsulting.com/adn/cs/api_course_sched.php\">\nADN API training schedule</a>. \n\nSimply filter for 'Revit API' to see the following 2 day Revit API introduction courses:\n\n<ul>\n<li>2010-07-15: Waltham, USA, English (today)\n<li>2010-07-22: Beijing, China, Chinese (<a href=\"http://usa.autodesk.com/adsk/servlet/item?id=6703509&amp;siteID=123112&amp;cname=Revit API, Beijing, Jul 22 2010, 201050\">register</a>)\n<li>2010-07-27: Munich, Germany, English (<a href=\"http://usa.autodesk.com/adsk/servlet/item?id=6703509&amp;siteID=123112&amp;cname=Revit API, Munich, Jul 27 2010, 201052\">register</a>)\n<li>2010-08-12: Sao Paulo, Brazil, Portuguese (<a href=\"http://usa.autodesk.com/adsk/servlet/item?id=6703509&amp;siteID=123112&amp;cname=Revit API, Sao Paulo, Aug 12 2010, 201076\">register</a>)\n<li>2010-08-12: Chennai, India, English (<a href=\"http://usa.autodesk.com/adsk/servlet/item?id=6703509&amp;siteID=123112&amp;cname=Revit API, Chennai, Aug 12 2010, 201057\">register</a>)\n</li></li></li></li></li></ul>\n<p>I will be holding the one in Munich, the others are led by Mikako, Joe, Augusto and Saikat.\n\n<h4>AEC DevCamp Material</h4>\n\nThe material from the \n\n<a href=\"http://thebuildingcoder.typepad.com/blog/2010/03/devcamp-devlabs-and-updated-api-training-schedule.html\">\nAEC DevCamp</a> conference \n\nthat we held in Boston in June is now available.\n\nHere is a direct public link to \n\n<a href=\"http://download.autodesk.com/media/adn/Autodesk_AEC_DevCamp_2010.zip\">\nAutodesk_AEC_DevCamp_2010.zip</a> (161 MB).\n\nYou can also access this link through the Developer Center \n\n<a href=\"http://www.adskconsulting.com/adn/cs/api_course_webcast_archive.php\">\ntraining schedule archives</a> page,\n\nfiltering for 'AEC DevCamp'.\n\n</p></p>"
  },
  {
    "original_filename": "0408_aec_devcamp_material",
    "header_text": "AEC DevCamp Material",
    "local_header_href": "#aec-devcamp-material",
    "chunk_text": "<h4>AEC DevCamp Material</h4><a href=\"http://thebuildingcoder.typepad.com/blog/2010/03/devcamp-devlabs-and-updated-api-training-schedule.html\">\nAEC DevCamp</a><a href=\"http://download.autodesk.com/media/adn/Autodesk_AEC_DevCamp_2010.zip\">\nAutodesk_AEC_DevCamp_2010.zip</a><a href=\"http://www.adskconsulting.com/adn/cs/api_course_webcast_archive.php\">\ntraining schedule archives</a>"
  }
]