[
  {
    "original_filename": "0410_change_element_type",
    "header_text": "Introduction",
    "local_header_href": "#introduction",
    "chunk_text": "<head>\n<link href=\"bc.css\" rel=\"stylesheet\" type=\"text/css\"/>\n</head>"
  },
  {
    "original_filename": "0410_change_element_type",
    "header_text": "Change Element Type",
    "local_header_href": "#change-element-type",
    "chunk_text": "<h3>Change Element Type</h3><p>Here is a simple question that we have touched upon in passing a couple of times, but never previously elevated to the honour of an own post.\nIt also provides an opportunity to highlight one of the more interesting basic Revit API introduction labs that I always wanted to discuss in some detail:\n\n<p><strong>Question:</strong> I can retrieve all the family instances in the document. \nI would now like to programmatically change their family symbols to match certain given requirements.\nCould you please explain how I can change the family symbol of a given instance?\n\n<p>A similar question was also raised in a \n\n<a href=\"http://thebuildingcoder.typepad.com/blog/2008/11/creating-a-new-family-symbol.html?cid=6a00e553e1689788330128760d9099970c#comment-6a00e553e1689788330128760d9099970c\">\ncomment</a> by \n\n<a href=\"http://www.cbp.co.nz\">\nAnthony Forlong</a>:\n\n<p><strong>Question:</strong> I've been trying to adapt your wall code to enable a user to change a family symbol to another type (of the same family).\nI can duplicate the selected symbol and change parameters etc.; however I am unable to find a way to replace the selected symbol with the new one.\n\n<p><strong>Answer:</strong> The answer is to simply assign the new type to the FamilyInstance Symbol property.\n\n<p>Here are two examples of doing this that we presented here in the past:\n\n<ul>\n<li>\n<a href=\"http://thebuildingcoder.typepad.com/blog/2009/04/revit-api-cases-1.html#3\">\nDuplicating a type and assigning the new type to a family instance</a>:\n<br/>\n<pre class=\"code\">\ninst.Symbol = dupSym;\n</pre>\n<li><a href=\"http://thebuildingcoder.typepad.com/blog/2009/07/revit-form-creation-api.html\">\nChanging the symbol of a curtain panel family instance to a glazed type</a>:\n<br/>\n<pre class=\"code\">\nfi.Symbol = pFamilySymbol.glazed;\n</pre>\n</li></li></ul>\n<p>By the way, the symbol of a family instance is also referred to as the element type, and represented in the Revit API by the ElementType class. \n\n<p>For a more complex and complete example, the Revit API introduction external command Lab3_4_ChangeSelectedInstanceType demonstrates how to change the symbol of a selected instance. \nIt shows a couple of other interesting techniques as well on the way.\n\n<p>Lab3_4_ChangeSelectedInstanceType is a form-based utility to change the type or symbol of a selected standard family instance and implements the following steps:\n\n<ul>\n<li>Retrieve a single preselected family instance or prompt the user to select one interactively.\n<li>Determine its category.\n<li>Retrieve all families that can be used to represent that category.\n<li>For each of the applicable families, retrieve all their symbols and insert them into a mapping from family name to a list of the symbols it contains.\n<li>Display a dialogue box prompting the user to select one of applicable symbols from one the families.\n<li>Change the family instance type to the selected symbol.\n</li></li></li></li></li></li></ul>\n<p>The important line of code that addresses your question is at the end of the Execute method:\n\n<pre class=\"code\">\n  inst.Symbol = form.cmbType.SelectedItem \n    <span class=\"blue\">as</span> <span class=\"teal\">FamilySymbol</span>;\n</pre>\n<p>For completeness sake, here is the entire code of the Execute method implementing the steps listed above:\n\n<pre class=\"code\">\n[<span class=\"teal\">Transaction</span>( <span class=\"teal\">TransactionMode</span>.Automatic )]\n[<span class=\"teal\">Regeneration</span>( <span class=\"teal\">RegenerationOption</span>.Manual )]\n<span class=\"blue\">public</span> <span class=\"blue\">class</span> <span class=\"teal\">Lab3_4_ChangeSelectedInstanceType</span> \n  : <span class=\"teal\">IExternalCommand</span>\n{\n  <span class=\"blue\">public</span> <span class=\"teal\">Result</span> Execute(\n    <span class=\"teal\">ExternalCommandData</span> commandData,\n    <span class=\"blue\">ref</span> <span class=\"blue\">string</span> message,\n    <span class=\"teal\">ElementSet</span> elements )\n  {\n    <span class=\"teal\">UIApplication</span> app = commandData.Application;\n    <span class=\"teal\">UIDocument</span> uidoc = app.ActiveUIDocument;\n    <span class=\"teal\">Document</span> doc = uidoc.Document;\n \n    <span class=\"teal\">FamilyInstance</span> inst = \n      <span class=\"teal\">LabUtils</span>.GetSingleSelectedElementOrPrompt(\n        uidoc, <span class=\"blue\">typeof</span>( <span class=\"teal\">FamilyInstance</span> ) )\n        <span class=\"blue\">as</span> <span class=\"teal\">FamilyInstance</span>;\n \n    <span class=\"blue\">if</span>( <span class=\"blue\">null</span> == inst )\n    {\n      <span class=\"teal\">LabUtils</span>.ErrorMsg( \n        <span class=\"maroon\">\"Selected element is not a \"</span>\n        + <span class=\"maroon\">\"standard family instance.\"</span> );\n \n      <span class=\"blue\">return</span> <span class=\"teal\">Result</span>.Cancelled;\n    }\n \n    <span class=\"green\">// determine selected instance category:</span>\n\n    <span class=\"teal\">Category</span> instCat = inst.Category;\n \n    <span class=\"teal\">Dictionary</span>&lt;<span class=\"blue\">string</span>, <span class=\"teal\">List</span>&lt;<span class=\"teal\">FamilySymbol</span>&gt;&gt; \n      mapFamilyToSymbols\n        = <span class=\"blue\">new</span> <span class=\"teal\">Dictionary</span>&lt;<span class=\"blue\">string</span>, <span class=\"teal\">List</span>&lt;<span class=\"teal\">FamilySymbol</span>&gt;&gt;();\n \n    {\n      <span class=\"teal\">WaitCursor</span> waitCursor = <span class=\"blue\">new</span> <span class=\"teal\">WaitCursor</span>();\n \n      <span class=\"green\">// find all corresponding families and types:</span>\n \n      <span class=\"teal\">FilteredElementCollector</span> families\n        = <span class=\"blue\">new</span> <span class=\"teal\">FilteredElementCollector</span>( doc );\n \n      families.OfClass( <span class=\"blue\">typeof</span>( <span class=\"teal\">Family</span> ) );\n \n      <span class=\"blue\">foreach</span>( <span class=\"teal\">Family</span> f <span class=\"blue\">in</span> families )\n      {\n        <span class=\"blue\">bool</span> categoryMatches = <span class=\"blue\">false</span>;\n \n        <span class=\"green\">// we cannot trust f.Category or </span>\n        <span class=\"green\">// f.FamilyCategory, so grab the category </span>\n        <span class=\"green\">// from first family symbol instead:</span>\n \n        <span class=\"blue\">foreach</span>( <span class=\"teal\">FamilySymbol</span> sym <span class=\"blue\">in</span> f.Symbols )\n        {\n          categoryMatches = sym.Category.Id.Equals( \n            instCat.Id );\n \n          <span class=\"blue\">break</span>;\n        }\n \n        <span class=\"blue\">if</span>( categoryMatches )\n        {\n          <span class=\"teal\">List</span>&lt;<span class=\"teal\">FamilySymbol</span>&gt; symbols \n            = <span class=\"blue\">new</span> <span class=\"teal\">List</span>&lt;<span class=\"teal\">FamilySymbol</span>&gt;();\n \n          <span class=\"blue\">foreach</span>( <span class=\"teal\">FamilySymbol</span> sym <span class=\"blue\">in</span> f.Symbols )\n          {\n            symbols.Add( sym );\n          }\n \n          mapFamilyToSymbols.Add( f.Name, symbols );\n        }\n      }\n    }\n \n    <span class=\"green\">// display the form allowing the user to select </span>\n    <span class=\"green\">// a family and a type, and assign this type </span>\n    <span class=\"green\">// to the instance.</span>\n \n    <span class=\"teal\">Lab3_4_Form</span> form \n      = <span class=\"blue\">new</span> <span class=\"teal\">Lab3_4_Form</span>( mapFamilyToSymbols );\n \n    <span class=\"blue\">if</span>( System.Windows.Forms.<span class=\"teal\">DialogResult</span>.OK \n      == form.ShowDialog() )\n    {\n      inst.Symbol = form.cmbType.SelectedItem \n        <span class=\"blue\">as</span> <span class=\"teal\">FamilySymbol</span>;\n \n      <span class=\"teal\">LabUtils</span>.InfoMsg( \n        <span class=\"maroon\">\"Successfully changed family : type to \"</span>\n        + form.cmbFamily.Text + <span class=\"maroon\">\" : \"</span> \n        + form.cmbType.Text );\n    }\n    <span class=\"blue\">return</span> <span class=\"teal\">Result</span>.Succeeded;\n  }\n}\n</pre>\n<p>Here is a snapshot of my current version of the Revit API introduction labs including the Lab3_4_ChangeSelectedInstanceType external command, \n\n<!-- C:\\a\\doc\\revit\\blog\\zip\\rac_labs_2010-07-16.zip -->\n<a href=\"zip/rac_labs_2010-07-16.zip\">\nrac_labs_2010-07-16.zip</a>.\n</p></p></p></p></p></p></p></p></p></p></p></p>"
  }
]