[
  {
    "original_filename": "0413_family_element_visibility",
    "header_text": "Introduction",
    "local_header_href": "#introduction",
    "chunk_text": "<head>\n<link href=\"bc.css\" rel=\"stylesheet\" type=\"text/css\"/>\n</head>"
  },
  {
    "original_filename": "0413_family_element_visibility",
    "header_text": "Family Element Visibility",
    "local_header_href": "#family-element-visibility",
    "chunk_text": "<h3>Family Element Visibility</h3><p>Here is a question on programmatically setting the visibility of an element in a family document:\n\n<p><strong>Question:</strong> I need to assign a Yes/No parameter to the visibility property of a family feature, e.g. an extrusion element.\nI need to do this to suppress a specific extrude feature for certain types.\nI know how to do it manually, by selecting the feature and then clicking the visibility toggle in the element properties.\nHow can I achieve it through the API?\n\n<p><strong>Answer:</strong> I created a sample family to test this by adding an extrusion element in a new family document using the Metric Generic Model template. \nOn the extrusion, I can see the property you refer to in the element properties as the Properties &gt; Graphics &gt; Visible toggle, which is displayed as a Boolean check box in the user interface:</p>\n<center>\n<img alt=\"Family extrusion element visible property\" src=\"img/visible_property.png\"/>\n</center>\n<p>If I look at the extrusion element using RevitLookup, I see that this property is available through the element parameters: Add-Ins &gt; Revit Lookup &gt; Snoop Current Selection &gt; Extrusion &gt; Parameters &gt; Visible with the corresponding built-in parameter IS_VISIBLE_PARAM:</p>\n<center>\n<img alt=\"Family extrusion element visible parameter\" src=\"img/visible_parameter.png\"/>\n</center>\n<p>You can access this using the standard get_Parameter method on the extrusion element.\n\n<p>We made significant use of this property and showed how to hook it up with an externally accessible family parameter so that it can be controlled from outside on individual instances of the family inserted into the project file in the discussion on \n\n<a href=\"http://thebuildingcoder.typepad.com/blog/2009/07/dwg-and-dwf-family-creation.html\">\nDWG and DWF family creation</a>.\n\n<p>Note that if you wish have more detailed control over the visibility of the feature, you can also use its visibility property returning an instance of the FamilyElementVisibility class:</p>\n<center>\n<img alt=\"Family extrusion element visibility property\" src=\"img/visibility_property.png\"/>\n</center>\n<p>The Revit API help file RevitAPI.chm description of the FamilyElementVisibility class includes some sample code on using this.\nIts use to set up different visibility of family elements for different detail levels of the inserted instances is also demonstrated by step 4 of the \n\n<a href=\"http://thebuildingcoder.typepad.com/blog/2009/10/revit-family-creation-api-labs.html#4\">\nFamily API labs</a>.\n\n</p></p></p></p></p>"
  }
]