[
  {
    "original_filename": "0414_ribbon_context_tab_toggle",
    "header_text": "Introduction",
    "local_header_href": "#introduction",
    "chunk_text": "<head>\n<link href=\"bc.css\" rel=\"stylesheet\" type=\"text/css\"/>\n</head>"
  },
  {
    "original_filename": "0414_ribbon_context_tab_toggle",
    "header_text": "Ribon Tab Context Toggle",
    "local_header_href": "#ribon-tab-context-toggle",
    "chunk_text": "<h3>Ribon Tab Context Toggle</h3><p>I'll be going to Munich next week to give my second Revit 2011 API training, and the first one using our completely revamped training material.\nI am very much looking forward to that.\n\n<p>While giving Revit API trainings, we often learn something from the attendees, too.\nHere is a little tip brought up recently by such an attendee for those of us who are mainly interested in debugging our add-ins in Revit, and therefore happy to remain in the Add-In tab at most times.\n\n<p>You can disable the automatic tab switch that Revit performs by default on selection of an element by toggling the corresponding check box in Options &gt; User Interface:</p>\n<center>\n<img alt=\"Context tab toggle\" src=\"img/context_tab_toggle2.png\"/>\n</center>\n<p>So let's see what other new things I learn in Munich...\n</p></p></p>"
  }
]