[
  {
    "original_filename": "0415_devtv_addin_templates",
    "header_text": "Introduction",
    "local_header_href": "#introduction",
    "chunk_text": "<head>\n<link href=\"bc.css\" rel=\"stylesheet\" type=\"text/css\"/>\n</head>"
  },
  {
    "original_filename": "0415_devtv_addin_templates",
    "header_text": "DevTV Add-In Templates",
    "local_header_href": "#devtv-add-in-templates",
    "chunk_text": "<h3>DevTV Add-In Templates</h3><p>Here are the add-in templates prepared by my colleague Augusto Gonçalves of Autodesk Brazil for the upcoming DevTV presentations.\n\n<p>I really love both the implementation and the description, both are so short and sweet and yet complete!\n\n<p>They save you a lot of typing and clicking when setting up a new add-in, and especially help avoid all the potential errors that insist on creeping in when you set things up manually. \nSupport is provided for both external commands and external applications.\n\n<p>These are the same templates we used during DevCamp, but with several changes and improvements, especially on the add-in manifest file creation. \n\n<h4>How to use</h4>\n<p>Installation could hardly be simpler.\nNo need to unzip, just save the following two files in the specified locations on your local system:\n\n<ul>\n<li><a href=\"zip/TemplateRevitArchAddinCS.zip\">TemplateRevitArchAddinCS.zip</a>: [My Documents]\\Visual Studio 2008\\Templates\\ProjectTemplates\\Visual C#\n<li><a href=\"zip/TemplateRevitArchAddinVB.zip\">TemplateRevitArchAddinVB.zip</a>: [My Documents]\\Visual Studio 2008\\Templates\\ProjectTemplates\\Visual Basic\n</li></li></ul>\n<p>You obviously replace '2008' by '2010' for Visual Studio 2010.\n\n<h4>Benefits</h4>\n<ul>\n<li>Works on all versions of VS, including Express.\n<li>Simple project with one ExternalApplication and one ExternalCommand, plus commonly used namespaces.\n<li>References to Revit assemblies (RevitAPI and RevitAPIUI) with Copy Local set to False.\n<li>Debug features configured and enabled (important for Express version).\n<li>Creates the required .addin including the \n\n<a href=\"http://thebuildingcoder.typepad.com/blog/2010/04/addin-manifest-and-guidize.html\">\nadd-in manifest ClientId</a>, \n\ncopies it to the appropriate Revit\\Addins\\2011 user specific folder (through post-build events) and deletes it again during Clean (through after-clean event), e.g. on using Visual Studio Build &gt; Clean Solution.\nThe &lt;Assembly&gt; mark is initially created with the Bin\\Debug build.\n</li></li></li></li></li></ul>\n<h4>Weaknesses</h4>\n<ul>\n<li>The references path is partially hard coded, so Revit *must* be under [Program Files]\\Autodesk\\Revit Architecture 2011 (or the template requires changes).\n<li>As the path is hard coded, it does not work for other flavours. The workaround is create a separate template for each flavour (easy, just change the path).\n<li>Visual Express (only this version) creates the project at a temporary location (\"as designed\"), therefore the .addin file requires manual edit on the &lt;Assembly&gt; mark. \n</li></li></li></ul>\n<h4>Example</h4>\n<p>The Visual Studio IDE will automatically detect, pick up and unpack the files when they are present in these directories, so the full functionality is available immediately after they have been placed there.\nWhen you next create a new project, the template is presented for selection:</p>\n<center>\n<img alt=\"Template in new project dialogue\" src=\"img/devtv_template_new_project.png\"/>\n</center>\n<p>The newly created project is fully populated with the Revit API references, a sample command, application, and add-in manifest file:</p>\n<center>\n<img alt=\"DevTV template project contents\" src=\"img/devtv_template_project.png\"/>\n</center>\n<p>It is immediately ready for compilation.\nOn successful compilation, the \n\n<a href=\"http://thebuildingcoder.typepad.com/blog/2010/04/addin-manifest-and-guidize.html\">\nadd-in manifest</a>\n\nis created and copied to the proper location:</p>\n<center>\n<img alt=\"DevTV template project build output\" src=\"img/devtv_template_build.png\"/>\n</center>\n<p>Here is the build output in text format (copy to an editor to see the truncated lines):\n\n<pre>\n------ Rebuild All started: Project: RevitNETAddin2, Configuration: Debug Any CPU ------\nc:\\WINDOWS\\Microsoft.NET\\Framework\\v3.5\\Csc.exe /noconfig /nowarn:1701,1702 /errorreport:prompt /warn:4 /define:DEBUG;TRACE /reference:\"C:\\Program Files\\Autodesk\\Revit Architecture 2011\\Program\\RevitAPI.dll\" /reference:\"C:\\Program Files\\Autodesk\\Revit Architecture 2011\\Program\\RevitAPIUI.dll\" /reference:\"c:\\Program Files\\Reference Assemblies\\Microsoft\\Framework\\v3.5\\System.Core.dll\" /reference:c:\\WINDOWS\\Microsoft.NET\\Framework\\v2.0.50727\\System.Data.dll /reference:c:\\WINDOWS\\Microsoft.NET\\Framework\\v2.0.50727\\System.Deployment.dll /reference:c:\\WINDOWS\\Microsoft.NET\\Framework\\v2.0.50727\\System.dll /reference:c:\\WINDOWS\\Microsoft.NET\\Framework\\v2.0.50727\\System.Drawing.dll /reference:c:\\WINDOWS\\Microsoft.NET\\Framework\\v2.0.50727\\System.Windows.Forms.dll /reference:c:\\WINDOWS\\Microsoft.NET\\Framework\\v2.0.50727\\System.Xml.dll /debug+ /debug:full /filealign:512 /optimize- /out:obj\\Debug\\RevitNETAddin2.dll /target:library Application.cs Commands.cs Properties\\AssemblyInfo.cs\n\nCompile complete -- 0 errors, 0 warnings\nRevitNETAddin2 -&gt; C:\\a\\doc\\revit\\devtv\\test\\RevitNETAddin2\\RevitNETAddin2\\bin\\Debug\\RevitNETAddin2.dll\ncopy \"C:\\a\\doc\\revit\\devtv\\test\\RevitNETAddin2\\RevitNETAddin2\\RevitNETAddin2.addin\" \"C:\\Documents and Settings\\tammikj\\Application Data\\Autodesk\\REVIT\\Addins\\2011\\RevitNETAddin2.addin\"\n        1 file(s) copied.\n========== Rebuild All: 1 succeeded, 0 failed, 0 skipped ==========\n</pre>\n<p>On cleaning the solution, the add-in manifest file is removed again, so that Revit does not complain about the missing add-in assembly DLL.\n</p></p></p></p></p></p></p></p>"
  },
  {
    "original_filename": "0415_devtv_addin_templates",
    "header_text": "How to use",
    "local_header_href": "#how-to-use",
    "chunk_text": "<h4>How to use</h4><p>Installation could hardly be simpler.\nNo need to unzip, just save the following two files in the specified locations on your local system:\n\n<ul>\n<li><a href=\"zip/TemplateRevitArchAddinCS.zip\">TemplateRevitArchAddinCS.zip</a>: [My Documents]\\Visual Studio 2008\\Templates\\ProjectTemplates\\Visual C#\n<li><a href=\"zip/TemplateRevitArchAddinVB.zip\">TemplateRevitArchAddinVB.zip</a>: [My Documents]\\Visual Studio 2008\\Templates\\ProjectTemplates\\Visual Basic\n</li></li></ul>\n<p>You obviously replace '2008' by '2010' for Visual Studio 2010.\n\n<h4>Benefits</h4>\n<ul>\n<li>Works on all versions of VS, including Express.\n<li>Simple project with one ExternalApplication and one ExternalCommand, plus commonly used namespaces.\n<li>References to Revit assemblies (RevitAPI and RevitAPIUI) with Copy Local set to False.\n<li>Debug features configured and enabled (important for Express version).\n<li>Creates the required .addin including the \n\n<a href=\"http://thebuildingcoder.typepad.com/blog/2010/04/addin-manifest-and-guidize.html\">\nadd-in manifest ClientId</a>, \n\ncopies it to the appropriate Revit\\Addins\\2011 user specific folder (through post-build events) and deletes it again during Clean (through after-clean event), e.g. on using Visual Studio Build &gt; Clean Solution.\nThe &lt;Assembly&gt; mark is initially created with the Bin\\Debug build.\n</li></li></li></li></li></ul>\n<h4>Weaknesses</h4>\n<ul>\n<li>The references path is partially hard coded, so Revit *must* be under [Program Files]\\Autodesk\\Revit Architecture 2011 (or the template requires changes).\n<li>As the path is hard coded, it does not work for other flavours. The workaround is create a separate template for each flavour (easy, just change the path).\n<li>Visual Express (only this version) creates the project at a temporary location (\"as designed\"), therefore the .addin file requires manual edit on the &lt;Assembly&gt; mark. \n</li></li></li></ul>\n<h4>Example</h4>\n<p>The Visual Studio IDE will automatically detect, pick up and unpack the files when they are present in these directories, so the full functionality is available immediately after they have been placed there.\nWhen you next create a new project, the template is presented for selection:</p>\n<center>\n<img alt=\"Template in new project dialogue\" src=\"img/devtv_template_new_project.png\"/>\n</center>\n<p>The newly created project is fully populated with the Revit API references, a sample command, application, and add-in manifest file:</p>\n<center>\n<img alt=\"DevTV template project contents\" src=\"img/devtv_template_project.png\"/>\n</center>\n<p>It is immediately ready for compilation.\nOn successful compilation, the \n\n<a href=\"http://thebuildingcoder.typepad.com/blog/2010/04/addin-manifest-and-guidize.html\">\nadd-in manifest</a>\n\nis created and copied to the proper location:</p>\n<center>\n<img alt=\"DevTV template project build output\" src=\"img/devtv_template_build.png\"/>\n</center>\n<p>Here is the build output in text format (copy to an editor to see the truncated lines):\n\n<pre>\n------ Rebuild All started: Project: RevitNETAddin2, Configuration: Debug Any CPU ------\nc:\\WINDOWS\\Microsoft.NET\\Framework\\v3.5\\Csc.exe /noconfig /nowarn:1701,1702 /errorreport:prompt /warn:4 /define:DEBUG;TRACE /reference:\"C:\\Program Files\\Autodesk\\Revit Architecture 2011\\Program\\RevitAPI.dll\" /reference:\"C:\\Program Files\\Autodesk\\Revit Architecture 2011\\Program\\RevitAPIUI.dll\" /reference:\"c:\\Program Files\\Reference Assemblies\\Microsoft\\Framework\\v3.5\\System.Core.dll\" /reference:c:\\WINDOWS\\Microsoft.NET\\Framework\\v2.0.50727\\System.Data.dll /reference:c:\\WINDOWS\\Microsoft.NET\\Framework\\v2.0.50727\\System.Deployment.dll /reference:c:\\WINDOWS\\Microsoft.NET\\Framework\\v2.0.50727\\System.dll /reference:c:\\WINDOWS\\Microsoft.NET\\Framework\\v2.0.50727\\System.Drawing.dll /reference:c:\\WINDOWS\\Microsoft.NET\\Framework\\v2.0.50727\\System.Windows.Forms.dll /reference:c:\\WINDOWS\\Microsoft.NET\\Framework\\v2.0.50727\\System.Xml.dll /debug+ /debug:full /filealign:512 /optimize- /out:obj\\Debug\\RevitNETAddin2.dll /target:library Application.cs Commands.cs Properties\\AssemblyInfo.cs\n\nCompile complete -- 0 errors, 0 warnings\nRevitNETAddin2 -&gt; C:\\a\\doc\\revit\\devtv\\test\\RevitNETAddin2\\RevitNETAddin2\\bin\\Debug\\RevitNETAddin2.dll\ncopy \"C:\\a\\doc\\revit\\devtv\\test\\RevitNETAddin2\\RevitNETAddin2\\RevitNETAddin2.addin\" \"C:\\Documents and Settings\\tammikj\\Application Data\\Autodesk\\REVIT\\Addins\\2011\\RevitNETAddin2.addin\"\n        1 file(s) copied.\n========== Rebuild All: 1 succeeded, 0 failed, 0 skipped ==========\n</pre>\n<p>On cleaning the solution, the add-in manifest file is removed again, so that Revit does not complain about the missing add-in assembly DLL.\n</p></p></p></p>"
  },
  {
    "original_filename": "0415_devtv_addin_templates",
    "header_text": "Benefits",
    "local_header_href": "#benefits",
    "chunk_text": "<h4>Benefits</h4><ul>\n<li>Works on all versions of VS, including Express.\n<li>Simple project with one ExternalApplication and one ExternalCommand, plus commonly used namespaces.\n<li>References to Revit assemblies (RevitAPI and RevitAPIUI) with Copy Local set to False.\n<li>Debug features configured and enabled (important for Express version).\n<li>Creates the required .addin including the \n\n<a href=\"http://thebuildingcoder.typepad.com/blog/2010/04/addin-manifest-and-guidize.html\">\nadd-in manifest ClientId</a>, \n\ncopies it to the appropriate Revit\\Addins\\2011 user specific folder (through post-build events) and deletes it again during Clean (through after-clean event), e.g. on using Visual Studio Build &gt; Clean Solution.\nThe &lt;Assembly&gt; mark is initially created with the Bin\\Debug build.\n</li></li></li></li></li></ul>"
  },
  {
    "original_filename": "0415_devtv_addin_templates",
    "header_text": "Weaknesses",
    "local_header_href": "#weaknesses",
    "chunk_text": "<h4>Weaknesses</h4><ul>\n<li>The references path is partially hard coded, so Revit *must* be under [Program Files]\\Autodesk\\Revit Architecture 2011 (or the template requires changes).\n<li>As the path is hard coded, it does not work for other flavours. The workaround is create a separate template for each flavour (easy, just change the path).\n<li>Visual Express (only this version) creates the project at a temporary location (\"as designed\"), therefore the .addin file requires manual edit on the &lt;Assembly&gt; mark. \n</li></li></li></ul>"
  },
  {
    "original_filename": "0415_devtv_addin_templates",
    "header_text": "Example",
    "local_header_href": "#example",
    "chunk_text": "<h4>Example</h4><p>The Visual Studio IDE will automatically detect, pick up and unpack the files when they are present in these directories, so the full functionality is available immediately after they have been placed there.\nWhen you next create a new project, the template is presented for selection:</p><center>\n<img alt=\"Template in new project dialogue\" src=\"img/devtv_template_new_project.png\"/>\n</center><p>The newly created project is fully populated with the Revit API references, a sample command, application, and add-in manifest file:</p><center>\n<img alt=\"DevTV template project contents\" src=\"img/devtv_template_project.png\"/>\n</center><p>It is immediately ready for compilation.\nOn successful compilation, the \n\n<a href=\"http://thebuildingcoder.typepad.com/blog/2010/04/addin-manifest-and-guidize.html\">\nadd-in manifest</a>\n\nis created and copied to the proper location:</p><center>\n<img alt=\"DevTV template project build output\" src=\"img/devtv_template_build.png\"/>\n</center><p>Here is the build output in text format (copy to an editor to see the truncated lines):\n\n<pre>\n------ Rebuild All started: Project: RevitNETAddin2, Configuration: Debug Any CPU ------\nc:\\WINDOWS\\Microsoft.NET\\Framework\\v3.5\\Csc.exe /noconfig /nowarn:1701,1702 /errorreport:prompt /warn:4 /define:DEBUG;TRACE /reference:\"C:\\Program Files\\Autodesk\\Revit Architecture 2011\\Program\\RevitAPI.dll\" /reference:\"C:\\Program Files\\Autodesk\\Revit Architecture 2011\\Program\\RevitAPIUI.dll\" /reference:\"c:\\Program Files\\Reference Assemblies\\Microsoft\\Framework\\v3.5\\System.Core.dll\" /reference:c:\\WINDOWS\\Microsoft.NET\\Framework\\v2.0.50727\\System.Data.dll /reference:c:\\WINDOWS\\Microsoft.NET\\Framework\\v2.0.50727\\System.Deployment.dll /reference:c:\\WINDOWS\\Microsoft.NET\\Framework\\v2.0.50727\\System.dll /reference:c:\\WINDOWS\\Microsoft.NET\\Framework\\v2.0.50727\\System.Drawing.dll /reference:c:\\WINDOWS\\Microsoft.NET\\Framework\\v2.0.50727\\System.Windows.Forms.dll /reference:c:\\WINDOWS\\Microsoft.NET\\Framework\\v2.0.50727\\System.Xml.dll /debug+ /debug:full /filealign:512 /optimize- /out:obj\\Debug\\RevitNETAddin2.dll /target:library Application.cs Commands.cs Properties\\AssemblyInfo.cs\n\nCompile complete -- 0 errors, 0 warnings\nRevitNETAddin2 -&gt; C:\\a\\doc\\revit\\devtv\\test\\RevitNETAddin2\\RevitNETAddin2\\bin\\Debug\\RevitNETAddin2.dll\ncopy \"C:\\a\\doc\\revit\\devtv\\test\\RevitNETAddin2\\RevitNETAddin2\\RevitNETAddin2.addin\" \"C:\\Documents and Settings\\tammikj\\Application Data\\Autodesk\\REVIT\\Addins\\2011\\RevitNETAddin2.addin\"\n        1 file(s) copied.\n========== Rebuild All: 1 succeeded, 0 failed, 0 skipped ==========\n</pre>\n<p>On cleaning the solution, the add-in manifest file is removed again, so that Revit does not complain about the missing add-in assembly DLL.\n</p></p>"
  }
]