[
  {
    "original_filename": "0417_linq_vs_tips",
    "header_text": "Introduction",
    "local_header_href": "#introduction",
    "chunk_text": "<head>\n<link href=\"bc.css\" rel=\"stylesheet\" type=\"text/css\"/>\n</head>"
  },
  {
    "original_filename": "0417_linq_vs_tips",
    "header_text": "Linq Methods and Visual Studio Tips",
    "local_header_href": "#linq-methods-and-visual-studio-tips",
    "chunk_text": "<h3>Linq Methods and Visual Studio Tips</h3><p>Yesterday I completed the Revit API training in Munich, and here are some more interesting tips and tricks that I learned there besides the one I wrote about last on how to set up\n\n<a href=\"http://thebuildingcoder.typepad.com/blog/2010/07/debugging-in-visual-studio-2010-express.html\">\ndebugging using Visual Studio 2010 Express</a>:\n\n<ul>\n<li>\nUsing Intellisense to \n<a href=\"#1\">\nsubscribe to an event</a> and generate the \n<a href=\"#1\">\nevent handler stub implementation</a>.\n\n<li>\nUsing Intellisense to \n<a href=\"#2\">\ngenerate a using statement with Ctrl + '.'</a>.\n\n<li>\nLinq provides a\n<a href=\"#3\">\nContains method for an array</a>.\n\n<!--\n<li>\nUsing the Linq \n<a href=\"#4\">\nAggregate method</a> on a filtered element collector.\n-->\n</li></li></li></ul>\n<a name=\"1\"></a>\n<h4>Automatically Subscribing to an Event and Generating the Event Handler Code</h4>\n<p>Before describing the new tricks that I learned, let me explain something that I actually knew before and have made quite a lot of use of in my own coding as well as previous trainings: how to use Intellisense to set up a Revit event handler with a minimum of keystrokes and potential errors.\n\n<p>As an example, I will subscribe to the Idling event and implement the event handler stub using exactly seven keystrokes.\n\n<p>Here is some minimal initial code of a newly created external command to use as a starting point:\n\n<pre class=\"code\">\n<span class=\"blue\">using</span> Autodesk.Revit.Attributes;\n<span class=\"blue\">using</span> Autodesk.Revit.DB;\n<span class=\"blue\">using</span> Autodesk.Revit.UI;\n \n<span class=\"blue\">namespace</span> RevitAddin\n{\n  [<span class=\"teal\">Transaction</span>( <span class=\"teal\">TransactionMode</span>.Automatic )]\n  [<span class=\"teal\">Regeneration</span>( <span class=\"teal\">RegenerationOption</span>.Manual )]\n  <span class=\"blue\">public</span> <span class=\"blue\">class</span> <span class=\"teal\">Commands</span> : <span class=\"teal\">IExternalCommand</span>\n  {\n    <span class=\"blue\">public</span> <span class=\"teal\">Result</span> Execute(\n      <span class=\"teal\">ExternalCommandData</span> commandData,\n      <span class=\"blue\">ref</span> <span class=\"blue\">string</span> message,\n      <span class=\"teal\">ElementSet</span> elements )\n    {\n      <span class=\"teal\">UIApplication</span> a = commandData.Application;\n \n      <span class=\"blue\">return</span> <span class=\"teal\">Result</span>.Succeeded;\n    }\n  }\n}\n</pre>\n<!-- <p>First of all, let's show some other Intellisense functionality, before we get around to highlighting the tip suggested by Alexander. -->\n<p>At this point, I wish to subscribe to the UIApplication Idling event.\nI type 'a' followed by '.' and scroll to the Idling entry suggested by the Visual Studio Intellisense:</p>\n<center>\n<img alt=\"Visual Studio Intellisense lists UIApplication members\" src=\"img/vs_tips_01.png\"/>\n</center>\n<p>After selecting that  by pressing &lt;Tab&gt;, I type '+=' to subscribe to the event, and Intellisense automatically suggest the appropriate handler to attach:</p>\n<center>\n<img alt=\"Visual Studio Intellisense suggests pressing &lt;Tab&gt; to create code to attach event handler\" src=\"img/vs_tips_02.png\"/>\n</center>\n<p>At this point, I can simply press &lt;Tab&gt; to add the code to subscribe to the event.\nHowever, I have not yet implemented the handler for it.\nThat is perfectly appropriate, since Intellisense can it for me automatically.\nFirst, here is the result of pressing &lt;Tab&gt; once, with some code generated and a tooltip sugesting that I press &lt;Tab&gt; again to create an event handler skeleton method:</p>\n<center>\n<img alt=\"Visual Studio Intellisense suggests pressing &lt;Tab&gt; again to create event handler stub implementation\" src=\"img/vs_tips_03.png\"/>\n</center>\n<p>The final result of this operation with some line breaks added to avoid overly long lines looks like this:\n\n<pre class=\"code\">\n<span class=\"blue\">using</span> Autodesk.Revit.Attributes;\n<span class=\"blue\">using</span> Autodesk.Revit.DB;\n<span class=\"blue\">using</span> Autodesk.Revit.UI;\n \n<span class=\"blue\">namespace</span> RevitAddin\n{\n  [<span class=\"teal\">Transaction</span>( <span class=\"teal\">TransactionMode</span>.Automatic )]\n  [<span class=\"teal\">Regeneration</span>( <span class=\"teal\">RegenerationOption</span>.Manual )]\n  <span class=\"blue\">public</span> <span class=\"blue\">class</span> <span class=\"teal\">Commands</span> : <span class=\"teal\">IExternalCommand</span>\n  {\n    <span class=\"blue\">public</span> <span class=\"teal\">Result</span> Execute(\n      <span class=\"teal\">ExternalCommandData</span> commandData,\n      <span class=\"blue\">ref</span> <span class=\"blue\">string</span> message,\n      <span class=\"teal\">ElementSet</span> elements )\n    {\n      <span class=\"teal\">UIApplication</span> a = commandData.Application;\n \n      a.Idling \n        += <span class=\"blue\">new</span> System.<span class=\"teal\">EventHandler</span>&lt;\n          Autodesk.Revit.UI.Events.<span class=\"teal\">IdlingEventArgs</span>&gt;( \n            a_Idling );\n \n      <span class=\"blue\">return</span> <span class=\"teal\">Result</span>.Succeeded;\n    }\n \n    <span class=\"blue\">void</span> a_Idling( \n      <span class=\"blue\">object</span> sender, \n      Autodesk.Revit.UI.Events.<span class=\"teal\">IdlingEventArgs</span> e )\n    {\n      <span class=\"blue\">throw</span> <span class=\"blue\">new</span> System.<span class=\"teal\">NotImplementedException</span>();\n    }\n  }\n}\n</pre>\n<p>Here are the seven keystrokes I made to subscribe to the event and add the handler stub method: 'a', '.', &lt;Tab&gt;, '+', '=', &lt;Tab&gt;, &lt;Tab&gt;.\n\n<a name=\"2\"></a>\n<h4>Generating a using Statement with Ctrl + '.'</h4>\n<p>Here is a tip from Alexander Buschmann of \n\n<a href=\"http://www.idat.de\">\nIDAT Gmbh</a> to\n\nautomatically generate using statements for namespaces that we would like to use.\n\n<p>Previously, when I created a new Revit project, I manually added the references to the Revit API assemblies RevitAPI.dll and RevitAPIUI.dll.\n\n<p>Part of that manual and error prone labour can be easily avoided making use of Augusto's \n\n<a href=\"http://thebuildingcoder.typepad.com/blog/2010/07/devtv-addin-templates.html\">\nRevit add-in templates</a>.\n\nEven so, when I was still doing some typing work to add using statements for additional namespaces to the project module.\nFor instance, in the situation described above, I would normally want to make the automatically generated event handling code more succinct and readable by removing the explicit namespace prefix 'Autodesk.Revit.UI.Events.' from IdlingEventArgs and adding a 'using' statement for that namespace at the head of the module instead.\nThat would involve some copy and paste work, jumping to the top of the file, editing, and navigating back to where I started from.\n\n<p>Alexander now pointed out that if you place the cursor over type the name of a class in the Visual Studio IDE and hit Ctrl + '.', Visual Studio will automatically scan all the project references to determine the namespace providing the class definition and offer to either add the namespace prefix to fully qualify the class name, or add the appropriate using statement for it to the head of the file.\n\n<p>One of the advantages of the latter is that there is no longer any need to jump to the top of the module, type 'using' and add the namespace, and then navigate back to where you came from.\n\n<p>A very neat trick indeed that I was immediately able to use repeatedly during the rest of the training, once Alexander had pointed it out to me.\n\n<p>I can make use of that functionality in the situation above like this:\n\n<ul>\n<li>Delete the namespace prefix from the event handler IdlingEventArgs argument. \nNote that the class name colour changes from teal to black, since it is now undefined, lacking the namespace prefix and the required using statement.\n<li>Place the cursor over the now undefined IdlingEventArgs class name.\n<li>Press Ctrl + '.'.\n</li></li></li></ul>\n<p>At this point, the Visual Studio IDE displays the following Intellisense menu options prompting me to choose whether to fully qualify the class name or add the appropriate using statement for it:</p>\n<center>\n<img alt=\"Visual Studio Intellisense suggests adding a namespace prefix or a using statement\" src=\"img/vs_tips_04.png\"/>\n</center>\n<p>Pressing &lt;Tab&gt; at this point adds the using statement at the head of the module with no need to jump there and navigate back again.\n\n\n\n\n<a name=\"3\"></a>\n<h4>Linq Defines Array.Contains</h4>\n<p>At a certain point in the sample code that we were developing together, I wanted to check whether the category of a selected element was contained in a specific list.\nThe use case was the implementation of a Revit API selection filter which restricts the interactive selection process to certain structural elements.\n\n<p>To check this, I implemented a list of integer values from the built-in categories I was interested in and instantiated a List&lt;int&gt; from them in order to make use of its Contains method.\nHere is the entire implementation of the selection filter using this approach:\n\n<pre class=\"code\">\n<span class=\"gray\">///</span><span class=\"green\"> </span><span class=\"gray\">&lt;summary&gt;</span>\n<span class=\"gray\">///</span><span class=\"green\"> Selection filter allowing only structural elements.</span>\n<span class=\"gray\">///</span><span class=\"green\"> </span><span class=\"gray\">&lt;/summary&gt;</span>\n<span class=\"blue\">class</span> <span class=\"teal\">StructuralSelectionFilter</span> : <span class=\"teal\">ISelectionFilter</span>\n{\n  <span class=\"blue\">static</span> <span class=\"blue\">int</span>[] _categories = <span class=\"blue\">new</span> <span class=\"blue\">int</span>[] {\n    (<span class=\"blue\">int</span>) <span class=\"teal\">BuiltInCategory</span>.OST_StructuralColumns,\n    (<span class=\"blue\">int</span>) <span class=\"teal\">BuiltInCategory</span>.OST_StructuralFoundation,\n    (<span class=\"blue\">int</span>) <span class=\"teal\">BuiltInCategory</span>.OST_StructuralFraming\n  };\n \n  <span class=\"blue\">static</span> <span class=\"teal\">List</span>&lt;<span class=\"blue\">int</span>&gt; _list \n    = <span class=\"blue\">new</span> <span class=\"teal\">List</span>&lt;<span class=\"blue\">int</span>&gt;( _categories );\n \n  <span class=\"blue\">public</span> <span class=\"blue\">bool</span> AllowElement( <span class=\"teal\">Element</span> e )\n  {\n    <span class=\"blue\">return</span> <span class=\"blue\">null</span> != e.Category\n      &amp;&amp; _list.Contains( \n        e.Category.Id.IntegerValue );\n  }\n \n  <span class=\"blue\">public</span> <span class=\"blue\">bool</span> AllowReference( <span class=\"teal\">Reference</span> r, <span class=\"teal\">XYZ</span> p )\n  {\n    <span class=\"blue\">return</span> <span class=\"blue\">true</span>;\n  }\n}\n</pre>\n<p>In this situation, Alexander provided another useful tip by pointing out that the Linq namespace provides a Contains extension method directly for the native array type.\nBy adding a 'using System.Linq' statement, we can eliminate the intermediate list helper and use Contains directly on the array instead:\n\n<pre class=\"code\">\n<span class=\"blue\">class</span> <span class=\"teal\">StructuralSelectionFilter</span> : <span class=\"teal\">ISelectionFilter</span>\n{\n  <span class=\"blue\">static</span> <span class=\"blue\">int</span>[] _categories = <span class=\"blue\">new</span> <span class=\"blue\">int</span>[] {\n    (<span class=\"blue\">int</span>) <span class=\"teal\">BuiltInCategory</span>.OST_StructuralColumns,\n    (<span class=\"blue\">int</span>) <span class=\"teal\">BuiltInCategory</span>.OST_StructuralFoundation,\n    (<span class=\"blue\">int</span>) <span class=\"teal\">BuiltInCategory</span>.OST_StructuralFraming\n  };\n \n  <span class=\"blue\">public</span> <span class=\"blue\">bool</span> AllowElement( <span class=\"teal\">Element</span> e )\n  {\n    <span class=\"blue\">return</span> <span class=\"blue\">null</span> != e.Category\n      &amp;&amp; _categories.Contains( \n        e.Category.Id.IntegerValue );\n  }\n \n  <span class=\"blue\">public</span> <span class=\"blue\">bool</span> AllowReference( <span class=\"teal\">Reference</span> r, <span class=\"teal\">XYZ</span> p )\n  {\n    <span class=\"blue\">return</span> <span class=\"blue\">true</span>;\n  }\n}\n</pre>\n<!--\n\n<a name=\"4\"></a>\n\n<h4>Using the Linq Aggregate Method on a Filtered Element Collector</h4>\n-->\n<p>Many thanks to Alexander for these useful tips!\n</p></p></p></p></p></p></p></p></p></p></p></p></p></p></p></p></p></p>"
  },
  {
    "original_filename": "0417_linq_vs_tips",
    "header_text": "Automatically Subscribing to an Event and Generating the Event Handler Code",
    "local_header_href": "#automatically-subscribing-to-an-event-and-generating-the-event-handler-code",
    "chunk_text": "<h4>Automatically Subscribing to an Event and Generating the Event Handler Code</h4><p>Before describing the new tricks that I learned, let me explain something that I actually knew before and have made quite a lot of use of in my own coding as well as previous trainings: how to use Intellisense to set up a Revit event handler with a minimum of keystrokes and potential errors.\n\n<p>As an example, I will subscribe to the Idling event and implement the event handler stub using exactly seven keystrokes.\n\n<p>Here is some minimal initial code of a newly created external command to use as a starting point:\n\n<pre class=\"code\">\n<span class=\"blue\">using</span> Autodesk.Revit.Attributes;\n<span class=\"blue\">using</span> Autodesk.Revit.DB;\n<span class=\"blue\">using</span> Autodesk.Revit.UI;\n \n<span class=\"blue\">namespace</span> RevitAddin\n{\n  [<span class=\"teal\">Transaction</span>( <span class=\"teal\">TransactionMode</span>.Automatic )]\n  [<span class=\"teal\">Regeneration</span>( <span class=\"teal\">RegenerationOption</span>.Manual )]\n  <span class=\"blue\">public</span> <span class=\"blue\">class</span> <span class=\"teal\">Commands</span> : <span class=\"teal\">IExternalCommand</span>\n  {\n    <span class=\"blue\">public</span> <span class=\"teal\">Result</span> Execute(\n      <span class=\"teal\">ExternalCommandData</span> commandData,\n      <span class=\"blue\">ref</span> <span class=\"blue\">string</span> message,\n      <span class=\"teal\">ElementSet</span> elements )\n    {\n      <span class=\"teal\">UIApplication</span> a = commandData.Application;\n \n      <span class=\"blue\">return</span> <span class=\"teal\">Result</span>.Succeeded;\n    }\n  }\n}\n</pre>\n<!-- <p>First of all, let's show some other Intellisense functionality, before we get around to highlighting the tip suggested by Alexander. -->\n<p>At this point, I wish to subscribe to the UIApplication Idling event.\nI type 'a' followed by '.' and scroll to the Idling entry suggested by the Visual Studio Intellisense:</p>\n<center>\n<img alt=\"Visual Studio Intellisense lists UIApplication members\" src=\"img/vs_tips_01.png\"/>\n</center>\n<p>After selecting that  by pressing &lt;Tab&gt;, I type '+=' to subscribe to the event, and Intellisense automatically suggest the appropriate handler to attach:</p>\n<center>\n<img alt=\"Visual Studio Intellisense suggests pressing &lt;Tab&gt; to create code to attach event handler\" src=\"img/vs_tips_02.png\"/>\n</center>\n<p>At this point, I can simply press &lt;Tab&gt; to add the code to subscribe to the event.\nHowever, I have not yet implemented the handler for it.\nThat is perfectly appropriate, since Intellisense can it for me automatically.\nFirst, here is the result of pressing &lt;Tab&gt; once, with some code generated and a tooltip sugesting that I press &lt;Tab&gt; again to create an event handler skeleton method:</p>\n<center>\n<img alt=\"Visual Studio Intellisense suggests pressing &lt;Tab&gt; again to create event handler stub implementation\" src=\"img/vs_tips_03.png\"/>\n</center>\n<p>The final result of this operation with some line breaks added to avoid overly long lines looks like this:\n\n<pre class=\"code\">\n<span class=\"blue\">using</span> Autodesk.Revit.Attributes;\n<span class=\"blue\">using</span> Autodesk.Revit.DB;\n<span class=\"blue\">using</span> Autodesk.Revit.UI;\n \n<span class=\"blue\">namespace</span> RevitAddin\n{\n  [<span class=\"teal\">Transaction</span>( <span class=\"teal\">TransactionMode</span>.Automatic )]\n  [<span class=\"teal\">Regeneration</span>( <span class=\"teal\">RegenerationOption</span>.Manual )]\n  <span class=\"blue\">public</span> <span class=\"blue\">class</span> <span class=\"teal\">Commands</span> : <span class=\"teal\">IExternalCommand</span>\n  {\n    <span class=\"blue\">public</span> <span class=\"teal\">Result</span> Execute(\n      <span class=\"teal\">ExternalCommandData</span> commandData,\n      <span class=\"blue\">ref</span> <span class=\"blue\">string</span> message,\n      <span class=\"teal\">ElementSet</span> elements )\n    {\n      <span class=\"teal\">UIApplication</span> a = commandData.Application;\n \n      a.Idling \n        += <span class=\"blue\">new</span> System.<span class=\"teal\">EventHandler</span>&lt;\n          Autodesk.Revit.UI.Events.<span class=\"teal\">IdlingEventArgs</span>&gt;( \n            a_Idling );\n \n      <span class=\"blue\">return</span> <span class=\"teal\">Result</span>.Succeeded;\n    }\n \n    <span class=\"blue\">void</span> a_Idling( \n      <span class=\"blue\">object</span> sender, \n      Autodesk.Revit.UI.Events.<span class=\"teal\">IdlingEventArgs</span> e )\n    {\n      <span class=\"blue\">throw</span> <span class=\"blue\">new</span> System.<span class=\"teal\">NotImplementedException</span>();\n    }\n  }\n}\n</pre>\n<p>Here are the seven keystrokes I made to subscribe to the event and add the handler stub method: 'a', '.', &lt;Tab&gt;, '+', '=', &lt;Tab&gt;, &lt;Tab&gt;.\n\n<a name=\"2\"></a>\n<h4>Generating a using Statement with Ctrl + '.'</h4>\n<p>Here is a tip from Alexander Buschmann of \n\n<a href=\"http://www.idat.de\">\nIDAT Gmbh</a> to\n\nautomatically generate using statements for namespaces that we would like to use.\n\n<p>Previously, when I created a new Revit project, I manually added the references to the Revit API assemblies RevitAPI.dll and RevitAPIUI.dll.\n\n<p>Part of that manual and error prone labour can be easily avoided making use of Augusto's \n\n<a href=\"http://thebuildingcoder.typepad.com/blog/2010/07/devtv-addin-templates.html\">\nRevit add-in templates</a>.\n\nEven so, when I was still doing some typing work to add using statements for additional namespaces to the project module.\nFor instance, in the situation described above, I would normally want to make the automatically generated event handling code more succinct and readable by removing the explicit namespace prefix 'Autodesk.Revit.UI.Events.' from IdlingEventArgs and adding a 'using' statement for that namespace at the head of the module instead.\nThat would involve some copy and paste work, jumping to the top of the file, editing, and navigating back to where I started from.\n\n<p>Alexander now pointed out that if you place the cursor over type the name of a class in the Visual Studio IDE and hit Ctrl + '.', Visual Studio will automatically scan all the project references to determine the namespace providing the class definition and offer to either add the namespace prefix to fully qualify the class name, or add the appropriate using statement for it to the head of the file.\n\n<p>One of the advantages of the latter is that there is no longer any need to jump to the top of the module, type 'using' and add the namespace, and then navigate back to where you came from.\n\n<p>A very neat trick indeed that I was immediately able to use repeatedly during the rest of the training, once Alexander had pointed it out to me.\n\n<p>I can make use of that functionality in the situation above like this:\n\n<ul>\n<li>Delete the namespace prefix from the event handler IdlingEventArgs argument. \nNote that the class name colour changes from teal to black, since it is now undefined, lacking the namespace prefix and the required using statement.\n<li>Place the cursor over the now undefined IdlingEventArgs class name.\n<li>Press Ctrl + '.'.\n</li></li></li></ul>\n<p>At this point, the Visual Studio IDE displays the following Intellisense menu options prompting me to choose whether to fully qualify the class name or add the appropriate using statement for it:</p>\n<center>\n<img alt=\"Visual Studio Intellisense suggests adding a namespace prefix or a using statement\" src=\"img/vs_tips_04.png\"/>\n</center>\n<p>Pressing &lt;Tab&gt; at this point adds the using statement at the head of the module with no need to jump there and navigate back again.\n\n\n\n\n<a name=\"3\"></a>\n<h4>Linq Defines Array.Contains</h4>\n<p>At a certain point in the sample code that we were developing together, I wanted to check whether the category of a selected element was contained in a specific list.\nThe use case was the implementation of a Revit API selection filter which restricts the interactive selection process to certain structural elements.\n\n<p>To check this, I implemented a list of integer values from the built-in categories I was interested in and instantiated a List&lt;int&gt; from them in order to make use of its Contains method.\nHere is the entire implementation of the selection filter using this approach:\n\n<pre class=\"code\">\n<span class=\"gray\">///</span><span class=\"green\"> </span><span class=\"gray\">&lt;summary&gt;</span>\n<span class=\"gray\">///</span><span class=\"green\"> Selection filter allowing only structural elements.</span>\n<span class=\"gray\">///</span><span class=\"green\"> </span><span class=\"gray\">&lt;/summary&gt;</span>\n<span class=\"blue\">class</span> <span class=\"teal\">StructuralSelectionFilter</span> : <span class=\"teal\">ISelectionFilter</span>\n{\n  <span class=\"blue\">static</span> <span class=\"blue\">int</span>[] _categories = <span class=\"blue\">new</span> <span class=\"blue\">int</span>[] {\n    (<span class=\"blue\">int</span>) <span class=\"teal\">BuiltInCategory</span>.OST_StructuralColumns,\n    (<span class=\"blue\">int</span>) <span class=\"teal\">BuiltInCategory</span>.OST_StructuralFoundation,\n    (<span class=\"blue\">int</span>) <span class=\"teal\">BuiltInCategory</span>.OST_StructuralFraming\n  };\n \n  <span class=\"blue\">static</span> <span class=\"teal\">List</span>&lt;<span class=\"blue\">int</span>&gt; _list \n    = <span class=\"blue\">new</span> <span class=\"teal\">List</span>&lt;<span class=\"blue\">int</span>&gt;( _categories );\n \n  <span class=\"blue\">public</span> <span class=\"blue\">bool</span> AllowElement( <span class=\"teal\">Element</span> e )\n  {\n    <span class=\"blue\">return</span> <span class=\"blue\">null</span> != e.Category\n      &amp;&amp; _list.Contains( \n        e.Category.Id.IntegerValue );\n  }\n \n  <span class=\"blue\">public</span> <span class=\"blue\">bool</span> AllowReference( <span class=\"teal\">Reference</span> r, <span class=\"teal\">XYZ</span> p )\n  {\n    <span class=\"blue\">return</span> <span class=\"blue\">true</span>;\n  }\n}\n</pre>\n<p>In this situation, Alexander provided another useful tip by pointing out that the Linq namespace provides a Contains extension method directly for the native array type.\nBy adding a 'using System.Linq' statement, we can eliminate the intermediate list helper and use Contains directly on the array instead:\n\n<pre class=\"code\">\n<span class=\"blue\">class</span> <span class=\"teal\">StructuralSelectionFilter</span> : <span class=\"teal\">ISelectionFilter</span>\n{\n  <span class=\"blue\">static</span> <span class=\"blue\">int</span>[] _categories = <span class=\"blue\">new</span> <span class=\"blue\">int</span>[] {\n    (<span class=\"blue\">int</span>) <span class=\"teal\">BuiltInCategory</span>.OST_StructuralColumns,\n    (<span class=\"blue\">int</span>) <span class=\"teal\">BuiltInCategory</span>.OST_StructuralFoundation,\n    (<span class=\"blue\">int</span>) <span class=\"teal\">BuiltInCategory</span>.OST_StructuralFraming\n  };\n \n  <span class=\"blue\">public</span> <span class=\"blue\">bool</span> AllowElement( <span class=\"teal\">Element</span> e )\n  {\n    <span class=\"blue\">return</span> <span class=\"blue\">null</span> != e.Category\n      &amp;&amp; _categories.Contains( \n        e.Category.Id.IntegerValue );\n  }\n \n  <span class=\"blue\">public</span> <span class=\"blue\">bool</span> AllowReference( <span class=\"teal\">Reference</span> r, <span class=\"teal\">XYZ</span> p )\n  {\n    <span class=\"blue\">return</span> <span class=\"blue\">true</span>;\n  }\n}\n</pre>\n<!--\n\n<a name=\"4\"></a>\n\n<h4>Using the Linq Aggregate Method on a Filtered Element Collector</h4>\n-->\n<p>Many thanks to Alexander for these useful tips!\n</p></p></p></p></p></p></p></p></p></p></p></p></p></p></p></p></p>"
  },
  {
    "original_filename": "0417_linq_vs_tips",
    "header_text": "Generating a using Statement with Ctrl + '.'",
    "local_header_href": "#generating-a-using-statement-with-ctrl",
    "chunk_text": "<h4>Generating a using Statement with Ctrl + '.'</h4><p>Here is a tip from Alexander Buschmann of \n\n<a href=\"http://www.idat.de\">\nIDAT Gmbh</a> to\n\nautomatically generate using statements for namespaces that we would like to use.\n\n<p>Previously, when I created a new Revit project, I manually added the references to the Revit API assemblies RevitAPI.dll and RevitAPIUI.dll.\n\n<p>Part of that manual and error prone labour can be easily avoided making use of Augusto's \n\n<a href=\"http://thebuildingcoder.typepad.com/blog/2010/07/devtv-addin-templates.html\">\nRevit add-in templates</a>.\n\nEven so, when I was still doing some typing work to add using statements for additional namespaces to the project module.\nFor instance, in the situation described above, I would normally want to make the automatically generated event handling code more succinct and readable by removing the explicit namespace prefix 'Autodesk.Revit.UI.Events.' from IdlingEventArgs and adding a 'using' statement for that namespace at the head of the module instead.\nThat would involve some copy and paste work, jumping to the top of the file, editing, and navigating back to where I started from.\n\n<p>Alexander now pointed out that if you place the cursor over type the name of a class in the Visual Studio IDE and hit Ctrl + '.', Visual Studio will automatically scan all the project references to determine the namespace providing the class definition and offer to either add the namespace prefix to fully qualify the class name, or add the appropriate using statement for it to the head of the file.\n\n<p>One of the advantages of the latter is that there is no longer any need to jump to the top of the module, type 'using' and add the namespace, and then navigate back to where you came from.\n\n<p>A very neat trick indeed that I was immediately able to use repeatedly during the rest of the training, once Alexander had pointed it out to me.\n\n<p>I can make use of that functionality in the situation above like this:\n\n<ul>\n<li>Delete the namespace prefix from the event handler IdlingEventArgs argument. \nNote that the class name colour changes from teal to black, since it is now undefined, lacking the namespace prefix and the required using statement.\n<li>Place the cursor over the now undefined IdlingEventArgs class name.\n<li>Press Ctrl + '.'.\n</li></li></li></ul>\n<p>At this point, the Visual Studio IDE displays the following Intellisense menu options prompting me to choose whether to fully qualify the class name or add the appropriate using statement for it:</p>\n<center>\n<img alt=\"Visual Studio Intellisense suggests adding a namespace prefix or a using statement\" src=\"img/vs_tips_04.png\"/>\n</center>\n<p>Pressing &lt;Tab&gt; at this point adds the using statement at the head of the module with no need to jump there and navigate back again.\n\n\n\n\n<a name=\"3\"></a>\n<h4>Linq Defines Array.Contains</h4>\n<p>At a certain point in the sample code that we were developing together, I wanted to check whether the category of a selected element was contained in a specific list.\nThe use case was the implementation of a Revit API selection filter which restricts the interactive selection process to certain structural elements.\n\n<p>To check this, I implemented a list of integer values from the built-in categories I was interested in and instantiated a List&lt;int&gt; from them in order to make use of its Contains method.\nHere is the entire implementation of the selection filter using this approach:\n\n<pre class=\"code\">\n<span class=\"gray\">///</span><span class=\"green\"> </span><span class=\"gray\">&lt;summary&gt;</span>\n<span class=\"gray\">///</span><span class=\"green\"> Selection filter allowing only structural elements.</span>\n<span class=\"gray\">///</span><span class=\"green\"> </span><span class=\"gray\">&lt;/summary&gt;</span>\n<span class=\"blue\">class</span> <span class=\"teal\">StructuralSelectionFilter</span> : <span class=\"teal\">ISelectionFilter</span>\n{\n  <span class=\"blue\">static</span> <span class=\"blue\">int</span>[] _categories = <span class=\"blue\">new</span> <span class=\"blue\">int</span>[] {\n    (<span class=\"blue\">int</span>) <span class=\"teal\">BuiltInCategory</span>.OST_StructuralColumns,\n    (<span class=\"blue\">int</span>) <span class=\"teal\">BuiltInCategory</span>.OST_StructuralFoundation,\n    (<span class=\"blue\">int</span>) <span class=\"teal\">BuiltInCategory</span>.OST_StructuralFraming\n  };\n \n  <span class=\"blue\">static</span> <span class=\"teal\">List</span>&lt;<span class=\"blue\">int</span>&gt; _list \n    = <span class=\"blue\">new</span> <span class=\"teal\">List</span>&lt;<span class=\"blue\">int</span>&gt;( _categories );\n \n  <span class=\"blue\">public</span> <span class=\"blue\">bool</span> AllowElement( <span class=\"teal\">Element</span> e )\n  {\n    <span class=\"blue\">return</span> <span class=\"blue\">null</span> != e.Category\n      &amp;&amp; _list.Contains( \n        e.Category.Id.IntegerValue );\n  }\n \n  <span class=\"blue\">public</span> <span class=\"blue\">bool</span> AllowReference( <span class=\"teal\">Reference</span> r, <span class=\"teal\">XYZ</span> p )\n  {\n    <span class=\"blue\">return</span> <span class=\"blue\">true</span>;\n  }\n}\n</pre>\n<p>In this situation, Alexander provided another useful tip by pointing out that the Linq namespace provides a Contains extension method directly for the native array type.\nBy adding a 'using System.Linq' statement, we can eliminate the intermediate list helper and use Contains directly on the array instead:\n\n<pre class=\"code\">\n<span class=\"blue\">class</span> <span class=\"teal\">StructuralSelectionFilter</span> : <span class=\"teal\">ISelectionFilter</span>\n{\n  <span class=\"blue\">static</span> <span class=\"blue\">int</span>[] _categories = <span class=\"blue\">new</span> <span class=\"blue\">int</span>[] {\n    (<span class=\"blue\">int</span>) <span class=\"teal\">BuiltInCategory</span>.OST_StructuralColumns,\n    (<span class=\"blue\">int</span>) <span class=\"teal\">BuiltInCategory</span>.OST_StructuralFoundation,\n    (<span class=\"blue\">int</span>) <span class=\"teal\">BuiltInCategory</span>.OST_StructuralFraming\n  };\n \n  <span class=\"blue\">public</span> <span class=\"blue\">bool</span> AllowElement( <span class=\"teal\">Element</span> e )\n  {\n    <span class=\"blue\">return</span> <span class=\"blue\">null</span> != e.Category\n      &amp;&amp; _categories.Contains( \n        e.Category.Id.IntegerValue );\n  }\n \n  <span class=\"blue\">public</span> <span class=\"blue\">bool</span> AllowReference( <span class=\"teal\">Reference</span> r, <span class=\"teal\">XYZ</span> p )\n  {\n    <span class=\"blue\">return</span> <span class=\"blue\">true</span>;\n  }\n}\n</pre>\n<!--\n\n<a name=\"4\"></a>\n\n<h4>Using the Linq Aggregate Method on a Filtered Element Collector</h4>\n-->\n<p>Many thanks to Alexander for these useful tips!\n</p></p></p></p></p></p></p></p></p></p></p></p>"
  },
  {
    "original_filename": "0417_linq_vs_tips",
    "header_text": "Linq Defines Array.Contains",
    "local_header_href": "#linq-defines-arraycontains",
    "chunk_text": "<h4>Linq Defines Array.Contains</h4><p>At a certain point in the sample code that we were developing together, I wanted to check whether the category of a selected element was contained in a specific list.\nThe use case was the implementation of a Revit API selection filter which restricts the interactive selection process to certain structural elements.\n\n<p>To check this, I implemented a list of integer values from the built-in categories I was interested in and instantiated a List&lt;int&gt; from them in order to make use of its Contains method.\nHere is the entire implementation of the selection filter using this approach:\n\n<pre class=\"code\">\n<span class=\"gray\">///</span><span class=\"green\"> </span><span class=\"gray\">&lt;summary&gt;</span>\n<span class=\"gray\">///</span><span class=\"green\"> Selection filter allowing only structural elements.</span>\n<span class=\"gray\">///</span><span class=\"green\"> </span><span class=\"gray\">&lt;/summary&gt;</span>\n<span class=\"blue\">class</span> <span class=\"teal\">StructuralSelectionFilter</span> : <span class=\"teal\">ISelectionFilter</span>\n{\n  <span class=\"blue\">static</span> <span class=\"blue\">int</span>[] _categories = <span class=\"blue\">new</span> <span class=\"blue\">int</span>[] {\n    (<span class=\"blue\">int</span>) <span class=\"teal\">BuiltInCategory</span>.OST_StructuralColumns,\n    (<span class=\"blue\">int</span>) <span class=\"teal\">BuiltInCategory</span>.OST_StructuralFoundation,\n    (<span class=\"blue\">int</span>) <span class=\"teal\">BuiltInCategory</span>.OST_StructuralFraming\n  };\n \n  <span class=\"blue\">static</span> <span class=\"teal\">List</span>&lt;<span class=\"blue\">int</span>&gt; _list \n    = <span class=\"blue\">new</span> <span class=\"teal\">List</span>&lt;<span class=\"blue\">int</span>&gt;( _categories );\n \n  <span class=\"blue\">public</span> <span class=\"blue\">bool</span> AllowElement( <span class=\"teal\">Element</span> e )\n  {\n    <span class=\"blue\">return</span> <span class=\"blue\">null</span> != e.Category\n      &amp;&amp; _list.Contains( \n        e.Category.Id.IntegerValue );\n  }\n \n  <span class=\"blue\">public</span> <span class=\"blue\">bool</span> AllowReference( <span class=\"teal\">Reference</span> r, <span class=\"teal\">XYZ</span> p )\n  {\n    <span class=\"blue\">return</span> <span class=\"blue\">true</span>;\n  }\n}\n</pre>\n<p>In this situation, Alexander provided another useful tip by pointing out that the Linq namespace provides a Contains extension method directly for the native array type.\nBy adding a 'using System.Linq' statement, we can eliminate the intermediate list helper and use Contains directly on the array instead:\n\n<pre class=\"code\">\n<span class=\"blue\">class</span> <span class=\"teal\">StructuralSelectionFilter</span> : <span class=\"teal\">ISelectionFilter</span>\n{\n  <span class=\"blue\">static</span> <span class=\"blue\">int</span>[] _categories = <span class=\"blue\">new</span> <span class=\"blue\">int</span>[] {\n    (<span class=\"blue\">int</span>) <span class=\"teal\">BuiltInCategory</span>.OST_StructuralColumns,\n    (<span class=\"blue\">int</span>) <span class=\"teal\">BuiltInCategory</span>.OST_StructuralFoundation,\n    (<span class=\"blue\">int</span>) <span class=\"teal\">BuiltInCategory</span>.OST_StructuralFraming\n  };\n \n  <span class=\"blue\">public</span> <span class=\"blue\">bool</span> AllowElement( <span class=\"teal\">Element</span> e )\n  {\n    <span class=\"blue\">return</span> <span class=\"blue\">null</span> != e.Category\n      &amp;&amp; _categories.Contains( \n        e.Category.Id.IntegerValue );\n  }\n \n  <span class=\"blue\">public</span> <span class=\"blue\">bool</span> AllowReference( <span class=\"teal\">Reference</span> r, <span class=\"teal\">XYZ</span> p )\n  {\n    <span class=\"blue\">return</span> <span class=\"blue\">true</span>;\n  }\n}\n</pre>\n<!--\n\n<a name=\"4\"></a>\n\n<h4>Using the Linq Aggregate Method on a Filtered Element Collector</h4>\n-->\n<p>Many thanks to Alexander for these useful tips!\n</p></p></p></p>"
  }
]