[
  {
    "original_filename": "0420_dwf_dxf_export_xdata",
    "header_text": "Introduction",
    "local_header_href": "#introduction",
    "chunk_text": "<head>\n<link href=\"bc.css\" rel=\"stylesheet\" type=\"text/css\"/>\n</head>"
  },
  {
    "original_filename": "0420_dwf_dxf_export_xdata",
    "header_text": "DWG and DXF Export Xdata Specification",
    "local_header_href": "#dwg-and-dxf-export-xdata-specification",
    "chunk_text": "<h3>DWG and DXF Export Xdata Specification</h3><p>I am still on my diving vacation on \n\n<a href=\"http://en.wikipedia.org/wiki/Ko_Tao\">\nKo Tao</a>. \nUnfortunately, the visibility under water was really terrible yesterday, and diving conditions are not that good in general.\nThe rain that normally falls in November never came last year and now the water is warmer than usual.\nThe \n\n<a href=\"http://en.wikipedia.org/wiki/Coral\">\ncorals</a> that enter into a symbiosis with certain algae which give them their colour have shed their guests and are all white, or even worse, covered in dirt and grey or green.\n\n<p>Yesterday we dived at the \n\n<a href=\"http://en.wikipedia.org/wiki/Diving_in_Ko_Tao\">\nSouthwest Pinnacle</a> at \n\na depth of 22 meters and aborted the dive after 25 minutes due to almost zero underwater visibilility, the worst ever seen, said some.\n\nWe went over to Hin Ngam at Aow Leuk beach for a shallower dive away from the current, and that was a bit better.\n\nAnyway, today I am taking a day off diving and writing this instead.\n\n<p>Returning to Revit programming news, here is a technical note that has been available for quite a while that Joe just pointed out in a recent case and that I was not previously aware of:\n\n<h4>Revit DWG/DXF export: specification of the extended data (xdata)</h4>\n<p><strong>Question:</strong> A DWG/DXF file exported from Revit contains Extended Data (or Xdata) attached to each entity.  \nCould you explain what this data represents? \n\n<p><strong>Answer:</strong> Every DWG (DXF) file created by Revit during the export contains Extended Data (or Xdata). \nXdata created by Revit has an associated application name \"REVIT.\" \nEach pair of values in the list defines the type identifier code and the value of an object parameter. \nHere is a list of the data stored:\n\n<ol>\n<li>Element id\n<li>Category id\n<li>Sub-category id\n<li>Material id\n<li>Type id\n<li>Is Material Overridden By Face\n</li></li></li></li></li></li></ol>\n<p>The first five data items are structured in pairs:\n\n<ul>\n<li>First the above code 1 to 6 stored as a 16-bit integer with the DXF group code 1070.\n<li>Second the id data stored as a 32-bit integer with the DXF group code 1071.\n</li></li></ul>\n<p>The material override information only applies to polymesh objects. \nThere is no explicit value for that parameter. \nIf the record for it exists in the object, its value is true, otherwise false.\n\n<p>Each object created by Revit export can contain one record for each parameter. \nThe values of parameters are inherited by the hierarchy of the objects (e.g., from instance to block to polymesh). \nThe value defined in the object overrides the inherited value. \n\n<p>The following is an example of an entity containing Revit's extended data in DXF format:\n\n<pre>\nAcDbEntity\n  83\nD-DOOR-SYMB\n...\n\nAcDbPolyFaceMesh\n...\n\nExtended entity definition data:\n1001\nREVIT\n1002\n{\n1070\n     1\n1071\n    52525\n1070\n     2\n1071\n    31431\n1070\n     3\n1071\n    27901\n1070\n     4\n1071\n    66553\n1070\n     5\n1071\n    12345\n1070\n     6\n1002\n}\n1001\n</pre>\n<p>This means that this polymesh entity came from the host object element with element id 52525, category id 31431, sub-category id 27901, material id 66553, type id 12345, and its material was defined in the Revit face itself and not inherited from the object definitions.  \n\n<h4>Named Object Dictionary Entries</h4>\n<p>The mapping between the category, sub-category and type ids and their names is stored in corresponding tables in the Named Object Dictionary (i.e., an AcDbDictioinary of the name \"REVIT_DICTIONARY\"). \nREVIT_DICTIONARY contains the following identifiers: \n\n<ul>\n<li>REVIT_CATEGORY_MAPPING: The definition of the mapping between category ids and category names.\n<li>REVIT_SUB_CATEGORY_MAPPING: The definition of the mapping between sub-category ids and sub-category names.\n<li>REVIT_TYPE_MAPPING: The definition of the mapping between type ids and type names.\n</li></li></li></ul>\n<p>Each table will be represented by an Xrecord stored as a DXF resbuf chain. \nEach entry in the table represents the data pair with an id of type long and the name of type text.\n\n</p></p></p></p></p></p></p></p></p></p></p></p>"
  },
  {
    "original_filename": "0420_dwf_dxf_export_xdata",
    "header_text": "Revit DWG/DXF export: specification of the extended data (xdata)",
    "local_header_href": "#revit-dwgdxf-export-specification-of-the-extended-data-xdata",
    "chunk_text": "<h4>Revit DWG/DXF export: specification of the extended data (xdata)</h4><p><strong>Question:</strong> A DWG/DXF file exported from Revit contains Extended Data (or Xdata) attached to each entity.  \nCould you explain what this data represents? \n\n<p><strong>Answer:</strong> Every DWG (DXF) file created by Revit during the export contains Extended Data (or Xdata). \nXdata created by Revit has an associated application name \"REVIT.\" \nEach pair of values in the list defines the type identifier code and the value of an object parameter. \nHere is a list of the data stored:\n\n<ol>\n<li>Element id\n<li>Category id\n<li>Sub-category id\n<li>Material id\n<li>Type id\n<li>Is Material Overridden By Face\n</li></li></li></li></li></li></ol>\n<p>The first five data items are structured in pairs:\n\n<ul>\n<li>First the above code 1 to 6 stored as a 16-bit integer with the DXF group code 1070.\n<li>Second the id data stored as a 32-bit integer with the DXF group code 1071.\n</li></li></ul>\n<p>The material override information only applies to polymesh objects. \nThere is no explicit value for that parameter. \nIf the record for it exists in the object, its value is true, otherwise false.\n\n<p>Each object created by Revit export can contain one record for each parameter. \nThe values of parameters are inherited by the hierarchy of the objects (e.g., from instance to block to polymesh). \nThe value defined in the object overrides the inherited value. \n\n<p>The following is an example of an entity containing Revit's extended data in DXF format:\n\n<pre>\nAcDbEntity\n  83\nD-DOOR-SYMB\n...\n\nAcDbPolyFaceMesh\n...\n\nExtended entity definition data:\n1001\nREVIT\n1002\n{\n1070\n     1\n1071\n    52525\n1070\n     2\n1071\n    31431\n1070\n     3\n1071\n    27901\n1070\n     4\n1071\n    66553\n1070\n     5\n1071\n    12345\n1070\n     6\n1002\n}\n1001\n</pre>\n<p>This means that this polymesh entity came from the host object element with element id 52525, category id 31431, sub-category id 27901, material id 66553, type id 12345, and its material was defined in the Revit face itself and not inherited from the object definitions.  \n\n<h4>Named Object Dictionary Entries</h4>\n<p>The mapping between the category, sub-category and type ids and their names is stored in corresponding tables in the Named Object Dictionary (i.e., an AcDbDictioinary of the name \"REVIT_DICTIONARY\"). \nREVIT_DICTIONARY contains the following identifiers: \n\n<ul>\n<li>REVIT_CATEGORY_MAPPING: The definition of the mapping between category ids and category names.\n<li>REVIT_SUB_CATEGORY_MAPPING: The definition of the mapping between sub-category ids and sub-category names.\n<li>REVIT_TYPE_MAPPING: The definition of the mapping between type ids and type names.\n</li></li></li></ul>\n<p>Each table will be represented by an Xrecord stored as a DXF resbuf chain. \nEach entry in the table represents the data pair with an id of type long and the name of type text.\n\n</p></p></p></p></p></p></p></p></p>"
  },
  {
    "original_filename": "0420_dwf_dxf_export_xdata",
    "header_text": "Named Object Dictionary Entries",
    "local_header_href": "#named-object-dictionary-entries",
    "chunk_text": "<h4>Named Object Dictionary Entries</h4><p>The mapping between the category, sub-category and type ids and their names is stored in corresponding tables in the Named Object Dictionary (i.e., an AcDbDictioinary of the name \"REVIT_DICTIONARY\"). \nREVIT_DICTIONARY contains the following identifiers: \n\n<ul>\n<li>REVIT_CATEGORY_MAPPING: The definition of the mapping between category ids and category names.\n<li>REVIT_SUB_CATEGORY_MAPPING: The definition of the mapping between sub-category ids and sub-category names.\n<li>REVIT_TYPE_MAPPING: The definition of the mapping between type ids and type names.\n</li></li></li></ul>\n<p>Each table will be represented by an Xrecord stored as a DXF resbuf chain. \nEach entry in the table represents the data pair with an id of type long and the name of type text.\n\n</p></p>"
  }
]