[
  {
    "original_filename": "0425_leaving_ko_tao",
    "header_text": "Introduction",
    "local_header_href": "#introduction",
    "chunk_text": "<head>\n<link href=\"bc.css\" rel=\"stylesheet\" type=\"text/css\"/>\n</head>"
  },
  {
    "original_filename": "0425_leaving_ko_tao",
    "header_text": "Leaving Ko Tao",
    "local_header_href": "#leaving-ko-tao",
    "chunk_text": "<h3>Leaving Ko Tao</h3><p>After one more dive at Shark Island, my seventh, I decided to give up any more diving due to continued bad visibility.\nThe weather here has not been so great either lately; somewhat cloudy most of the day, heavy rain for a while every evening, quite stormy and windy.\nIt is still lovely to go swimming in the warm sea, though.\nWe are at a nice place on the west side, on Jul Jula Beach.\n\n<p>One of my favourite discoveries here is the papaya breakfast.\nAll you need is a ripe papaya, a lime or lemon, a knife and a spoon.\nCut the papaya and the lime in half, squeeze each half lime over the half papaya, and spoon it out.\nDelicious!\n\n<p>The last two days I went for walks, one quite peaceful on my own from Jul Jula to the main village in Mae Haad bay, another more exciting adventurous cross country hike together with Nadia from Chalok to Aow Leuk Bay:</p>\n<center>\n<img alt=\"Nadia on the hike to Aow Leuk Bay\" src=\"img/ko_tao06_nadia.jpg\" width=\"400\"/>\n</center>\n<p>Among many other challenges, we had to cross a barbed wire fence and a deep ravine.\nI decided to jump it:</p>\n<center>\n<img alt=\"Jump across ravine\" src=\"img/ko_tao10_ravine.jpg\" width=\"400\"/>\n</center>\n<p>Nadia more prudently climbed around the top:</p>\n<center>\n<img alt=\"Climb around ravine\" src=\"img/ko_tao12_ravine.jpg\" width=\"400\"/>\n</center>\n<p>We were well rewarded at the end, in Aow Leuk Bay, where we met up with Daniela and Maurizio once again:</p>\n<center>\n<img alt=\"Palm trees in Aow Leuk Bay\" src=\"img/ko_tao46_palms.jpg\" width=\"400\"/>\n</center>\n<p>Unfortunately, after our successful return to Chalok Bay along the normal road, I stumped my foot on a stone on the beach and was unlucky enough to rip off my 'ring finger' toenail.\nI cleaned it up perfunctorily in the Alvaro Diving place and then after some hesitation decided to get it cleaned and bandaged professionally in the clinic:</p>\n<center>\n<img alt=\"Injured foot\" src=\"img/ko_tao_injured_foot.jpg\" width=\"400\"/>\n</center>\n<p>That means I am definitely done for good with diving on this vacation, and can't even go swimming or snorkelling anymore, since the wonderful warm sea water here is also much appreciated by numerous bacteria.\nI am even taking antibiotics, the only tablets I have taken in the last decade or two.\n\n<p>I decided to leave the island, which is much too touristy for my tastes anyway.\nI booked a boat and bus to Bangkok for tomorrow afternoon.\n</p></p></p></p>"
  }
]