[
  {
    "original_filename": "0427_pattaya_fireworks",
    "header_text": "Introduction",
    "local_header_href": "#introduction",
    "chunk_text": "<head>\n<link href=\"bc.css\" rel=\"stylesheet\" type=\"text/css\"/>\n</head>"
  },
  {
    "original_filename": "0427_pattaya_fireworks",
    "header_text": "Queen's Birthday Fireworks in Pattaya",
    "local_header_href": "#queens-birthday-fireworks-in-pattaya",
    "chunk_text": "<h3>Queen's Birthday Fireworks in Pattaya</h3><p>After an afternoon and a night on boats and buses, I arrived at my brother Marcus' place in\n\n<a href=\"http://en.wikipedia.org/wiki/Pattaya\">\nPattaya</a>.\n\nWe had a nice breakfast on the beach and discovered by chance that the Queen's birthday was being celebrated with a fireworks competition on the same beach in the evening\n\n[<a href=\"http://www.thaivisa.com/forum/topic/390691-pattaya-fireworks-festival-held-in-honor-of-the-queens-birthday-anniversary\">1</a>.\n<a href=\"http://thainews.prd.go.th/en/news.php?id=255308130033\">2</a>,\n<a href=\"http://www.hotelthailand.com/event-festival/pattaya-international-fireworks-contest.html\">3</a>],\n\nWhat a lucky coincidence!\nWe went and had a look together with tens of thousands (or hundreds of thousands?) of other people.\nIt was very pleasant, with the sand and the water and palm trees, and very impressive as well:</p><center>\n<img alt=\"Queen's birthday celebration firework competition in Pattaya\" src=\"/j/photo/jeremy/2010/2010-08-14_pattaya/dscn0078.jpg\" width=\"400\"/>\n<img alt=\"Queen's birthday celebration firework competition in Pattaya\" src=\"/j/photo/jeremy/2010/2010-08-14_pattaya/dscn0086.jpg\" width=\"400\"/>\n<img alt=\"Queen's birthday celebration firework competition in Pattaya\" src=\"/j/photo/jeremy/2010/2010-08-14_pattaya/dscn0087.jpg\" width=\"400\"/>\n<img alt=\"Queen's birthday celebration firework competition in Pattaya\" src=\"/j/photo/jeremy/2010/2010-08-14_pattaya/dscn0089.jpg\" width=\"400\"/>\n</center><p>Here are some <a href=\"http://www.facebook.com/album.php?aid=66574&amp;id=1019863650\">more photos</a> from last night.\nAnother interesting aspect of life here is riding a motorbike around through the dense traffic of this interminable city...\n</p>"
  }
]