[
  {
    "original_filename": "0430_unwanted_dialogue",
    "header_text": "Introduction",
    "local_header_href": "#introduction",
    "chunk_text": "<head>\n<link href=\"bc.css\" rel=\"stylesheet\" type=\"text/css\"/>\n</head>"
  },
  {
    "original_filename": "0430_unwanted_dialogue",
    "header_text": "Suppress Unwanted Dialogue",
    "local_header_href": "#suppress-unwanted-dialogue",
    "chunk_text": "<h3>Suppress Unwanted Dialogue</h3><p>I am posting this in advance from Pattaya before leaving laptop-less for Cambodia, so that you have a little something for the duration of my absence.\n\n<p>Before I left on vacation, we had several queries on suppressing unwanted dialogues, and we also looked at this issue in some depth discussing \n\n<a href=\"http://thebuildingcoder.typepad.com/blog/2010/08/editing-elements-inside-groups.html\">\nediting elements inside groups</a>.\n\nHere are some further examples of the questions and solutions we found:\n\n<p><strong>Question:</strong> I am importing a DWG containing AutoCAD solids into a Revit document.\nThe DWG imports just fine but we always get a dialogue stating that \"Some ACIS objects could not be imported.  To import them, use AutoCAD to convert them into polymesh objects and reimport.\"\nOddly, when launching the same process manually in the Revit user interface, we get the same successful end result without any dialogue.  \nIs there a way to suppress the unwanted dialogue?\n\n<p><strong>Answer:</strong> As mentioned in the \n\n<a href=\"http://thebuildingcoder.typepad.com/blog/2010/08/editing-elements-inside-groups.html\">\nlast post</a>,\n\nthere are several different possible ways to suppress unwanted dialogues in Revit 2011.\n\n<ol>\n<li>The old method that was already available in Revit 2010 was to use the \n\n<a href=\"http://thebuildingcoder.typepad.com/blog/2009/06/autoconfirm-save-using-dialogboxshowing-event.html\">\nDialogBoxShowing event</a>, \n\nwhich can be used to dismiss a dialogue programmatically.\n\n<li>The Revit 2011 API also includes a comprehensive \n\n<a href=\"http://thebuildingcoder.typepad.com/blog/2010/04/failure-api.html\">\nfailure processing API</a>,\n\nwhich can do much more than the DialogBoxShowing event.\n\n<li>If all else fails and you just want to get rid of the dialogue box by any means, you can also use the Windows API to detect when it is displayed and dismiss it using my \n\n<a href=\"http://thebuildingcoder.typepad.com/blog/2009/10/dismiss-dialogue-using-windows-api.html\">\ndialogue clicker application</a> to \n\nsuppress it.\n</li></li></li></ol>\n<p><strong>Question:</strong> I used the following code to suppress a dialogue box that appears when reloading modified families:\n\n<pre class=\"code\">\n<span class=\"blue\">void</span> myDialogBoxShowing(\n  <span class=\"blue\">object</span> sender,\n  <span class=\"teal\">DialogBoxShowingEventArgs</span> e )\n{\n  <span class=\"teal\">TaskDialogShowingEventArgs</span> e1\n    = e <span class=\"blue\">as</span> <span class=\"teal\">TaskDialogShowingEventArgs</span>;\n \n  <span class=\"blue\">if</span>( e1 != <span class=\"blue\">null</span> )\n  {\n    <span class=\"blue\">if</span>( e1.DialogId.Equals(\n      <span class=\"maroon\">\"TaskDialog_Family_Already_Exists\"</span> ) )\n    {\n      e1.OverrideResult(\n        ( <span class=\"blue\">int</span> ) <span class=\"teal\">TaskDialogResult</span>.CommandLink1 ); <span class=\"green\">// 1001</span>\n    }\n  }\n}\n</pre>\n<p>How can I suppress this dialogue box that is displayed when I delete a linked RVT file?</p>\n<center>\n<img alt=\"Delete linked RVT file dialogue\" src=\"img/unwanted_dlg_linked_rvt.jpg\"/>\n</center>\n<p><strong>Answer:</strong> I would suggest using the Failure API to suppress that dialogue.\n\n<p><strong>Response:</strong> Thanks you for your quick reply.\nIt works fine and is easier to control.\n\n<p>I still have to figure out how to override with another option instead of the default one, in case of a warning dialogue box with more than one button.\nIn my case, I want to pick \"Remove Link\" instead of \"OK\".\nHere is the code:\n\n<pre class=\"code\">\n<span class=\"blue\">public</span> <span class=\"blue\">class</span> <span class=\"teal\">WarningSwallower</span> \n  : <span class=\"teal\">IFailuresPreprocessor</span>\n{\n  <span class=\"blue\">public</span> <span class=\"teal\">FailureProcessingResult</span> \n    PreprocessFailures( <span class=\"teal\">FailuresAccessor</span> a )\n  {\n    <span class=\"teal\">IList</span>&lt;<span class=\"teal\">FailureMessageAccessor</span>&gt; failures \n      = a.GetFailureMessages();\n \n    <span class=\"blue\">foreach</span>( <span class=\"teal\">FailureMessageAccessor</span> f <span class=\"blue\">in</span> failures )\n    {\n      <span class=\"green\">//if (f.GetSeverity().ToString() == \"Warning\")</span>\n      <span class=\"green\">//a.DeleteWarning(f);</span>\n \n      <span class=\"teal\">FailureDefinitionId</span> id \n        = f.GetFailureDefinitionId();\n \n      <span class=\"blue\">if</span>( id == <span class=\"teal\">BuiltInFailures</span>.<span class=\"teal\">LinkFailures</span>\n        .DeleteLinkSymbolPrompt )\n      {\n        <span class=\"green\">// only default option being choosen, </span>\n        <span class=\"green\">// not good enough!</span>\n        a.DeleteWarning( f ); \n      }\n    }\n    <span class=\"blue\">return</span> <span class=\"teal\">FailureProcessingResult</span>.Continue;\n  }\n}\n</pre>\n<p>Is there a way within the Failure API to suppress the warning and specifying a non-default option?\n\n<p>The closest possibility I see is to set the FailureResolutionType.\nI tried that, but it does not work.\n\n<p><strong>Answer:</strong> Could you please try to use the ResolveFailure method to mimic clicking the 'Remove Link' button?\n\nHere is a code snippet showing how to resolve a failure, excerpted from the Revit 2011 SDK ErrorHandling sample:\n\n<pre class=\"code\">\n<span class=\"blue\">public</span> <span class=\"teal\">FailureProcessingResult</span> ProcessFailures( \n  <span class=\"teal\">FailuresAccessor</span> failuresAccessor )\n{\n  <span class=\"teal\">IList</span>&lt;<span class=\"teal\">FailureMessageAccessor</span>&gt; fmas \n    = failuresAccessor.GetFailureMessages();\n \n  <span class=\"blue\">if</span>( fmas.Count == 0 )\n  {\n    <span class=\"blue\">return</span> <span class=\"teal\">FailureProcessingResult</span>.Continue;\n  }\n \n  <span class=\"teal\">String</span> transactionName \n    = failuresAccessor.GetTransactionName();\n \n  <span class=\"blue\">if</span>( transactionName.Equals( \n    <span class=\"maroon\">\"Error_FailuresProcessor\"</span> ) )\n  {\n    <span class=\"blue\">foreach</span>( <span class=\"teal\">FailureMessageAccessor</span> fma <span class=\"blue\">in</span> fmas )\n    {\n      <span class=\"teal\">FailureDefinitionId</span> id \n        = fma.GetFailureDefinitionId();\n \n      <span class=\"blue\">if</span>( id == <span class=\"teal\">Command</span>.m_idError )\n      {\n        failuresAccessor.ResolveFailure( fma );\n      }\n    }\n    <span class=\"blue\">return</span> <span class=\"teal\">FailureProcessingResult</span>\n      .ProceedWithCommit;\n  }\n  <span class=\"blue\">else</span>\n  {\n    <span class=\"blue\">return</span> <span class=\"teal\">FailureProcessingResult</span>.Continue;\n  }\n}\n</pre>\n<p><strong>Response:</strong> I just tested using the ResolveFailure method, and it still seems not to be working, i.e. the dialogue box is still showing up using this code:\n\n<pre class=\"code\">\n<span class=\"blue\">public</span> <span class=\"teal\">FailureProcessingResult</span> PreprocessFailures( \n  <span class=\"teal\">FailuresAccessor</span> a )\n{\n  <span class=\"teal\">IList</span>&lt;<span class=\"teal\">FailureMessageAccessor</span>&gt; failures \n    = a.GetFailureMessages();\n \n  <span class=\"blue\">foreach</span>( <span class=\"teal\">FailureMessageAccessor</span> f <span class=\"blue\">in</span> failures )\n  {\n    <span class=\"teal\">FailureDefinitionId</span> id \n      = f.GetFailureDefinitionId();\n \n    <span class=\"blue\">if</span>( id == <span class=\"teal\">BuiltInFailures</span>.<span class=\"teal\">LinkFailures</span>\n      .DeleteLinkSymbolPrompt )\n    {\n      <span class=\"green\">// only default option being choosen, </span>\n      <span class=\"green\">// not good enough!</span>\n      <span class=\"green\">//a.DeleteWarning(f); </span>\n \n      <span class=\"green\">// cannot suppress dialogue box</span>\n      a.ResolveFailure( f ); \n    }\n  }\n  <span class=\"blue\">return</span> <span class=\"teal\">FailureProcessingResult</span>.Continue;\n}\n</pre>\n<p>DeleteWarning is working, the only problem is that it only uses the default OK option.\nCertainly there must be a way to specify another option when deleting a warning?\n\n<p><strong>Answer:</strong> Please try to use a class derived from IFailureProcessor, and implement its ResolveFailure method appropriately.\n\n<p>If all else fails, a workaround would be to delete the remaining RVT model link via the API after you dismiss the warning using the default option.\n\n<p><strong>Correction:</strong> Aleksey Moiseyev very friendlily pointed out that the ResolveFailure method shown above is still not working, i.e. the dialogue box is still showing up using the code shown.\n\n<p>The method should be returning the FailureProcessingResult ProceedWithCommit, not Continue. The latter allows the error dialog to appear as usual, whereas the former suppresses it. \n\n<p>Thank you very much, Aleksey, for pointing this out, and sorry for the erroneous original post!\n</p></p></p></p></p></p></p></p></p></p></p></p></p></p></p></p></p></p>"
  }
]