[
  {
    "original_filename": "0449_2011_wu2",
    "header_text": "Introduction",
    "local_header_href": "#introduction",
    "chunk_text": "<head>\n<link href=\"bc.css\" rel=\"stylesheet\" type=\"text/css\"/>\n</head>"
  },
  {
    "original_filename": "0449_2011_wu2",
    "header_text": "Revit 2011 Web Update 2",
    "local_header_href": "#revit-2011-web-update-2",
    "chunk_text": "<h3>Revit 2011 Web Update 2</h3><p>I am currently attending an Autodesk-specific non-technical training in a pretty posh old English manor house, \n\n<a href=\"http://www.elvethamhotel.co.uk\">\nThe Elvetham</a>.\n\nApparently, Queen Elizabeth I planted an oak tree here which is still standing, \nand King Henry VIII met one of his wives here, back in the sixteenth century.\n\n<p>In more recent news, a colleague just pointed out the\n\n<a href=\"http://revitoped.blogspot.com\">\nRevit OpEd</a> blog\n\nfeaturing a concise and clear overview of the newly released \n\n<a href=\"http://revitoped.blogspot.com/2010/09/revit-web-update-2-posted-subscription.html\">\nRevit 2011 web update 2</a>, which is build 20100903_2115, and\n\nits relationship to other upcoming updates.\n\n<p>The web update of Revit 2011 can be downloaded from the public Revit product pages:\n\n<ul>\n<li>\n<a href=\"http://www.autodesk.com/revitarchitecture\">Revit Architecture</a> &gt; \n<a href=\"http://usa.autodesk.com/adsk/servlet/index?siteID=123112&amp;id=9262001\">Product Download</a></li>\n<li>\n<a href=\"http://www.autodesk.com/revitmep\">Revit MEP</a> &gt; \n<a href=\"http://usa.autodesk.com/adsk/servlet/index?siteID=123112&amp;id=9262043\">Product Download</a></li>\n<li>\n<a href=\"http://www.autodesk.com/revitstructure\">Revit Structure</a> &gt; \n<a href=\"http://usa.autodesk.com/adsk/servlet/index?siteID=123112&amp;id=9262026\">Product Download</a></li>\n</ul>\n<p>The first update in June, Revit 2011\n\n<a href=\"http://thebuildingcoder.typepad.com/blog/2010/06/revit-2011-web-update-1.html\">\nWeb Update 1 (WU1)</a> is \n\nincluded in Web Update 2 (WU2), so it is not necessary to install WU1 first.\n\n<p>Here is the list of the WU2 API enhancements which extend the \n\n<a href=\"http://thebuildingcoder.typepad.com/blog/2010/06/revit-2011-web-update-1.html\">\nWU1 ones</a> and are also applicable across all three flavours for Architecture, MEP and Structure, copied out of the enhancements list documents Enhancements_List_RAC_2011_UR2.pdf and the same for RME and RST:\n\n<ul>\n<li>Setting formula for Manufacturer/Type Comments as string no longer throws an exception.\n<li>Improves consistency between User Interface and API when using Family Type count.\n<li>Improves the consistency of maintaining the preview image when Save/SaveAs.\n<li>Improves the consistency of creating the detail curve when the view\u001fs detail sketch plane is not located where expected within the database.\n<li>Improves detail curve creation when the view does not have an implicit sketch plane.\n</li></li></li></li></li></ul>\n<p>The RME enhancement list mentions the following two additional MEP specific API enhancements:\n\n<ul>\n<li>Cabletray Connector Angle property no longer throws an exception when rotating a\ncabletray.\n<li>MEP API: The following Electrical Parameter Types have been exposed to DB.ParameterType:\n<ul>\n<li>CABLETRAY_SIZE\n<li>LOADCLASSIFICATION\n<li>ELECTRICAL_TEMPERATURE\n<li>ELECTRICAL_DEMAND_FACTOR\n<li>CONDUIT_SIZE\n</li></li></li></li></li></ul>\n</li></li></ul>\n</p></p></p></p></p></p>"
  }
]