[
  {
    "original_filename": "0451_revit_2011_devtv",
    "header_text": "Introduction",
    "local_header_href": "#introduction",
    "chunk_text": "<head>\n<link href=\"bc.css\" rel=\"stylesheet\" type=\"text/css\"/>\n</head>"
  },
  {
    "original_filename": "0451_revit_2011_devtv",
    "header_text": "Revit 2011 DevTV",
    "local_header_href": "#revit-2011-devtv",
    "chunk_text": "<h3>Revit 2011 DevTV</h3><p>The Revit DevTV recordings are probably the absolutely most efficient learning resource for quickly getting a hands-on experience of programming Revit. They include\n\n<ul>\n<li>Overview of the SDK\n<li>Installation of samples \n<li>Creating your first add-in\n<li>Iterating over database elements\n<li>Selecting an element\n<li>Extracting element parameter data\n<li>... And much more!\n</li></li></li></li></li></li></li></ul>\n<p>The first version was created for \n\n<a href=\"http://thebuildingcoder.typepad.com/blog/2008/08/getting-started.html\">\nRevit 2008</a>, \n\nand that was reused for the \n\n<a href=\"http://thebuildingcoder.typepad.com/blog/2008/08/getting-started.html\">\nRevit 2009 training material</a> as well.\n\nAugusto Gonçalves of Autodesk Brazil created an updated version for \n\n<a href=\"http://thebuildingcoder.typepad.com/blog/2009/12/updated-devtv-introduction-to-revit-programming.html\">\nRevit 2010</a> in \n\nDecember 2009, and he also created the wonderful \n\n<a href=\"http://thebuildingcoder.typepad.com/blog/2010/07/devtv-addin-templates.html\">\nDevTV add-in templates for Revit 2011</a>.\n\n<p>Now we have a vastly improved version for the Revit 2011 API.\nIt is split into two parts to make it more manageable.\nPart 1 was again created by Augusto, in English and Portuguese, and Part 2 by Adam Nagy.\nThey are hosted on the \n\n<a href=\"http://www.autodesk.com/developrevit\">Revit Developer Center</a> site \n\nand also accessible through the following links which I copied from there:\n\n<ul>\n<li>DevTV: Introduction to Revit 2011 Programming - Part 1:\n<br/>A short video tutorial demonstrating the basic steps to start developing with Revit .NET API. \n<br/><a href=\"http://download.autodesk.com/media/adn/DevTV_Revit_API_2011_English_Part1/Revit_2011_DevTV_EN.html\">\nView online</a> –\n<a href=\"http://download.autodesk.com/media/adn/DevTV_Revit_API_2011_English_Part1.zip\">\nDownload</a>\n</li></ul>\n<ul>\n<li>DevTV: Introduction to Revit 2011 Programming (Portuguese):\n<br/>Introdução à Programação Revit\n<br/>Uma videoaula de curta duração que mostra as etapas básicas para começar a programar com a API Revit .NET.\n<br/><a href=\"http://download.autodesk.com/media/adn/DevTV_Revit_API_2011_Portugues_Parte1/Revit_2011_Portugues.html\">\nView online</a> –\n<a href=\"http://download.autodesk.com/media/adn/DevTV_Revit_API_2011_Portugues_Parte1.zip\">\nDownload</a>\n</li></ul>\n<ul>\n<li>DevTV: Introduction to Revit 2011 Programming  Part 2:\n<!-- <br>A short video tutorial demonstrating the basic steps to start developing with Revit .NET API. -->\n<br/>A short video tutorial demonstrating selection and filtering API through a room renumbering application.\n<br/><a href=\"http://download.autodesk.com/media/adn/DevTv_Revit_NET_English-Part2/Revit%20DevTV%20-%20part%202.html\">\nView online</a> –\n<a href=\"http://download.autodesk.com/media/adn/DevTv_Revit_NET_English-Part2.zip\">\nDownload</a>\n</li></ul>\n<p>Here are the detailed tables of contents:\n\n<h5>Part 1</h5>\n<ol>\n<li>Introduction\n<li>Hello World\n<li>Add-In Manager\n<li>External Command\n<li>Selection\n<li>Revit Lookup\n<li>Database\n<li>Filters\n<li>Parameters\n<li>Learning More\n</li></li></li></li></li></li></li></li></li></li></ol>\n<h5>Part 2</h5>\n<ol>\n<li>Introduction\n<li>Add-In in Action\n<li>Add-In Framework\n<li>Picking Objects\n<li>RevitLookup Tool\n<li>Element Filtering\n<li>Testing the Add-In\n<li>Add-In Manager\n<li>Learning More\n</li></li></li></li></li></li></li></li></li></ol>\n<h5>Part 2 Expands on Part 1</h5>\n<p>There is a certain apparent overlap between the two tables of content, because the two presentations cover related materials using different examples and highlighting different important aspects.\nPart 2 is a significant expansion over Part 1, however. As Adam puts it, the difference is that Part 2 discusses how to use what you learned in Part 1:\n\n<ol>\n<li>Introduction – Part of the DevTV framework.\n<li>Add-In in Action – explains what the add-in will do.\n<li>Add-In Framework – refers back to Part 1 without going into details.\n<li>Picking Objects – Part 1 talks about iterating the currently selected objects, Part 2 talks about picking.\n<li>RevitLookup Tool – Part 1 has a quick look at it but does not 'use' it, whereas Part 2 does.\n<li>Element Filtering – Part 1 presented the OfClass and OfCategory shortcuts; Part 2 goes further by showing WherePasses and ParameterFilter.\n<li>Testing the Add-In – just a very quick test this time.\n<li>Add-In Manager – Part 2 actually shows how to use it, while Part 1 just mentioned it.\n<li>Learning More – Part of the DevTV framework.\n</li></li></li></li></li></li></li></li></li></ol>\n<a name=\"template_update\"></a>\n<h5>DevTV Template Update</h5>\n<p>By the way, it is extremely easy to edit the \n\n<a href=\"http://thebuildingcoder.typepad.com/blog/2010/07/devtv-addin-templates.html\">\nDevTV Visual Studio Wizard templates</a> included with Part 1.\n\nSimply unzip the files to the hard disk, edit them just as you see fit, and zip them back up again.\n\nFor example, here is \n\n<a href=\"zip/TemplateRevitArchAddinCsJt.zip\">\nmy personalised C# DevTV template</a> which \n\ngenerates an absolutely minimal C# Revit add-in skeleton with all comments removed and some additional copyright information added to the assembly properties.\n</p></p></p></p></p></p>"
  },
  {
    "original_filename": "0451_revit_2011_devtv",
    "header_text": "Part 1",
    "local_header_href": "#part-1",
    "chunk_text": "<h5>Part 1</h5><ol>\n<li>Introduction\n<li>Hello World\n<li>Add-In Manager\n<li>External Command\n<li>Selection\n<li>Revit Lookup\n<li>Database\n<li>Filters\n<li>Parameters\n<li>Learning More\n</li></li></li></li></li></li></li></li></li></li></ol>"
  },
  {
    "original_filename": "0451_revit_2011_devtv",
    "header_text": "Part 2",
    "local_header_href": "#part-2",
    "chunk_text": "<h5>Part 2</h5><ol>\n<li>Introduction\n<li>Add-In in Action\n<li>Add-In Framework\n<li>Picking Objects\n<li>RevitLookup Tool\n<li>Element Filtering\n<li>Testing the Add-In\n<li>Add-In Manager\n<li>Learning More\n</li></li></li></li></li></li></li></li></li></ol>"
  },
  {
    "original_filename": "0451_revit_2011_devtv",
    "header_text": "Part 2 Expands on Part 1",
    "local_header_href": "#part-2-expands-on-part-1",
    "chunk_text": "<h5>Part 2 Expands on Part 1</h5><p>There is a certain apparent overlap between the two tables of content, because the two presentations cover related materials using different examples and highlighting different important aspects.\nPart 2 is a significant expansion over Part 1, however. As Adam puts it, the difference is that Part 2 discusses how to use what you learned in Part 1:\n\n<ol>\n<li>Introduction – Part of the DevTV framework.\n<li>Add-In in Action – explains what the add-in will do.\n<li>Add-In Framework – refers back to Part 1 without going into details.\n<li>Picking Objects – Part 1 talks about iterating the currently selected objects, Part 2 talks about picking.\n<li>RevitLookup Tool – Part 1 has a quick look at it but does not 'use' it, whereas Part 2 does.\n<li>Element Filtering – Part 1 presented the OfClass and OfCategory shortcuts; Part 2 goes further by showing WherePasses and ParameterFilter.\n<li>Testing the Add-In – just a very quick test this time.\n<li>Add-In Manager – Part 2 actually shows how to use it, while Part 1 just mentioned it.\n<li>Learning More – Part of the DevTV framework.\n</li></li></li></li></li></li></li></li></li></ol>\n<a name=\"template_update\"></a>\n<h5>DevTV Template Update</h5>\n<p>By the way, it is extremely easy to edit the \n\n<a href=\"http://thebuildingcoder.typepad.com/blog/2010/07/devtv-addin-templates.html\">\nDevTV Visual Studio Wizard templates</a> included with Part 1.\n\nSimply unzip the files to the hard disk, edit them just as you see fit, and zip them back up again.\n\nFor example, here is \n\n<a href=\"zip/TemplateRevitArchAddinCsJt.zip\">\nmy personalised C# DevTV template</a> which \n\ngenerates an absolutely minimal C# Revit add-in skeleton with all comments removed and some additional copyright information added to the assembly properties.\n</p></p>"
  },
  {
    "original_filename": "0451_revit_2011_devtv",
    "header_text": "DevTV Template Update",
    "local_header_href": "#devtv-template-update",
    "chunk_text": "<h5>DevTV Template Update</h5><p>By the way, it is extremely easy to edit the \n\n<a href=\"http://thebuildingcoder.typepad.com/blog/2010/07/devtv-addin-templates.html\">\nDevTV Visual Studio Wizard templates</a> included with Part 1.\n\nSimply unzip the files to the hard disk, edit them just as you see fit, and zip them back up again.\n\nFor example, here is \n\n<a href=\"zip/TemplateRevitArchAddinCsJt.zip\">\nmy personalised C# DevTV template</a> which \n\ngenerates an absolutely minimal C# Revit add-in skeleton with all comments removed and some additional copyright information added to the assembly properties.\n</p>"
  }
]