[
  {
    "original_filename": "0457_cairo_and_net_books",
    "header_text": "Introduction",
    "local_header_href": "#introduction",
    "chunk_text": "<head>\n<link href=\"bc.css\" rel=\"stylesheet\" type=\"text/css\"/>\n</head>"
  },
  {
    "original_filename": "0457_cairo_and_net_books",
    "header_text": "Cairo and Free .NET Books",
    "local_header_href": "#cairo-and-free-net-books",
    "chunk_text": "<h3>Cairo and Free .NET Books</h3><p>I completed the Revit API training course hosted by Mohamad Yamani, Technical Manager of\n\n<a href=\"http://www.kemet.com.eg\">\nKemet Corporation</a> here \n\nin Cairo, Egypt.\nBeside the standard issues of Revit programming basics, we were also able to address a number of specific needs of the participating companies besides Kemet, i.e. \n\n<a href=\"http://www.zfp.com\">\nZuhair Faye Partner ZFP</a>,\n\n<a href=\"http://www.ecgsa.com\">\nEngineering Consultants Group ECG</a>, and\n\n<a href=\"http://www.dargroup.com\">\nDar Al-Handasah Consultants (Shair and Partners)</a>.\n\nHere are five of us (out of a total of ten) on the last afternoon:</p><center>\n<img alt=\"Egyptian Revit API training\" src=\"img/cairo_1.jpg\" width=\"400\"/>\n</center><p>To celebrate the conclusion, Osama Sayed Ahmed of ZFP very friendlily showed me downtown Cairo at night and the wonderful typical Egyptian vegetarian meal of\n\n<a href=\"http://en.wikipedia.org/wiki/Kushari\">\n<span style=\"font-size:larger\">كشرى</span> (kosheri)</a>:</p><center>\n<img alt=\"Eating kosheri in Cairo\" src=\"img/cairo_2.jpg\" width=\"400\"/>\n</center><p>By the way, I just found a great \n\n<a href=\"http://www-atm.physics.ox.ac.uk/user/iwi/charmap.html\">\nonline Unicode character map</a> that \n\nI could use to convert a typed-in word in Arabic to the corresponding sequence of Unicode characters for posting.\n\n<p>We ended up drinking tea in the balmy air on the Nile riverside, listening to our neighbours singing and playing romantic songs on the guitar:</p>\n<center>\n<img alt=\"Drinking tea on the Nile bank\" src=\"img/cairo_3.jpg\" width=\"400\"/>\n</center>\n<p>Here are some \n\n<a href=\"http://www.facebook.com/album.php?aid=83068&amp;id=1019863650\">\nmore photos</a>.\n\n<p>Very many thanks to Mohamed for arranging and hosting the event, to all participants for their lively interest, and especially to Osama for his wonderful invitations to visit his family in the countryside and the evening in downtown Cairo. \nIt really is a great pleasure to be here and learn so much!\n\n<p>Besides stories about my tourism, visits to the \n\n<a href=\"http://en.wikipedia.org/wiki/Mosque\">\nmasjid</a>, and insights into Islam, here is a snippet of programming news as well, answering a question that regularly crops up, on how to start learning .NET:\n\n<a href=\"http://amazedsaint.blogspot.com/2010/09/7-freely-available-e-booksguides-i.html\">\nseven free .NET development and architecture e-books</a> pointed \n\nout by \n\n<a href=\"http://through-the-interface.typepad.com\">\nKean Walmsley</a>.\n</p></p></p></p>"
  }
]