[
  {
    "original_filename": "0477_content_loc_dwg_setting",
    "header_text": "Introduction",
    "local_header_href": "#introduction",
    "chunk_text": "<head>\n<link href=\"bc.css\" rel=\"stylesheet\" type=\"text/css\"/>\n</head>"
  },
  {
    "original_filename": "0477_content_loc_dwg_setting",
    "header_text": "Reading DWG Settings and Content Location from INI File",
    "local_header_href": "#reading-dwg-settings-and-content-location-from-ini-file",
    "chunk_text": "<h3>Reading DWG Settings and Content Location from INI File</h3><p>Autumn is here in full now, grey and wet outside. \nThe beautiful yellow leaves are turning brown and soggy.  \nWe had a wonderful sunny weekend, though, and I lay on the grass in the sunshine watching the distant mountains yesterday...\n\n<p>In a completely different vein, today is the final day for submitting the Autodesk University material!\nI'm still not completely done...\n\n<p>Meanwhile, here are two quick cases handled by Joe Ye quite a while back which both ended up resorting to reading data from the Revit INI file:\n\n<ul>\n<li><a href=\"#1\">DWG settings</a>.\n<li><a href=\"#2\">Content location</a>.\n</li></li></ul>\n<a name=\"1\"></a>\n<h4>DWG Settings</h4>\n<p><strong>Question:</strong> I am exporting a Revit model to DWG and IFC format. \nBefore exporting, I need to fetch the settings option. \nIs it possible to fetch the Revit DWG and IFC export settings option thru API? \n\n<p><strong>Answer:</strong> Revit doesnt expose any API to retrieve the DWG or IFC export setting options.\nHowever, the current option file name being used is saved in Revit.ini file.\nFor example, here are the setting option filenames stored in my version of RAC 2011:\n\n<pre>\nExportLayersNameDWG=..\\..\\..\\..\n  \\ProgramData\\Autodesk\\RAC 2011\n  \\exportlayers-dwg-CP83.txt\n\nExportToClassIFC=..\\..\\..\\..\n  \\ProgramData\\Autodesk\\RAC 2011\n  \\exportlayers-ifc-IAI.txt\n\nExportLayersNameDGN=..\\..\\..\\..\n  \\ProgramData\\Autodesk\\RAC 2011\n  \\exportlayers-dgn-BS1192.txt\n</pre>\n<p>As the names indicate, ExportLayersNameDWG is for DWG, ExportToClassIFC for IFC, and ExportLayersNameDGN for the DGN export settings.\n\n<p>The Revit.ini file is always located in the same folder as the executable Revit.exe itself. \nIf Revit was installed using the default path settings, this folder is C:\\Program Files\\Autodesk\\Revit Architecture 2011\\Program.\n\n<p>You can read the settings using the standard .NET file content reading API.\n\n<a name=\"2\"></a>\n<h4>Content Location</h4>\n<p><strong>Question:</strong> I am wondering if there are is way for me to find out where the content (families etc.) is placed on computers with any Revit 2011 version? \n\n<p>When I looked for the installation location of the Revit application, there were six different registry keys that I could look for, depending on the version (Architecture, \nStructure, MEP) and 32/64 bit.\n\n<p>I am interested in installing my families to the correct location, in the same place as the other content. \n\n<p><strong>Answer:</strong> The family library path can be retrieved from the Revit.ini configuration file in each products Program folder.\nHere are the settings providing the family library path (they are all in one single long line in the Revit.ini file):\n\n<h5>RAC2011</h5>\n<pre>\nDataLibraryLocations\n  =Imperial Library=C:\\ProgramData\n    \\Autodesk\\RAC 2011\\Imperial Library\n  ,Imperial Detail Library=C:\\ProgramData\n    \\Autodesk\\RAC 2011\\Imperial Library\n    \\Detail Components\n</pre>\n<h5>RST2011</h5>\n<pre>\nDataLibraryLocations\n  =Imperial Library=C:\\ProgramData\n    \\Autodesk\\RST 2011\\Imperial Library\n  ,Imperial Detail Library=C:\\ProgramData\n    \\Autodesk\\RST 2011\\Imperial Library\n    \\Detail Components\n</pre>\n<p>Retrieving the family library path from the Revit.ini configuration file should be independent of the Revit flavour and the 32 or 64 bit OS version.\n\n<p>Many thanks to Joe for these suggestions.</p></p></p></p></p></p></p></p></p></p></p></p></p></p>"
  },
  {
    "original_filename": "0477_content_loc_dwg_setting",
    "header_text": "DWG Settings",
    "local_header_href": "#dwg-settings",
    "chunk_text": "<h4>DWG Settings</h4><p><strong>Question:</strong> I am exporting a Revit model to DWG and IFC format. \nBefore exporting, I need to fetch the settings option. \nIs it possible to fetch the Revit DWG and IFC export settings option thru API? \n\n<p><strong>Answer:</strong> Revit doesnt expose any API to retrieve the DWG or IFC export setting options.\nHowever, the current option file name being used is saved in Revit.ini file.\nFor example, here are the setting option filenames stored in my version of RAC 2011:\n\n<pre>\nExportLayersNameDWG=..\\..\\..\\..\n  \\ProgramData\\Autodesk\\RAC 2011\n  \\exportlayers-dwg-CP83.txt\n\nExportToClassIFC=..\\..\\..\\..\n  \\ProgramData\\Autodesk\\RAC 2011\n  \\exportlayers-ifc-IAI.txt\n\nExportLayersNameDGN=..\\..\\..\\..\n  \\ProgramData\\Autodesk\\RAC 2011\n  \\exportlayers-dgn-BS1192.txt\n</pre>\n<p>As the names indicate, ExportLayersNameDWG is for DWG, ExportToClassIFC for IFC, and ExportLayersNameDGN for the DGN export settings.\n\n<p>The Revit.ini file is always located in the same folder as the executable Revit.exe itself. \nIf Revit was installed using the default path settings, this folder is C:\\Program Files\\Autodesk\\Revit Architecture 2011\\Program.\n\n<p>You can read the settings using the standard .NET file content reading API.\n\n<a name=\"2\"></a>\n<h4>Content Location</h4>\n<p><strong>Question:</strong> I am wondering if there are is way for me to find out where the content (families etc.) is placed on computers with any Revit 2011 version? \n\n<p>When I looked for the installation location of the Revit application, there were six different registry keys that I could look for, depending on the version (Architecture, \nStructure, MEP) and 32/64 bit.\n\n<p>I am interested in installing my families to the correct location, in the same place as the other content. \n\n<p><strong>Answer:</strong> The family library path can be retrieved from the Revit.ini configuration file in each products Program folder.\nHere are the settings providing the family library path (they are all in one single long line in the Revit.ini file):\n\n<h5>RAC2011</h5>\n<pre>\nDataLibraryLocations\n  =Imperial Library=C:\\ProgramData\n    \\Autodesk\\RAC 2011\\Imperial Library\n  ,Imperial Detail Library=C:\\ProgramData\n    \\Autodesk\\RAC 2011\\Imperial Library\n    \\Detail Components\n</pre>\n<h5>RST2011</h5>\n<pre>\nDataLibraryLocations\n  =Imperial Library=C:\\ProgramData\n    \\Autodesk\\RST 2011\\Imperial Library\n  ,Imperial Detail Library=C:\\ProgramData\n    \\Autodesk\\RST 2011\\Imperial Library\n    \\Detail Components\n</pre>\n<p>Retrieving the family library path from the Revit.ini configuration file should be independent of the Revit flavour and the 32 or 64 bit OS version.\n\n<p>Many thanks to Joe for these suggestions.</p></p></p></p></p></p></p></p></p></p></p>"
  },
  {
    "original_filename": "0477_content_loc_dwg_setting",
    "header_text": "Content Location",
    "local_header_href": "#content-location",
    "chunk_text": "<h4>Content Location</h4><p><strong>Question:</strong> I am wondering if there are is way for me to find out where the content (families etc.) is placed on computers with any Revit 2011 version? \n\n<p>When I looked for the installation location of the Revit application, there were six different registry keys that I could look for, depending on the version (Architecture, \nStructure, MEP) and 32/64 bit.\n\n<p>I am interested in installing my families to the correct location, in the same place as the other content. \n\n<p><strong>Answer:</strong> The family library path can be retrieved from the Revit.ini configuration file in each products Program folder.\nHere are the settings providing the family library path (they are all in one single long line in the Revit.ini file):\n\n<h5>RAC2011</h5>\n<pre>\nDataLibraryLocations\n  =Imperial Library=C:\\ProgramData\n    \\Autodesk\\RAC 2011\\Imperial Library\n  ,Imperial Detail Library=C:\\ProgramData\n    \\Autodesk\\RAC 2011\\Imperial Library\n    \\Detail Components\n</pre>\n<h5>RST2011</h5>\n<pre>\nDataLibraryLocations\n  =Imperial Library=C:\\ProgramData\n    \\Autodesk\\RST 2011\\Imperial Library\n  ,Imperial Detail Library=C:\\ProgramData\n    \\Autodesk\\RST 2011\\Imperial Library\n    \\Detail Components\n</pre>\n<p>Retrieving the family library path from the Revit.ini configuration file should be independent of the Revit flavour and the 32 or 64 bit OS version.\n\n<p>Many thanks to Joe for these suggestions.</p></p></p></p></p></p>"
  },
  {
    "original_filename": "0477_content_loc_dwg_setting",
    "header_text": "RAC2011",
    "local_header_href": "#rac2011",
    "chunk_text": "<h5>RAC2011</h5><pre>\nDataLibraryLocations\n  =Imperial Library=C:\\ProgramData\n    \\Autodesk\\RAC 2011\\Imperial Library\n  ,Imperial Detail Library=C:\\ProgramData\n    \\Autodesk\\RAC 2011\\Imperial Library\n    \\Detail Components\n</pre>"
  },
  {
    "original_filename": "0477_content_loc_dwg_setting",
    "header_text": "RST2011",
    "local_header_href": "#rst2011",
    "chunk_text": "<h5>RST2011</h5><pre>\nDataLibraryLocations\n  =Imperial Library=C:\\ProgramData\n    \\Autodesk\\RST 2011\\Imperial Library\n  ,Imperial Detail Library=C:\\ProgramData\n    \\Autodesk\\RST 2011\\Imperial Library\n    \\Detail Components\n</pre><p>Retrieving the family library path from the Revit.ini configuration file should be independent of the Revit flavour and the 32 or 64 bit OS version.\n\n<p>Many thanks to Joe for these suggestions.</p></p>"
  }
]