[
  {
    "original_filename": "0478_au_2010_material",
    "header_text": "Introduction",
    "local_header_href": "#introduction",
    "chunk_text": "<head>\n<link href=\"bc.css\" rel=\"stylesheet\" type=\"text/css\"/>\n</head>"
  },
  {
    "original_filename": "0478_au_2010_material",
    "header_text": "Autodesk University 2010 Class Materials",
    "local_header_href": "#autodesk-university-2010-class-materials",
    "chunk_text": "<h3>Autodesk University 2010 Class Materials</h3><p>I submitted the materials for my three \n\n<a href=\"http://thebuildingcoder.typepad.com/blog/2010/09/autodesk-university-2010-classes.html\">\nAutodesk University classes</a> yesterday.\n\nI checked the enrollment numbers at the same time and was a bit surprised: \n\n<ul>\n<li><strong>CP228-2</strong> Optimal Use of New Autodesk Revit 2011 Programming Features, on Revit 2011 API features in general and the Idling event in particular: 154.\n\n<li><strong>CP234-2</strong> Exactly What You Want and Faster: Autodesk Revit 2011 Programming Optimization, on optimisation and benchmarking, especially filtering: 135.\n\n<li><strong>CP316-3U</strong> All Systems Go in Autodesk Revit MEP Programming, an 'Unconference' together with Martin Schmid on the Revit MEP API: 28.\n</li></li></li></ul>\n<p>I had already been notified by the AU management that the unconference on the Revit MEP API was full, so I guess we hit the limit of the capacity of the room there. \nFurthermore, that session is intended to be an open discussion among all participants, so more than thirty would become a bit unwieldy.\n\n<p>I had no idea until now that the other two sessions on the Revit API in general were so popular, though. \nThose will be the biggest sessions I ever held at AU so far.\nVery exciting!\n\n<p>Anyway, the session materials have now been uploaded to the AU site, so registered class participants can look at them there.\n\n<p>Actually, there is no reason why non-participants should not have access to this information as well, so here they are, free for all:\n\n<!--\n\nC:\\a\\doc\\revit\\au\\2010\\doc\\AU10_CP228-2_Revit_2011_API_Features.docx\nC:\\a\\doc\\revit\\au\\2010\\doc\\AU10_CP228-2_Revit_2011_API_Features.pptx\nC:\\a\\doc\\revit\\au\\2010\\doc\\AU10_CP228-2_Revit_2011_API_Features.zip\nC:\\a\\doc\\revit\\au\\2010\\doc\\AU10_CP234-2_Revit_2011_API_Optimization.docx\nC:\\a\\doc\\revit\\au\\2010\\doc\\AU10_CP234-2_Revit_2011_API_Optimization.pptx\nC:\\a\\doc\\revit\\au\\2010\\doc\\AU10_CP234-2_Revit_2011_API_Optimization.zip\nC:\\a\\doc\\revit\\au\\2010\\doc\\AU10_CP316-3U_RME_API.docx\nC:\\a\\doc\\revit\\au\\2010\\doc\\AU10_CP316-3U_RME_API.pptx\nC:\\a\\doc\\revit\\au\\2010\\doc\\AU10_CP316-3U_RME_API.zip\n\n/a/doc/revit/au/2010/doc/AU10_CP228-2_Revit_2011_API_Features.pptx\n/a/doc/revit/au/2010/doc/AU10_CP228-2_Revit_2011_API_Features.zip\n/a/doc/revit/au/2010/doc/AU10_CP234-2_Revit_2011_API_Optimization.docx\n/a/doc/revit/au/2010/doc/AU10_CP234-2_Revit_2011_API_Optimization.pptx\n/a/doc/revit/au/2010/doc/AU10_CP234-2_Revit_2011_API_Optimization.zip\n/a/doc/revit/au/2010/doc/AU10_CP316-3U_RME_API.docx\n/a/doc/revit/au/2010/doc/AU10_CP316-3U_RME_API.pptx\n/a/doc/revit/au/2010/doc/AU10_CP316-3U_RME_API.zip\n\n-->\n<ul>\n<li><strong>CP228-2</strong> Revit 2011 API Features\n\n<ul>\n<li><a href=\"/a/doc/revit/au/2010/doc/AU10_CP228-2_Revit_2011_API_Features.docx\">Handout document</a>\n<li><a href=\"/a/doc/revit/au/2010/doc/AU10_CP228-2_Revit_2011_API_Features.pptx\">Presentation</a>\n<li><a href=\"/a/doc/revit/au/2010/doc/AU10_CP228-2_Revit_2011_API_Features.zip\">Materials</a>\n</li></li></li></ul>\n<li><strong>CP234-2</strong> Optimization and Filtering\n\n<ul>\n<li><a href=\"/a/doc/revit/au/2010/doc/AU10_CP234-2_Revit_2011_API_Optimization.docx\">Handout document</a>\n<li><a href=\"/a/doc/revit/au/2010/doc/AU10_CP234-2_Revit_2011_API_Optimization.pptx\">Presentation</a>\n<li><a href=\"/a/doc/revit/au/2010/doc/AU10_CP234-2_Revit_2011_API_Optimization.zip\">Materials</a>\n</li></li></li></ul>\n<li><strong>CP316-3U</strong> Revit MEP API\n\n<ul>\n<li><a href=\"/a/doc/revit/au/2010/doc/AU10_CP316-3U_RME_API.docx\">Handout document</a>\n<li><a href=\"/a/doc/revit/au/2010/doc/AU10_CP316-3U_RME_API.pptx\">Presentation</a>\n<li><a href=\"/a/doc/revit/au/2010/doc/AU10_CP316-3U_RME_API.zip\">Materials</a>\n</li></li></li></ul>\n</li></li></li></ul>\n<p>If you have any constructive feedback on any of the material, I will be more than pleased to hear it.\nThank you!\n</p></p></p></p></p></p>"
  }
]