[
  {
    "original_filename": "0481_project_vasari",
    "header_text": "Introduction",
    "local_header_href": "#introduction",
    "chunk_text": "<head>\n<link href=\"bc.css\" rel=\"stylesheet\" type=\"text/css\"/>\n</head>"
  },
  {
    "original_filename": "0481_project_vasari",
    "header_text": "Autodesk Project Vasari",
    "local_header_href": "#autodesk-project-vasari",
    "chunk_text": "<h3>Autodesk Project Vasari</h3><object height=\"385\" width=\"640\"><param name=\"movie\" value=\"http://www.youtube.com/v/lYQgVg6gjmw?fs=1&amp;hl=en_US\"/><param name=\"allowFullScreen\" value=\"true\"/><param name=\"allowscriptaccess\" value=\"always\"/><embed allowfullscreen=\"true\" allowscriptaccess=\"always\" height=\"385\" src=\"http://www.youtube.com/v/lYQgVg6gjmw?fs=1&amp;hl=en_US\" type=\"application/x-shockwave-flash\" width=\"640\"/></object><p>Autodesk Project Vasari is an easy-to-use, standalone design tool with analysis capabilities available via the cloud, built on the same technology as Revit, aimed at architectural designers and building energy analysts.  \nIt is focused on conceptual building design using both geometric and parametric modelling and supports performance-based design via integrated energy modelling and analysis features. \nIt is compatible with Revit in that files created with it can be opened using Revit 2011, and vice versa.\nThere are some limitations in that, as a conceptual modeller, Project Vasari does not support certain features, e.g., detailed model elements such as walls, windows, doors, etc. \nThe thinking is that you would start with Project Vasari and then continue with Revit to make more detailed models, not the other way around.\n\n<p>This new technology preview is now available as a \n\n<a href=\"http://labs.autodesk.com/utilities/vasari\">\nfree download and trial on Autodesk Labs</a>.\n\n\n<p>If you are like me, the short text introduction did not yet make it completely clear what Vasari is, but the sixty second \n\n<a href=\"http://www.youtube.com/watch?v=lYQgVg6gjmw\">\nteaser video</a>\n\nis guaranteed to instantly change that.\n\n<p>Here is what some others have already said about it, so I will add nothing further:\n\n<ul>\n<li><a href=\"http://labs.blogs.com/its_alive_in_the_lab/2010/11/project-vasari-technology-preview-now-available.html\">\nAutodesk Labs</a>\n<li><a href=\"http://insidethefactory.typepad.com/my_weblog/2010/11/making-project-vasari.html\">\nInside the Factory\n\n<li><a href=\"http://revitclinic.typepad.com/my_weblog/2010/11/project-vasari.html\">\nRevit Clinic\n\n</a></li></a></li></li></ul>\n</p></p></p></p>"
  }
]