[
  {
    "original_filename": "0485_cs_net_wonders",
    "header_text": "Introduction",
    "local_header_href": "#introduction",
    "chunk_text": "<head>\n<link href=\"bc.css\" rel=\"stylesheet\" type=\"text/css\"/>\n</head>"
  },
  {
    "original_filename": "0485_cs_net_wonders",
    "header_text": "C# and .NET Little Wonders",
    "local_header_href": "#c-and-net-little-wonders",
    "chunk_text": "<h3>C# and .NET Little Wonders</h3><p>I arrived safely in Las Vegas after my various \n\n<a href=\"http://thebuildingcoder.typepad.com/blog/2010/11/failure-api-take-two.html\">\ntravel snafus</a>.\n\n<p>Checking email before bed, I discovered a wonderful new \n\n<a href=\"http://through-the-interface.typepad.com/through_the_interface/2010/11/cnet-little-wonders.html\">\npost of Kean's</a> that\n\nI like so much I will simply go ahead and reproduce it in its entirety:\n\n<p>\n<a href=\"http://geekswithblogs.net/BlackRabbitCoder/Default.aspx\">\nJames Michael Hare</a> has\n\npublished a great series entitled \"C#/.NET Little Wonders\":\n\n<ul>\n<li><a href=\"http://geekswithblogs.net/BlackRabbitCoder/archive/2010/08/26/c.net-five-little-wonders-that-make-code-better-1-of.aspx\">C#/.NET Five Little Wonders (part 1)</a>\n<ol>\n<li>The Null Coalescing Operator ??\n<li>The As Cast\n<li>Auto-Properties\n<li>The Stopwatch Class\n<li>TimeSpan factory methods\n</li></li></li></li></li></ol>\n<li><a href=\"http://geekswithblogs.net/BlackRabbitCoder/archive/2010/09/02/c.net-five-more-little-wonders-that-make-code-better-2.aspx\">C#/.NET Five More Little Wonders (part 2)</a>\n<ol>\n<li>string.IsNullOrEmpty() and string.IsNullOrWhiteSpace()\n<li>string.Equals()\n<li>using Statements\n<li>static Class Modifier\n<li>Object and Collection Initializers\n</li></li></li></li></li></ol>\n<li><a href=\"http://geekswithblogs.net/BlackRabbitCoder/archive/2010/09/09/c.net-five-final-little-wonders-that-make-code-better-3.aspx\">C#/.NET Five Final Little Wonders (part 3)</a>\n<ol>\n<li>Implicit Typing\n<li>LINQ Extension Methods\n<li>Extension Methods\n<li>System.IO.Path\n<li>Generic Delegates\n</li></li></li></li></li></ol>\n<li><a href=\"http://geekswithblogs.net/BlackRabbitCoder/archive/2010/10/21/c.net-little-wonders-todictionary-and-tolist.aspx\">C#/.NET Two More Little Wonders</a>\n<ol>\n<li>The ToList() LINQ Extension Method\n<li>The ToDictionary() LINQ Extension Method\n</li></li></ol>\n</li></li></li></li></ul>\n<p>Just like Kean, I use a number of these tips on a regular basis and was familiar with a few others, but the very first one was new to me.\n\n<p>James also published an\n\n<a href=\"http://geekswithblogs.net/BlackRabbitCoder/archive/2010/11/11/c.net-little-wonders---a-presentation.aspx\">\noverview</a> linking to these various pages and a\n\n<a href=\"http://www.slideshare.net/BlackRabbitCoder/little-wonders-5747749\">\npresentation</a> covering the same ground.\n\n<p>Many thanks to James for creating these and Kean for discovering and pointing them out!\n</p></p></p></p></p></p>"
  }
]