[
  {
    "original_filename": "0490_au_2010_revit_api_track",
    "header_text": "Introduction",
    "local_header_href": "#introduction",
    "chunk_text": "<head>\n<link href=\"bc.css\" rel=\"stylesheet\" type=\"text/css\"/>\n</head>"
  },
  {
    "original_filename": "0490_au_2010_revit_api_track",
    "header_text": "The Revit API Track at AU 2010",
    "local_header_href": "#the-revit-api-track-at-au-2010",
    "chunk_text": "<h3>The Revit API Track at AU 2010</h3><p>I finished my three Revit API classes at Autodesk University and am heading off to the airport to return to Europe and on to further conferences starting in Tel Aviv.\n\n<p>There is such a huge amount of really important and valuable information here, and such a shame that it is rather hard to get at it efficiently.\nYou can obviously search the \n\n<a href=\"http://au.autodesk.com/?nd=au2010_class_catalog\">\nAU class catalogue</a>, but it is hard to filter out all of the interesting Revit API topics.\n\n<p>For your and my own convenience, I put together the following list of links to the Revit API track at AU 2010.\nWould you like a total information overload? \nSimply go to each of these and download the class description, handout, presentation and materials for each.\nNot all of them have been made available yet, unfortunately.\nI already posted \n\n<a href=\"http://thebuildingcoder.typepad.com/blog/2010/11/autodesk-university-2010-class-materials.html\">\nmy materials</a> on\n\nthe blog as well as on the AU site.\n\n<p>Actually, I went ahead and added local links to some of the materials of these classes and marked them D, H, P and M for description, handout, presentation and materials in the following list:\n\n<ul>\n<li>\n<a href=\"http://au.autodesk.com/?nd=event_class&amp;session_id=7542&amp;jid=630205\">\nCP220-2</a> Introduction to the Revit API (Rod Howarth)\n\n<li>\n<a href=\"http://au.autodesk.com/?nd=event_class&amp;session_id=6943&amp;jid=641724\">\nCP228-2</a> Optimal Use of New Revit 2011 Programming Features (Jeremy Tammik)\n\n<li>\n<a href=\"http://au.autodesk.com/?nd=event_class&amp;session_id=7107&amp;jid=616576\">\nCP231-2</a> Putting the \"I\" in BIM: Parameters in the Revit API (Matt Mason \n<a href=\"file:///C:/a/doc/revit/au/2010/doc2/CP231-2%20Putting%20the%20I%20in%20BIM%20Parameters%20in%20the%20Revit%20API.docx\">H</a>)\n\n<li>\n<a href=\"http://au.autodesk.com/?nd=event_class&amp;session_id=7246&amp;jid=746235\">\nCP234-2</a> Exactly What You Want and Faster: Revit 2011 Programming Optimization (Jeremy Tammik)\n\n<li>\n<a href=\"http://au.autodesk.com/?nd=event_class&amp;session_id=6905&amp;jid=620080\">\nCP316-1</a> Presenting Your Analysis Data in Revit Architecture 2011 (Harry Mattison)\n\n<li>\n<a href=\"http://au.autodesk.com/?nd=event_class&amp;session_id=6882&amp;jid=620080\">\nCP316-3U</a> All Systems Go in Revit MEP Programming (Jeremy Tammik)\n\n<li>\n<a href=\"http://au.autodesk.com/?nd=event_class&amp;session_id=6692&amp;jid=624587\">\nCP319-1</a> Analyze Geometry of Buildings Using the Revit API (Scott Conover \n<a href=\"file:///C:/a/doc/revit/au/2010/doc2/CP319-1%20Analyze%20Geometry%20of%20Buildings%20Using%20the%20Revit%20API.docx\">H</a>\n<a href=\"file:///C:/a/doc/revit/au/2010/doc2/CP319-1%20Analyze%20Geometry%20of%20Buildings%20Using%20the%20Revit%20API.pptx\">P</a>\n<a href=\"file:///C:/a/doc/revit/au/2010/doc2/CP319-1%20Analyze%20Geometry%20of%20Buildings%20Using%20the%20Revit%20API.zip\">M</a>)\n\n<li>\n<a href=\"http://au.autodesk.com/?nd=event_class&amp;session_id=6858&amp;jid=746236\">\nCP322-2U</a> The Revit API Clinic (Danny Polkinhorn)\n\n<li>\n<a href=\"http://au.autodesk.com/?nd=event_class&amp;session_id=6843&amp;jid=621486\">\nCP327-1</a> Applied Dynamics: Using Dynamic Model Update in the Revit API (Scott Conover\n<a href=\"file:///C:/a/doc/revit/au/2010/doc2/CP327-1%20Applied%20Dynamics%20Using%20Dynamic%20Model%20Update%20in%20the%20Revit%20API.docx\">H</a>\n<a href=\"file:///C:/a/doc/revit/au/2010/doc2/CP327-1%20Applied%20Dynamics%20Using%20Dynamic%20Model%20Update%20in%20the%20Revit%20API.pptx\">P</a>\n<a href=\"file:///C:/a/doc/revit/au/2010/doc2/CP327-1%20Applied%20Dynamics%20Using%20Dynamic%20Model%20Update%20in%20the%20Revit%20API.zip\">M</a>)\n\n<li>\n<a href=\"http://au.autodesk.com/?nd=event_class&amp;session_id=7304&amp;jid=616556\">\nCP333-1</a> Leveraging the Tail End of the BIM Life Cycle with APIs (Don Rudder\n<a href=\"file:///C:/a/doc/revit/au/2010/doc2/CP333-1%20Leveraging%20the%20Tail%20End%20of%20the%20BIM%20Life%20Cycle%20with%20APIs.pdf\">H</a>)\n\n<li>\n<a href=\"http://au.autodesk.com/?nd=event_class&amp;session_id=6854&amp;jid=614640\">\nCP422-2</a> Autodesk Ecotect to Microsoft Excel to Revit: A Computational Approach to Sustainable Design (Mario Guttman)\n\n<li>\n<a href=\"http://au.autodesk.com/?nd=event_class&amp;session_id=7532&amp;jid=614640\">\nCP430-1</a> Diary of a Wimpy BIM Manager: Tales of In-House Revit API Development for Architects (Iffat Mai\n<a href=\"file:///C:/a/doc/revit/au/2010/doc2/CP430-1%20Diary%20of%20a%20Wimpy%20BIM%20Manager%20Tales%20of%20In-House%20Revit%20API%20Development%20for%20Architects.doc\">H</a>\n<a href=\"file:///C:/a/doc/revit/au/2010/doc2/CP430-1%20Diary%20of%20a%20Wimpy%20BIM%20Manager%20Tales%20of%20In-House%20Revit%20API%20Development%20for%20Architects.ppt\">P</a>\n<a href=\"file:///C:/a/doc/revit/au/2010/doc2/CP430-1%20Diary%20of%20a%20Wimpy%20BIM%20Manager%20Tales%20of%20In-House%20Revit%20API%20Development%20for%20Architects.zip\">M</a>)\n\n<li>\n<a href=\"http://au.autodesk.com/?nd=class&amp;session_id=7018\">\nCP430-3</a> Building WPF .NET User Interfaces for Use in Autodesk Products (Mike King\n<a href=\"file:///C:/a/doc/revit/au/2010/doc2/CP430-3%20Building%20WPF%20.NET%20User%20Interfaces%20for%20Use%20in%20Autodesk%20Products.docx\">H</a>\n<a href=\"file:///C:/a/doc/revit/au/2010/doc2/CP430-3%20Building%20WPF%20.NET%20User%20Interfaces%20for%20Use%20in%20Autodesk%20Products.pptx\">P</a>\n<a href=\"file:///C:/a/doc/revit/au/2010/doc2/CP430-3%20Building%20WPF%20.NET%20User%20Interfaces%20for%20Use%20in%20Autodesk%20Products.zip\">M</a>)\n\n<li>\n<a href=\"http://au.autodesk.com/?nd=event_class&amp;session_id=6757&amp;jid=616597\">\nCP433-1</a> Storing Complex Custom Per-Document and Per-Instance Data with Revit API (Miroslav Schonauer\n<a href=\"file:///C:/a/doc/revit/au/2010/doc2/CP433-1%20Storing%20Complex%20Custom%20Data.docx\">H</a>\n<a href=\"file:///C:/a/doc/revit/au/2010/doc2/CP433-1%20Storing%20Complex%20Custom%20Data.pptx\">P</a>\n<a href=\"file:///C:/a/doc/revit/au/2010/doc2/CP433-1%20Storing%20Complex%20Custom%20Data.zip\">M</a>)\n\n<li>\n<a href=\"http://au.autodesk.com/?nd=class&amp;session_id=7021\">\nCP433-3</a> Opening the Lines of Communication Between Revit and Third-Party Applications (David Rushforth\n<a href=\"file:///C:/a/doc/revit/au/2010/doc2/CP433-3 Communication Between Revit and Third-Party Applications.pdf\">H</a>\n<a href=\"file:///C:/a/doc/revit/au/2010/doc2/CP433-3 Communication Between Revit and Third-Party Applications.pptx\">P</a>\n<a href=\"file:///C:/a/doc/revit/au/2010/doc2/CP433-3 Communication Between Revit and Third-Party Applications.zip\">M</a>)\n\n</li></li></li></li></li></li></li></li></li></li></li></li></li></li></li></ul>\n<p>If you are aware of any classes dealing with the Revit API not included in this list, please let me know and I will update it. \nThank you!\n\n<!-- \n<li><a href=\"\">CP430-5L</a> Building BIM Data Structures Jason Gabel \n<li><a href=\"\">CP436-1L</a> Building BIM Data Structures Jason Gabel \n\n<p><strong>Question:</strong> \n\n<a href=\"\">\n</a>\n\n(<a href=\"\">D</a>, \n<a href=\"\">H</a>, \n<a href=\"\">P</a>,\n<a href=\"\">M</a>)\n\n<p>I in as far as they are already available, and attached them to the links D, H, P and M in the following list:\n\n-->\n</p></p></p></p></p>"
  }
]