[
  {
    "original_filename": "0492_primary_design_option",
    "header_text": "Introduction",
    "local_header_href": "#introduction",
    "chunk_text": "<head>\n<link href=\"bc.css\" rel=\"stylesheet\" type=\"text/css\"/>\n</head>"
  },
  {
    "original_filename": "0492_primary_design_option",
    "header_text": "Primary Design Option",
    "local_header_href": "#primary-design-option",
    "chunk_text": "<h3>Primary Design Option</h3><p>Here is a neat little \n\n<a href=\"http://thebuildingcoder.typepad.com/blog/2009/11/visible-elements.html?cid=6a00e553e168978833013488fe0388970c#comment-6a00e553e168978833013488fe0388970c\">\nidea by Benson</a> on \n\nhow to retrieve the primary design option in a project that has been rattling around in my to-do list for a while now and seems suitable for a Tel Aviv Saturday morning post:\n\n<p>The method DesignOption.GetActiveDesignOptionId exists in the Revit 2011 API, and this method can return the 'active' design option id.\nHowever, it is not the primary design option id.\n\n<p>The DesignOption class property IsPrimary indicates whether a design option is primary.\n\n<p>So, we can iterate though all design options and use that property to determine the primary one.\n\n<p>The Revit 2010 API does not provides the method 'GetActiveDesignOptionId' and property 'IsPrimary', so it seems impossible to get the active design option and primary option in that version.\n\n<p>Thanks to Benson for this hint!\n</p></p></p></p></p></p>"
  }
]