[
  {
    "original_filename": "0499_filter_sample_overview",
    "header_text": "Introduction",
    "local_header_href": "#introduction",
    "chunk_text": "<head>\n<link href=\"bc.css\" rel=\"stylesheet\" type=\"text/css\"/>\n</head>"
  },
  {
    "original_filename": "0499_filter_sample_overview",
    "header_text": "Filtered Element Collector Sample Overview",
    "local_header_href": "#filtered-element-collector-sample-overview",
    "chunk_text": "<h3>Filtered Element Collector Sample Overview</h3><p>The developer conference in Paris went well, and Adam, Partha and I spent a nice day exploring Paris using their wonderful\n\n<a href=\"http://en.wikipedia.org/wiki/V%C3%A9lib%27\">\nvelib</a> bicycle rental system.\n\nYou pay just one euro for a one-day membership.\nIt allows you to pick up and return a bicycle at any one of the city's hundreds of completely automated and networked rental points.\nIf you return the bike within thirty minutes, it is free of charge.\nBeyond that time, it costs a euro or two per half hour extra.\n\n<p>Here are some impressions of our tour; they also have a lot to do with filtering, by the way.\nFirst, here is a happy Karl Osti enjoying a smoke in Vienna airport en route from Moscow to Paris:</p>\n<center>\n<img alt=\"Karlo Osti enjoying a smoke\" src=\"file:////j/photo/jeremy/2010/2010-12-11_devdays_paris/img_0037.jpg\" width=\"400\"/>\n</center>\n<p>He can be retrieved using a dedicated <strong>CarloFilter</strong>, represented here by this smoker's cabin.\n\n<p>Karl, in turn, uses a <strong>MarlboroFilter</strong>.\n\n<p>Here are Adam and Partha using a <strong>BicycleFilter</strong>, after the first leg of rental bicycling up from Bercy along the\n\n<a href=\"http://en.wikipedia.org/wiki/Boulevard_du_Temple\">\nBoulevard du Temple</a>:</p>\n<center>\n<img alt=\"Adam and Partha enjoying the rental bicycles\" src=\"file:////j/photo/jeremy/2010/2010-12-11_devdays_paris/img_0046.jpg\" width=\"400\"/>\n</center>\n<p>Here are the three of us using a <strong>PedestrianBridgeFilter</strong> crossing the\n\n<a href=\"http://en.wikipedia.org/wiki/Canal_Saint-Martin\">Canal Saint-Martin</a> at Quai de Valmy close to the\n<a href=\"http://en.wikipedia.org/wiki/Gare_de_l%27Est\">Gare de l'Est</a>:</p>\n<center>\n<img alt=\"Canal Saint-Martin close to the Gare de l'Est\" src=\"file:////j/photo/jeremy/2010/2010-12-11_devdays_paris/img_0051.jpg\" width=\"400\"/>\n</center>\n<p>And here we are on\n\n<a href=\"http://en.wikipedia.org/wiki/Montmartre\">\nMontmartre</a> in\n\nfront of the\n\n<a href=\"http://en.wikipedia.org/wiki/Basilica_of_the_Sacr%C3%A9_C%C5%93ur\">\nSacre Coeur basilica</a>:</p>\n<center>\n<img alt=\"On Montmartre in front of Sacre Coeur\" src=\"file:////j/photo/jeremy/2010/2010-12-11_devdays_paris/img_0063.jpg\" width=\"400\"/>\n</center>\n<p>More photos are available in the\n\n<a href=\"http://www.facebook.com/album.php?aid=89693&amp;id=1019863650&amp;l=b9583fec63\">\nFacebook album</a>.\n\n<p>Meanwhile, returning to Revit, here is something I have been waiting to do for quite a while now, but new things kept cropping up.\nAfter discussing my own\n\n<a href=\"http://thebuildingcoder.typepad.com/blog/2010/04/collector-benchmark.html\">\nfiltered element collector benchmarks</a> early\n\non in the Revit 2011 release cycle,\n\n<a href=\"http://thebuildingcoder.typepad.com/blog/2010/12/more-kevin-filtering-benchmarks.html\">\nKevin's filtering samples and benchmarks</a> last week,\n\nand a large number of other samples in between,\nI hope that we have covered everything relevant by now and the right moment has finally arrived to present a pretty extensive filtered element collector sample overview:\n\n<!--\n  regex and grep expression to find all htm files with a non-zero count of occurrences of 'collector'\n  grep -i -c collector *htm|grep -v :0\n\n333_collector_benchmark.htm:45\n334_anonymous_methods_vb.htm:26\n344_mirror_new_elements.htm:26\n345_manual_regeneration.htm:1\n346_stairs_on_level.htm:20\n349_migration_steps.htm:1\n350_failure_api.htm:4\n355_view_filter.htm:9\n359_preview_image.htm:5\n360_p2c.htm:6\n368_au_voting.htm:2\n370_revitlookup.htm:6\n371_sheet_size.htm:8\n380_revitwebcam.htm:3\n383_param_filter.htm:35\n384_elem_name_param_filter.htm:7\n392_export_xml.htm:2\n395_set_tag_type.htm:10\n397_filter_all_elements.htm:5\n398_retrieve_mep_elements.htm:7\n\n400_revit_parent_window.htm:1\n402_place_family_instance.htm:6\n404_structural_elements.htm:9\n\n(405_data_grid_view.htm:2\n410_change_element_type.htm:2\n417_linq_vs_tips.htm:2\n418_rst_dmu.htm:2)\n\n423_filter_shared_param.htm:5\n426_filter_non_native_class.htm:13\n(436_au_2010_classes.htm:2\n442_access_curtain_grid_panel.htm:2\n445_view_location_on_sheet.htm:3)\n446_filter_view_phase.htm:10\n\n453_model_elements.htm:10\n454_model_elements.htm:6\n461_measurepanelarea.htm:6\n463_filtered_element_collector.htm:21\n464_level_filter_benchmark.htm:16\n471_place_site_component.htm:7\n474_set_width_requires_regen.htm:1\n476_purge_text_note_types.htm:27\n479_launch_command.htm:10\n488_mirror_in_new_family.htm:6\n489_get_sketch.htm:2\n\n493_xml_family_usage.htm:8\n494_find_intersecting.htm:7\n497_more_kevin_samples.htm:19\n499_filter_sample_overview.htm:9\n\n-->\n<ul>\n<li>My first Revit 2011 plug-in, the <a href=\"http://thebuildingcoder.typepad.com/blog/2010/05/pipe-to-conduit-converter.html\">pipe to conduit converter</a>.</li>\n<li>A very simple collector to retrieve <a href=\"http://thebuildingcoder.typepad.com/blog/2010/06/export-data-to-xml.html\">view sheets</a>.</li>\n<li>Some utility methods to filter for <a href=\"http://thebuildingcoder.typepad.com/blog/2010/06/set-tag-type.html\">levels and types</a> such as door type and a door tag type symbol.</li>\n<li>Retrieving <a href=\"http://thebuildingcoder.typepad.com/blog/2010/04/retrieving-newly-created-elements-in-revit-2011.html\">newly added elements</a>.</li>\n<li>Retrieving <a href=\"http://thebuildingcoder.typepad.com/blog/2010/04/retrieve-stairs-on-level.html\">stairs on a level</a>.</li>\n<li>Retrieving <a href=\"http://thebuildingcoder.typepad.com/blog/2010/04/filter-for-views-and-istemplate-predicate.html\">views</a>.</li>\n<li>Retrieving <a href=\"http://thebuildingcoder.typepad.com/blog/2010/05/get-type-id-and-preview-image.html\">family instances and their family</a>.</li>\n<li>Retrieving <a href=\"http://thebuildingcoder.typepad.com/blog/2010/05/determine-sheet-size.html\">title block symbols and instances</a> to determine the sheet size.</li>\n<li>Retrieving <a href=\"http://thebuildingcoder.typepad.com/blog/2010/06/display-webcam-image-on-building-element-face.html#3\">AVF display styles with a specific name</a>.</li>\n<li>Retrieving <a href=\"http://thebuildingcoder.typepad.com/blog/2010/06/retrieve-mep-elements-and-connectors.html\">MEP elements</a>.</li>\n<li>Retrieving <a href=\"http://thebuildingcoder.typepad.com/blog/2010/07/retrieve-structural-elements.html\">structural elements</a>.</li>\n<li>Retrieving <a href=\"http://thebuildingcoder.typepad.com/blog/2010/11/purge-unused-text-note-types.html\">text notes and text note types</a>.</li>\n<li>Retrieving <a href=\"http://thebuildingcoder.typepad.com/blog/2010/10/selecting-model-elements.html\">\nmodel elements</a>, with some <a href=\"http://thebuildingcoder.typepad.com/blog/2010/10/model-elements-revisited.html\">\nenhancements</a>.</li>\n<li>A <a href=\"http://thebuildingcoder.typepad.com/blog/2010/04/collector-benchmark.html\">collector performance benchmark</a> including several collector samples.</li>\n<li><a href=\"http://thebuildingcoder.typepad.com/blog/2010/04/anonymous-methods-in-vb.html\">Using LINQ and anonymous methods in VB</a>.</li>\n<li>A RevitLookup update and <a href=\"http://thebuildingcoder.typepad.com/blog/2010/05/revitlookup-update.html\">retrieving all database elements</a>.</li>\n<li>Why <a href=\"http://thebuildingcoder.typepad.com/blog/2010/06/filter-for-all-elements.html\"><strong>not</strong> to retrieve all database elements</a>.</li>\n<li>Many examples of <a href=\"http://thebuildingcoder.typepad.com/blog/2010/06/parameter-filter.html\">parameter filters</a>.</li>\n<li><a href=\"http://thebuildingcoder.typepad.com/blog/2010/06/element-name-parameter-filter-correction.html\">Parameter filter for an element name</a>.</li>\n<li><a href=\"http://thebuildingcoder.typepad.com/blog/2010/08/elementparameterfilter-with-a-shared-parameter.html\">Parameter filter for a shared parameter</a>.</li>\n<li>Filtering for a <a href=\"http://thebuildingcoder.typepad.com/blog/2010/08/filtering-for-a-nonnative-class.html\">non-native class</a>, i.e. \"an element type that exists in the API, but not in Revit's native object model\".</li>\n<li>Resolving another non-native class issue, the Panel class in the <a href=\"http://thebuildingcoder.typepad.com/blog/2010/10/measurepanelarea_update.html\">MeasurePanelArea</a> SDK sample.</li>\n<li>Filter for <a href=\"http://thebuildingcoder.typepad.com/blog/2010/09/filter-for-view-and-phase.html\">view and phase</a>.</li>\n<li><a href=\"http://thebuildingcoder.typepad.com/blog/2010/10/level-filter-benchmark.html\">\nLevel filter benchmark</a> comparing Level filter versus parameter filter versus LINQ post-processing to retrieve elements on a given level.</li>\n<li><a href=\"http://thebuildingcoder.typepad.com/blog/2010/12/xml-family-usage-report.html\">\nXML family usage report</a> using FamilySymbolFilter and FamilyInstanceFilter.</li>\n<li>Retrieving <a href=\"http://thebuildingcoder.typepad.com/blog/2010/12/find-intersecting-elements.html\">\nintersecting elements</a> using collector viewId constructor, BoundingBoxIntersectsFilter and exclusion filter.</li>\n<li>Retrieving <a href=\"http://thebuildingcoder.typepad.com/blog/2010/11/launching-a-revit-command.html\">\nwall types with a specific name</a> and <a href=\"http://thebuildingcoder.typepad.com/blog/2010/11/launching-a-revit-command.html\">\nwalls using a specific wall type</a> using parameter filters.</li>\n<li>Kevin's <a href=\"http://thebuildingcoder.typepad.com/blog/2010/10/filtered-element-collectors.html\">\noptimisation tips and tricks</a> presentation.</li>\n<li><a href=\"http://thebuildingcoder.typepad.com/blog/2010/12/more-kevin-filtering-benchmarks.html\">\nKevin's filtering samples and benchmarks</a>.</li>\n</ul>\n<p>I hope this provides a useful knowledge base to enable you to solve all your element retrieval needs.\nObviously, some creativity on your side will also be required.\n</p></p></p></p></p></p>"
  }
]