[
  {
    "original_filename": "0500_candles",
    "header_text": "Introduction",
    "local_header_href": "#introduction",
    "chunk_text": "<head>\n<link href=\"bc.css\" rel=\"stylesheet\" type=\"text/css\"/>\n</head>"
  },
  {
    "original_filename": "0500_candles",
    "header_text": "Pointless 500th Post with Candles",
    "local_header_href": "#pointless-500th-post-with-candles",
    "chunk_text": "<h3>Pointless 500<sup>th</sup> Post with Candles</h3><p>This post is almost pointless.\n\n<p>Actually it does have one point and one point only: to point out The Building Coder 500<sup>th</sup> post anniversary.\n\n<p style=\"text-align:center; font-size:xx-large; font-weight:bold; color:orange; text-decoration:blink;\">Yippiiee!</p>\n<br/>\n<p>I would like to celebrate this with lots of candles:</p>\n<center>\n<img alt=\"Five hundred candles\" src=\"img/500_candles.jpg\"/>\n</center>\n<p>Really it even has two points, because we are here in Gothenburg in Sweden, and today just happens to be one of the most special days in the Swedish calendar, \n\n<a href=\"http://en.wikipedia.org/wiki/Saint_Lucy%27s_Day\">\nLuciadagen</a>, \n\n<a href=\"http://en.wikipedia.org/wiki/Saint_Lucy%27s_Day\">\nSt. Lucy's Day</a>,\n\na celebration of light in the darkness:\n\n<center>\n<object height=\"385\" width=\"480\"><param name=\"movie\" value=\"http://www.youtube.com/v/Mk0FyZqNp5Q?fs=1&amp;hl=en_US\"/><param name=\"allowFullScreen\" value=\"true\"/><param name=\"allowscriptaccess\" value=\"always\"/><embed allowfullscreen=\"true\" allowscriptaccess=\"always\" height=\"385\" src=\"http://www.youtube.com/v/Mk0FyZqNp5Q?fs=1&amp;hl=en_US\" type=\"application/x-shockwave-flash\" width=\"480\"/></object>\n</center>\n<p>I had not thought about that at all, but luckily there was both a bunch of kids singing in the hotel reception when we left in the morning, just like in the little movie above, as well as a couple of people from the neighbouring bank standing in the street outside the Autodesk office when we arrived, offering coffee and a \n\n<a href=\"http://en.wikipedia.org/wiki/Saffron_bun\">Lussekatt</a> to \n\neverybody passing by.\nMmmhhh!\n</p></p></p></p>"
  }
]